2026-08-23 19:00:01,089:    DEBUG: matrix-commander: Debug is turned on. debug count=1
2026-08-23 19:00:01,091:    DEBUG: matrix-commander: Separator is set to "    " of length 4. E.g. Col1    Col2.
2026-08-23 19:00:01,091:    DEBUG: matrix-commander: Encryption is always enabled. It cannot be turned off. Use --tail to disable it for specific use cases.
2026-08-23 19:00:01,092:    DEBUG: matrix-commander: Option --sync is set to full.
2026-08-23 19:00:01,092:    DEBUG: matrix-commander: All arguments are valid. All checks passed.
2026-08-23 19:00:01,092:    DEBUG: matrix-commander: Create directory /root/.run for PID file.
2026-08-23 19:00:01,092:    DEBUG: matrix-commander: Trying to create a PID file to store process id 1.
2026-08-23 19:00:01,092:    DEBUG: matrix-commander: Successfully created PID file "/root/.run/matrix-commander.5c8b9642-7749-4224-a0fe-4f07685b6468.pid" to store process id 1.
2026-08-23 19:00:01,093:    DEBUG: matrix-commander: Python version is "3.11.6 (main, Oct  3 2023, 00:00:00) [GCC 12.3.1 20230508 (Red Hat 12.3.1-1)]"
2026-08-23 19:00:01,093:    DEBUG: matrix-commander: Stdin pipe is assigned to "none".
2026-08-23 19:00:01,093:    DEBUG: matrix-commander: SSL will be used. Default SSL certificate validation will be done for this connection.
2026-08-23 19:00:01,095:    DEBUG: matrix-commander: Credentials file existed. So this is the one we suggest to use. file: /data/credentials.json
2026-08-23 19:00:01,095:    DEBUG: matrix-commander: Found an existing store in directory "/data/store" (local or arguments). It will be used.
2026-08-23 19:00:01,095:    DEBUG: matrix-commander: Starting to read credentials file.
2026-08-23 19:00:01,095:    DEBUG: matrix-commander: Finished reading credentials file.
2026-08-23 19:00:01,095:    DEBUG: matrix-commander: About to configure Matrix Async Client.
2026-08-23 19:00:01,095:    DEBUG: matrix-commander: About to initialize Matrix Async Client.
2026-08-23 19:00:01,095:    DEBUG: matrix-commander: About to restore login.
2026-08-23 19:00:01,118:    DEBUG: matrix-commander: Finished restoring login.
2026-08-23 19:00:01,119:    DEBUG: matrix-commander: Login will be using stored credentials from credentials file "/data/credentials.json". room_id = !73b4457d-1c9a-4fdf-ba39-2b766b8918b7:localhost, device_id = 832f934361, access_token = 8***c.
2026-08-23 19:00:01,119:    DEBUG: matrix-commander: About to connect to server to verify connection.
2026-08-23 19:00:01,158:    DEBUG: matrix-commander: restore_login successful. Successfully logged in as user @alice:localhost via restore_login. Response is: WhoamiResponse(uuid='', start_time=None, end_time=None, timeout=0, transport_response=<ClientResponse(http://localhost/_matrix/client/v3/account/whoami) [200 OK]>
<CIMultiDictProxy('Content-Type': 'application/json; charset=UTF-8', 'x-response-time': '20ms', 'Content-Length': '55', 'Date': 'Sun, 23 Aug 2026 19:00:01 GMT')>
, user_id='@alice:localhost', device_id='832f934361', is_guest=False)
2026-08-23 19:00:01,212:    DEBUG: matrix-commander: Listening type: forever
This program is ready and listening for its Matrix messages. To stop program type Control-C on keyboard or send signal to process 1. PID can also be found in file "/root/.run/matrix-commander.5c8b9642-7749-4224-a0fe-4f07685b6468.pid".
2026-08-23 19:00:04,651:  WARNING:  nio.events.misc: Error validating event: 'msgtype' is a required property

Failed validating 'required' in schema['properties']['content']:
    {'type': 'object',
     'properties': {'msgtype': {'type': 'string'}},
     'required': ['msgtype']}

On instance['content']:
    {'body': 'hello from A'}
2026-08-23 19:00:04,652:  WARNING:  nio.events.misc: Error validating event: 'msgtype' is a required property

Failed validating 'required' in schema['properties']['content']:
    {'type': 'object',
     'properties': {'msgtype': {'type': 'string'}},
     'required': ['msgtype']}

On instance['content']:
    {'body': 'hello from A'}
2026-08-23 19:00:04,655:  WARNING:  nio.events.misc: Error validating event: 'msgtype' is a required property

Failed validating 'required' in schema['properties']['content']:
    {'type': 'object',
     'properties': {'msgtype': {'type': 'string'}},
     'required': ['msgtype']}

On instance['content']:
    {'body': 'hello from A'}
2026-08-23 19:00:04,728:  WARNING:  nio.events.misc: Error validating event: 'msgtype' is a required property

Failed validating 'required' in schema['properties']['content']:
    {'type': 'object',
     'properties': {'msgtype': {'type': 'string'}},
     'required': ['msgtype']}

On instance['content']:
    {'body': 'validator fresh proof'}
2026-08-23 19:00:04,739:    DEBUG: matrix-commander: message_callback(): for room <nio.rooms.MatrixRoom object at 0x7f93c0f8cb50> received this event: type: <class 'nio.events.room_events.RoomMessageText'>, event_id: $nno29u7fo0a28436g7slln2gfh7ik8rp, event: @bob:localhost: real client, real commits
2026-08-23 19:00:04,739:    DEBUG: matrix-commander: event.server_timestamp = 1787510273619
2026-08-23 19:00:04,739:    DEBUG: matrix-commander: event_datetime = 2026-08-23 18:37:53
2026-08-23 19:00:04,739:    DEBUG: matrix-commander: type(msg) = <class 'str'>. msg is a string
2026-08-23 19:00:04,739:    DEBUG: matrix-commander: Message received for room @dev:localhost [!73b4457d-1c9a-4fdf-ba39-2b766b8918b7:localhost] | sender bob [@bob:localhost] | 2026-08-23 18:37:53 | real client, real commits
Message received for room @dev:localhost [!73b4457d-1c9a-4fdf-ba39-2b766b8918b7:localhost] | sender bob [@bob:localhost] | 2026-08-23 18:37:53 | real client, real commits
2026-08-23 19:00:04,739:    DEBUG: matrix-commander: message_callback(): for room <nio.rooms.MatrixRoom object at 0x7f93c0f8cb50> received this event: type: <class 'nio.events.room_events.RoomMessageText'>, event_id: $u28rq0vbllog9kthp4bco09916n38hv5, event: @bob:localhost: act1 re-verify after sync swap
2026-08-23 19:00:04,739:    DEBUG: matrix-commander: event.server_timestamp = 1787511563392
2026-08-23 19:00:04,739:    DEBUG: matrix-commander: event_datetime = 2026-08-23 18:59:23
2026-08-23 19:00:04,740:    DEBUG: matrix-commander: type(msg) = <class 'str'>. msg is a string
2026-08-23 19:00:04,740:    DEBUG: matrix-commander: Message received for room @dev:localhost [!73b4457d-1c9a-4fdf-ba39-2b766b8918b7:localhost] | sender bob [@bob:localhost] | 2026-08-23 18:59:23 | act1 re-verify after sync swap
Message received for room @dev:localhost [!73b4457d-1c9a-4fdf-ba39-2b766b8918b7:localhost] | sender bob [@bob:localhost] | 2026-08-23 18:59:23 | act1 re-verify after sync swap
2026-08-23 19:00:04,740:    DEBUG: matrix-commander: message_callback(): for room <nio.rooms.MatrixRoom object at 0x7f93c0f8f890> received this event: type: <class 'nio.events.room_events.RoomMessageText'>, event_id: $sqn4GeMhrK2yLF9pojh9KtlJx6JHJ8CcWH5hMQHd0sk, event: @dev:localhost: bench 0
2026-08-23 19:00:04,740:    DEBUG: matrix-commander: event.server_timestamp = 1787511351709
2026-08-23 19:00:04,740:    DEBUG: matrix-commander: event_datetime = 2026-08-23 18:55:51
2026-08-23 19:00:04,740:    DEBUG: matrix-commander: type(msg) = <class 'str'>. msg is a string
2026-08-23 19:00:04,740:    DEBUG: matrix-commander: Message received for room @dev:localhost [!bench:localhost] | sender @dev:localhost [@dev:localhost] | 2026-08-23 18:55:51 | bench 0
Message received for room @dev:localhost [!bench:localhost] | sender @dev:localhost [@dev:localhost] | 2026-08-23 18:55:51 | bench 0
2026-08-23 19:00:04,740:    DEBUG: matrix-commander: message_callback(): for room <nio.rooms.MatrixRoom object at 0x7f93c0f8f890> received this event: type: <class 'nio.events.room_events.RoomMessageText'>, event_id: $ynLwjA3IOz7YoqAwahkFZcTskPkdJz_TRQwVV21Vaa0, event: @dev:localhost: bench 1
2026-08-23 19:00:04,740:    DEBUG: matrix-commander: event.server_timestamp = 1787511351957
2026-08-23 19:00:04,740:    DEBUG: matrix-commander: event_datetime = 2026-08-23 18:55:51
2026-08-23 19:00:04,740:    DEBUG: matrix-commander: type(msg) = <class 'str'>. msg is a string
2026-08-23 19:00:04,740:    DEBUG: matrix-commander: Message received for room @dev:localhost [!bench:localhost] | sender @dev:localhost [@dev:localhost] | 2026-08-23 18:55:51 | bench 1
2026-08-23 19:00:04,740:    DEBUG: matrix-commander: message_callback(): for room <nio.rooms.MatrixRoom object at 0x7f93c0f8f890> received this event: type: <class 'nio.events.room_events.RoomMessageText'>, event_id: $JH2XgjbIDCPPafUR_4Kb04_AB-E8EnvzbQcIs07rlB4, event: @dev:localhost: bench 2
Message received for room @dev:localhost [!bench:localhost] | sender @dev:localhost [@dev:localhost] | 2026-08-23 18:55:51 | bench 1
2026-08-23 19:00:04,740:    DEBUG: matrix-commander: event.server_timestamp = 1787511352180
2026-08-23 19:00:04,740:    DEBUG: matrix-commander: event_datetime = 2026-08-23 18:55:52
2026-08-23 19:00:04,740:    DEBUG: matrix-commander: type(msg) = <class 'str'>. msg is a string
2026-08-23 19:00:04,741:    DEBUG: matrix-commander: Message received for room @dev:localhost [!bench:localhost] | sender @dev:localhost [@dev:localhost] | 2026-08-23 18:55:52 | bench 2
Message received for room @dev:localhost [!bench:localhost] | sender @dev:localhost [@dev:localhost] | 2026-08-23 18:55:52 | bench 2
2026-08-23 19:00:04,741:    DEBUG: matrix-commander: message_callback(): for room <nio.rooms.MatrixRoom object at 0x7f93c0f8f890> received this event: type: <class 'nio.events.room_events.RoomMessageText'>, event_id: $Z6rOTt5PJZM6zYVtPPodq0Sv8FI0wvRDAP88IjDxt8A, event: @dev:localhost: bench 3
2026-08-23 19:00:04,741:    DEBUG: matrix-commander: event.server_timestamp = 1787511352403
2026-08-23 19:00:04,741:    DEBUG: matrix-commander: event_datetime = 2026-08-23 18:55:52
2026-08-23 19:00:04,741:    DEBUG: matrix-commander: type(msg) = <class 'str'>. msg is a string
2026-08-23 19:00:04,741:    DEBUG: matrix-commander: Message received for room @dev:localhost [!bench:localhost] | sender @dev:localhost [@dev:localhost] | 2026-08-23 18:55:52 | bench 3
Message received for room @dev:localhost [!bench:localhost] | sender @dev:localhost [@dev:localhost] | 2026-08-23 18:55:52 | bench 3
2026-08-23 19:00:04,741:    DEBUG: matrix-commander: message_callback(): for room <nio.rooms.MatrixRoom object at 0x7f93c0f8f890> received this event: type: <class 'nio.events.room_events.RoomMessageText'>, event_id: $cqYC6afyGJlz1P-d1_v1f6WMO5fqdJZRtr9tc9QEluE, event: @dev:localhost: bench 4
2026-08-23 19:00:04,741:    DEBUG: matrix-commander: event.server_timestamp = 1787511352629
2026-08-23 19:00:04,741:    DEBUG: matrix-commander: event_datetime = 2026-08-23 18:55:52
2026-08-23 19:00:04,741:    DEBUG: matrix-commander: type(msg) = <class 'str'>. msg is a string
2026-08-23 19:00:04,741:    DEBUG: matrix-commander: Message received for room @dev:localhost [!bench:localhost] | sender @dev:localhost [@dev:localhost] | 2026-08-23 18:55:52 | bench 4
Message received for room @dev:localhost [!bench:localhost] | sender @dev:localhost [@dev:localhost] | 2026-08-23 18:55:52 | bench 4
2026-08-23 19:00:04,741:    DEBUG: matrix-commander: message_callback(): for room <nio.rooms.MatrixRoom object at 0x7f93c0f8f890> received this event: type: <class 'nio.events.room_events.RoomMessageText'>, event_id: $sgk7nNR6M6fUaxcKrAceIn1rK0dDyZk76pXz9sE32d0, event: @dev:localhost: bench 5
2026-08-23 19:00:04,741:    DEBUG: matrix-commander: event.server_timestamp = 1787511352846
2026-08-23 19:00:04,741:    DEBUG: matrix-commander: event_datetime = 2026-08-23 18:55:52
2026-08-23 19:00:04,741:    DEBUG: matrix-commander: type(msg) = <class 'str'>. msg is a string
2026-08-23 19:00:04,742:    DEBUG: matrix-commander: Message received for room @dev:localhost [!bench:localhost] | sender @dev:localhost [@dev:localhost] | 2026-08-23 18:55:52 | bench 5
2026-08-23 19:00:04,742:    DEBUG: matrix-commander: message_callback(): for room <nio.rooms.MatrixRoom object at 0x7f93c0f8f890> received this event: type: <class 'nio.events.room_events.RoomMessageText'>, event_id: $AhDjm7uE6Z4gcM-KMWAG1PEyN-UIUgQ2ZHW6CKpoqH4, event: @dev:localhost: bench 6
2026-08-23 19:00:04,742:    DEBUG: matrix-commander: event.server_timestamp = 1787511353062
2026-08-23 19:00:04,742:    DEBUG: matrix-commander: event_datetime = 2026-08-23 18:55:53
2026-08-23 19:00:04,742:    DEBUG: matrix-commander: type(msg) = <class 'str'>. msg is a string
2026-08-23 19:00:04,742:    DEBUG: matrix-commander: Message received for room @dev:localhost [!bench:localhost] | sender @dev:localhost [@dev:localhost] | 2026-08-23 18:55:53 | bench 6
2026-08-23 19:00:04,742:    DEBUG: matrix-commander: message_callback(): for room <nio.rooms.MatrixRoom object at 0x7f93c0f8f890> received this event: type: <class 'nio.events.room_events.RoomMessageText'>, event_id: $edLKx7raT7DvBFWHRVM1esmD1Izmi-TC5tIZtyHQ2RA, event: @dev:localhost: bench 7
Message received for room @dev:localhost [!bench:localhost] | sender @dev:localhost [@dev:localhost] | 2026-08-23 18:55:52 | bench 5
Message received for room @dev:localhost [!bench:localhost] | sender @dev:localhost [@dev:localhost] | 2026-08-23 18:55:53 | bench 6
2026-08-23 19:00:04,742:    DEBUG: matrix-commander: event.server_timestamp = 1787511353290
2026-08-23 19:00:04,742:    DEBUG: matrix-commander: event_datetime = 2026-08-23 18:55:53
2026-08-23 19:00:04,742:    DEBUG: matrix-commander: type(msg) = <class 'str'>. msg is a string
2026-08-23 19:00:04,742:    DEBUG: matrix-commander: Message received for room @dev:localhost [!bench:localhost] | sender @dev:localhost [@dev:localhost] | 2026-08-23 18:55:53 | bench 7
Message received for room @dev:localhost [!bench:localhost] | sender @dev:localhost [@dev:localhost] | 2026-08-23 18:55:53 | bench 7
2026-08-23 19:00:04,742:    DEBUG: matrix-commander: message_callback(): for room <nio.rooms.MatrixRoom object at 0x7f93c0f8f890> received this event: type: <class 'nio.events.room_events.RoomMessageText'>, event_id: $hta_izhMhasshUbBDrnSioWFXeNn1CFgVpU5p8myhjc, event: @dev:localhost: bench 8
2026-08-23 19:00:04,742:    DEBUG: matrix-commander: event.server_timestamp = 1787511353512
2026-08-23 19:00:04,742:    DEBUG: matrix-commander: event_datetime = 2026-08-23 18:55:53
2026-08-23 19:00:04,742:    DEBUG: matrix-commander: type(msg) = <class 'str'>. msg is a string
2026-08-23 19:00:04,743:    DEBUG: matrix-commander: Message received for room @dev:localhost [!bench:localhost] | sender @dev:localhost [@dev:localhost] | 2026-08-23 18:55:53 | bench 8
Message received for room @dev:localhost [!bench:localhost] | sender @dev:localhost [@dev:localhost] | 2026-08-23 18:55:53 | bench 8
2026-08-23 19:00:04,743:    DEBUG: matrix-commander: message_callback(): for room <nio.rooms.MatrixRoom object at 0x7f93c0f8f890> received this event: type: <class 'nio.events.room_events.RoomMessageText'>, event_id: $SeG6zDHVcFRUxdHNAgnQF2dof6yd1LoNJcEgEduFpAA, event: @dev:localhost: bench 9
2026-08-23 19:00:04,743:    DEBUG: matrix-commander: event.server_timestamp = 1787511353731
2026-08-23 19:00:04,743:    DEBUG: matrix-commander: event_datetime = 2026-08-23 18:55:53
2026-08-23 19:00:04,743:    DEBUG: matrix-commander: type(msg) = <class 'str'>. msg is a string
2026-08-23 19:00:04,743:    DEBUG: matrix-commander: Message received for room @dev:localhost [!bench:localhost] | sender @dev:localhost [@dev:localhost] | 2026-08-23 18:55:53 | bench 9
Message received for room @dev:localhost [!bench:localhost] | sender @dev:localhost [@dev:localhost] | 2026-08-23 18:55:53 | bench 9
2026-08-23 19:00:04,743:    DEBUG: matrix-commander: message_callback(): for room <nio.rooms.MatrixRoom object at 0x7f93c0f8f890> received this event: type: <class 'nio.events.room_events.RoomMessageText'>, event_id: $857y7Kc6vrzk-zahX_pQPADvDQ4K0pe_aI6Hx9DIOdc, event: @dev:localhost: bench 10
2026-08-23 19:00:04,743:    DEBUG: matrix-commander: event.server_timestamp = 1787511353959
2026-08-23 19:00:04,743:    DEBUG: matrix-commander: event_datetime = 2026-08-23 18:55:53
2026-08-23 19:00:04,743:    DEBUG: matrix-commander: type(msg) = <class 'str'>. msg is a string
2026-08-23 19:00:04,743:    DEBUG: matrix-commander: Message received for room @dev:localhost [!bench:localhost] | sender @dev:localhost [@dev:localhost] | 2026-08-23 18:55:53 | bench 10
Message received for room @dev:localhost [!bench:localhost] | sender @dev:localhost [@dev:localhost] | 2026-08-23 18:55:53 | bench 10
2026-08-23 19:00:04,743:    DEBUG: matrix-commander: message_callback(): for room <nio.rooms.MatrixRoom object at 0x7f93c0f8f890> received this event: type: <class 'nio.events.room_events.RoomMessageText'>, event_id: $Wd75gZC68tq4fi7MKP7mTPQMU0KOH4wMGrBdGxS8vUI, event: @dev:localhost: bench 11
2026-08-23 19:00:04,743:    DEBUG: matrix-commander: event.server_timestamp = 1787511354178
2026-08-23 19:00:04,743:    DEBUG: matrix-commander: event_datetime = 2026-08-23 18:55:54
2026-08-23 19:00:04,743:    DEBUG: matrix-commander: type(msg) = <class 'str'>. msg is a string
2026-08-23 19:00:04,743:    DEBUG: matrix-commander: Message received for room @dev:localhost [!bench:localhost] | sender @dev:localhost [@dev:localhost] | 2026-08-23 18:55:54 | bench 11
Message received for room @dev:localhost [!bench:localhost] | sender @dev:localhost [@dev:localhost] | 2026-08-23 18:55:54 | bench 11
2026-08-23 19:00:04,743:    DEBUG: matrix-commander: message_callback(): for room <nio.rooms.MatrixRoom object at 0x7f93c0f8f890> received this event: type: <class 'nio.events.room_events.RoomMessageText'>, event_id: $sjhwViXe0VNVcBHkdQRoHNdNQQA9L9bC2Rwn-hKRWkI, event: @dev:localhost: bench 12
2026-08-23 19:00:04,743:    DEBUG: matrix-commander: event.server_timestamp = 1787511354388
2026-08-23 19:00:04,743:    DEBUG: matrix-commander: event_datetime = 2026-08-23 18:55:54
2026-08-23 19:00:04,744:    DEBUG: matrix-commander: type(msg) = <class 'str'>. msg is a string
2026-08-23 19:00:04,744:    DEBUG: matrix-commander: Message received for room @dev:localhost [!bench:localhost] | sender @dev:localhost [@dev:localhost] | 2026-08-23 18:55:54 | bench 12
Message received for room @dev:localhost [!bench:localhost] | sender @dev:localhost [@dev:localhost] | 2026-08-23 18:55:54 | bench 12
2026-08-23 19:00:04,744:    DEBUG: matrix-commander: message_callback(): for room <nio.rooms.MatrixRoom object at 0x7f93c0f8f890> received this event: type: <class 'nio.events.room_events.RoomMessageText'>, event_id: $jsuGRQP73GlA7phWc_M1mRRh24TXYt_mo4omfTFOseo, event: @dev:localhost: bench 13
2026-08-23 19:00:04,744:    DEBUG: matrix-commander: event.server_timestamp = 1787511354605
2026-08-23 19:00:04,744:    DEBUG: matrix-commander: event_datetime = 2026-08-23 18:55:54
2026-08-23 19:00:04,744:    DEBUG: matrix-commander: type(msg) = <class 'str'>. msg is a string
2026-08-23 19:00:04,744:    DEBUG: matrix-commander: Message received for room @dev:localhost [!bench:localhost] | sender @dev:localhost [@dev:localhost] | 2026-08-23 18:55:54 | bench 13
Message received for room @dev:localhost [!bench:localhost] | sender @dev:localhost [@dev:localhost] | 2026-08-23 18:55:54 | bench 13
2026-08-23 19:00:04,744:    DEBUG: matrix-commander: message_callback(): for room <nio.rooms.MatrixRoom object at 0x7f93c0f8f890> received this event: type: <class 'nio.events.room_events.RoomMessageText'>, event_id: $zbIswENzaVTp7gERlHKthMMyUdCul2uQe0tt8wThBGw, event: @dev:localhost: bench 14
2026-08-23 19:00:04,744:    DEBUG: matrix-commander: event.server_timestamp = 1787511354822
2026-08-23 19:00:04,744:    DEBUG: matrix-commander: event_datetime = 2026-08-23 18:55:54
2026-08-23 19:00:04,744:    DEBUG: matrix-commander: type(msg) = <class 'str'>. msg is a string
2026-08-23 19:00:04,744:    DEBUG: matrix-commander: Message received for room @dev:localhost [!bench:localhost] | sender @dev:localhost [@dev:localhost] | 2026-08-23 18:55:54 | bench 14
Message received for room @dev:localhost [!bench:localhost] | sender @dev:localhost [@dev:localhost] | 2026-08-23 18:55:54 | bench 14
2026-08-23 19:00:04,744:    DEBUG: matrix-commander: message_callback(): for room <nio.rooms.MatrixRoom object at 0x7f93c0f8f890> received this event: type: <class 'nio.events.room_events.RoomMessageText'>, event_id: $y95b99N_m47F_70jZyl2LNYYxFCtBLmf89C7RPO__ME, event: @dev:localhost: bench 15
2026-08-23 19:00:04,744:    DEBUG: matrix-commander: event.server_timestamp = 1787511355047
2026-08-23 19:00:04,744:    DEBUG: matrix-commander: event_datetime = 2026-08-23 18:55:55
2026-08-23 19:00:04,744:    DEBUG: matrix-commander: type(msg) = <class 'str'>. msg is a string
2026-08-23 19:00:04,744:    DEBUG: matrix-commander: Message received for room @dev:localhost [!bench:localhost] | sender @dev:localhost [@dev:localhost] | 2026-08-23 18:55:55 | bench 15
Message received for room @dev:localhost [!bench:localhost] | sender @dev:localhost [@dev:localhost] | 2026-08-23 18:55:55 | bench 15
2026-08-23 19:00:04,745:    DEBUG: matrix-commander: message_callback(): for room <nio.rooms.MatrixRoom object at 0x7f93c0f8f890> received this event: type: <class 'nio.events.room_events.RoomMessageText'>, event_id: $PY2wouhPZs-rniHGSyNlvEBySAbsqHufS4rWLe54whA, event: @dev:localhost: bench 16
2026-08-23 19:00:04,745:    DEBUG: matrix-commander: event.server_timestamp = 1787511355257
2026-08-23 19:00:04,745:    DEBUG: matrix-commander: event_datetime = 2026-08-23 18:55:55
2026-08-23 19:00:04,745:    DEBUG: matrix-commander: type(msg) = <class 'str'>. msg is a string
2026-08-23 19:00:04,745:    DEBUG: matrix-commander: Message received for room @dev:localhost [!bench:localhost] | sender @dev:localhost [@dev:localhost] | 2026-08-23 18:55:55 | bench 16
Message received for room @dev:localhost [!bench:localhost] | sender @dev:localhost [@dev:localhost] | 2026-08-23 18:55:55 | bench 16
2026-08-23 19:00:04,745:    DEBUG: matrix-commander: message_callback(): for room <nio.rooms.MatrixRoom object at 0x7f93c0f8f890> received this event: type: <class 'nio.events.room_events.RoomMessageText'>, event_id: $F-wSj3Cqcq41c4OxWc9iWmloPL9PIJB11z2NVaIosWs, event: @dev:localhost: bench 17
2026-08-23 19:00:04,745:    DEBUG: matrix-commander: event.server_timestamp = 1787511355462
2026-08-23 19:00:04,745:    DEBUG: matrix-commander: event_datetime = 2026-08-23 18:55:55
2026-08-23 19:00:04,745:    DEBUG: matrix-commander: type(msg) = <class 'str'>. msg is a string
2026-08-23 19:00:04,745:    DEBUG: matrix-commander: Message received for room @dev:localhost [!bench:localhost] | sender @dev:localhost [@dev:localhost] | 2026-08-23 18:55:55 | bench 17
Message received for room @dev:localhost [!bench:localhost] | sender @dev:localhost [@dev:localhost] | 2026-08-23 18:55:55 | bench 17
2026-08-23 19:00:04,745:    DEBUG: matrix-commander: message_callback(): for room <nio.rooms.MatrixRoom object at 0x7f93c0f8f890> received this event: type: <class 'nio.events.room_events.RoomMessageText'>, event_id: $GWsfIjkJ45fG3Oz2ny6dRWxdbPuKEZI55u7_GJJYoKM, event: @dev:localhost: bench 18
2026-08-23 19:00:04,745:    DEBUG: matrix-commander: event.server_timestamp = 1787511355674
2026-08-23 19:00:04,745:    DEBUG: matrix-commander: event_datetime = 2026-08-23 18:55:55
2026-08-23 19:00:04,745:    DEBUG: matrix-commander: type(msg) = <class 'str'>. msg is a string
2026-08-23 19:00:04,745:    DEBUG: matrix-commander: Message received for room @dev:localhost [!bench:localhost] | sender @dev:localhost [@dev:localhost] | 2026-08-23 18:55:55 | bench 18
Message received for room @dev:localhost [!bench:localhost] | sender @dev:localhost [@dev:localhost] | 2026-08-23 18:55:55 | bench 18
2026-08-23 19:00:04,745:    DEBUG: matrix-commander: message_callback(): for room <nio.rooms.MatrixRoom object at 0x7f93c0f8f890> received this event: type: <class 'nio.events.room_events.RoomMessageText'>, event_id: $anlDl8ErwzvYl-NaAYxEMGIcxMZLctIPOHowL1OCmuc, event: @dev:localhost: bench 19
2026-08-23 19:00:04,745:    DEBUG: matrix-commander: event.server_timestamp = 1787511355903
2026-08-23 19:00:04,746:    DEBUG: matrix-commander: event_datetime = 2026-08-23 18:55:55
2026-08-23 19:00:04,746:    DEBUG: matrix-commander: type(msg) = <class 'str'>. msg is a string
2026-08-23 19:00:04,746:    DEBUG: matrix-commander: Message received for room @dev:localhost [!bench:localhost] | sender @dev:localhost [@dev:localhost] | 2026-08-23 18:55:55 | bench 19
Message received for room @dev:localhost [!bench:localhost] | sender @dev:localhost [@dev:localhost] | 2026-08-23 18:55:55 | bench 19
2026-08-23 19:00:04,746:    DEBUG: matrix-commander: message_callback(): for room <nio.rooms.MatrixRoom object at 0x7f93c0f8f890> received this event: type: <class 'nio.events.room_events.RoomMessageText'>, event_id: $9fnnM0kda3kkMLpf8-HCghSG-rt5lhsZTv2khrM14jg, event: @dev:localhost: bench 20
2026-08-23 19:00:04,746:    DEBUG: matrix-commander: event.server_timestamp = 1787511356141
2026-08-23 19:00:04,746:    DEBUG: matrix-commander: event_datetime = 2026-08-23 18:55:56
2026-08-23 19:00:04,746:    DEBUG: matrix-commander: type(msg) = <class 'str'>. msg is a string
2026-08-23 19:00:04,746:    DEBUG: matrix-commander: Message received for room @dev:localhost [!bench:localhost] | sender @dev:localhost [@dev:localhost] | 2026-08-23 18:55:56 | bench 20
Message received for room @dev:localhost [!bench:localhost] | sender @dev:localhost [@dev:localhost] | 2026-08-23 18:55:56 | bench 20
2026-08-23 19:00:04,746:    DEBUG: matrix-commander: message_callback(): for room <nio.rooms.MatrixRoom object at 0x7f93c0f8f890> received this event: type: <class 'nio.events.room_events.RoomMessageText'>, event_id: $VxofTwr6DpKJAbOODSZyM2b3g2XqbWAg_ffxErRRRKU, event: @dev:localhost: bench 21
2026-08-23 19:00:04,746:    DEBUG: matrix-commander: event.server_timestamp = 1787511356377
2026-08-23 19:00:04,746:    DEBUG: matrix-commander: event_datetime = 2026-08-23 18:55:56
2026-08-23 19:00:04,746:    DEBUG: matrix-commander: type(msg) = <class 'str'>. msg is a string
Message received for room @dev:localhost [!bench:localhost] | sender @dev:localhost [@dev:localhost] | 2026-08-23 18:55:56 | bench 21
2026-08-23 19:00:04,746:    DEBUG: matrix-commander: Message received for room @dev:localhost [!bench:localhost] | sender @dev:localhost [@dev:localhost] | 2026-08-23 18:55:56 | bench 21
2026-08-23 19:00:04,746:    DEBUG: matrix-commander: message_callback(): for room <nio.rooms.MatrixRoom object at 0x7f93c0f8f890> received this event: type: <class 'nio.events.room_events.RoomMessageText'>, event_id: $bV3yWqSXXIjZ_5GM6JkvkboHM1CBOw_xml3BuUrHXT4, event: @dev:localhost: bench 22
2026-08-23 19:00:04,746:    DEBUG: matrix-commander: event.server_timestamp = 1787511356593
2026-08-23 19:00:04,746:    DEBUG: matrix-commander: event_datetime = 2026-08-23 18:55:56
2026-08-23 19:00:04,746:    DEBUG: matrix-commander: type(msg) = <class 'str'>. msg is a string
2026-08-23 19:00:04,746:    DEBUG: matrix-commander: Message received for room @dev:localhost [!bench:localhost] | sender @dev:localhost [@dev:localhost] | 2026-08-23 18:55:56 | bench 22
Message received for room @dev:localhost [!bench:localhost] | sender @dev:localhost [@dev:localhost] | 2026-08-23 18:55:56 | bench 22
2026-08-23 19:00:04,746:    DEBUG: matrix-commander: message_callback(): for room <nio.rooms.MatrixRoom object at 0x7f93c0f8f890> received this event: type: <class 'nio.events.room_events.RoomMessageText'>, event_id: $gsYHc_d2L1b45g6oaRGpemS5JBMUW1CkVMyFwBeBQ00, event: @dev:localhost: bench 23
2026-08-23 19:00:04,746:    DEBUG: matrix-commander: event.server_timestamp = 1787511356815
2026-08-23 19:00:04,746:    DEBUG: matrix-commander: event_datetime = 2026-08-23 18:55:56
2026-08-23 19:00:04,747:    DEBUG: matrix-commander: type(msg) = <class 'str'>. msg is a string
2026-08-23 19:00:04,747:    DEBUG: matrix-commander: Message received for room @dev:localhost [!bench:localhost] | sender @dev:localhost [@dev:localhost] | 2026-08-23 18:55:56 | bench 23
Message received for room @dev:localhost [!bench:localhost] | sender @dev:localhost [@dev:localhost] | 2026-08-23 18:55:56 | bench 23
2026-08-23 19:00:04,747:    DEBUG: matrix-commander: message_callback(): for room <nio.rooms.MatrixRoom object at 0x7f93c0f8f890> received this event: type: <class 'nio.events.room_events.RoomMessageText'>, event_id: $bykV3FaTo8VLZHykeR21xgJ06OoXuHw9dhLqQqDQlvE, event: @dev:localhost: bench 24
2026-08-23 19:00:04,747:    DEBUG: matrix-commander: event.server_timestamp = 1787511357027
2026-08-23 19:00:04,747:    DEBUG: matrix-commander: event_datetime = 2026-08-23 18:55:57
2026-08-23 19:00:04,747:    DEBUG: matrix-commander: type(msg) = <class 'str'>. msg is a string
Message received for room @dev:localhost [!bench:localhost] | sender @dev:localhost [@dev:localhost] | 2026-08-23 18:55:57 | bench 24
2026-08-23 19:00:04,747:    DEBUG: matrix-commander: Message received for room @dev:localhost [!bench:localhost] | sender @dev:localhost [@dev:localhost] | 2026-08-23 18:55:57 | bench 24
2026-08-23 19:00:04,747:    DEBUG: matrix-commander: message_callback(): for room <nio.rooms.MatrixRoom object at 0x7f93c0f8f890> received this event: type: <class 'nio.events.room_events.RoomMessageText'>, event_id: $v8WfGEFGbHJGFIal4CwJ-UIAspGyLYEEnWC_xx0F1Sc, event: @dev:localhost: bench 25
2026-08-23 19:00:04,747:    DEBUG: matrix-commander: event.server_timestamp = 1787511357253
2026-08-23 19:00:04,747:    DEBUG: matrix-commander: event_datetime = 2026-08-23 18:55:57
2026-08-23 19:00:04,747:    DEBUG: matrix-commander: type(msg) = <class 'str'>. msg is a string
2026-08-23 19:00:04,747:    DEBUG: matrix-commander: Message received for room @dev:localhost [!bench:localhost] | sender @dev:localhost [@dev:localhost] | 2026-08-23 18:55:57 | bench 25
Message received for room @dev:localhost [!bench:localhost] | sender @dev:localhost [@dev:localhost] | 2026-08-23 18:55:57 | bench 25
2026-08-23 19:00:04,747:    DEBUG: matrix-commander: message_callback(): for room <nio.rooms.MatrixRoom object at 0x7f93c0f8f890> received this event: type: <class 'nio.events.room_events.RoomMessageText'>, event_id: $SvXjNkiNzAkCy1FyR3ygiUYFxIz4FU5hga60iuzoq_w, event: @dev:localhost: bench 26
2026-08-23 19:00:04,747:    DEBUG: matrix-commander: event.server_timestamp = 1787511357469
2026-08-23 19:00:04,747:    DEBUG: matrix-commander: event_datetime = 2026-08-23 18:55:57
2026-08-23 19:00:04,747:    DEBUG: matrix-commander: type(msg) = <class 'str'>. msg is a string
2026-08-23 19:00:04,747:    DEBUG: matrix-commander: Message received for room @dev:localhost [!bench:localhost] | sender @dev:localhost [@dev:localhost] | 2026-08-23 18:55:57 | bench 26
Message received for room @dev:localhost [!bench:localhost] | sender @dev:localhost [@dev:localhost] | 2026-08-23 18:55:57 | bench 26
2026-08-23 19:00:04,747:    DEBUG: matrix-commander: message_callback(): for room <nio.rooms.MatrixRoom object at 0x7f93c0f8f890> received this event: type: <class 'nio.events.room_events.RoomMessageText'>, event_id: $_0JY2lE3d_iwVM1CEhfm42KzhKSu-IgIfMVbfEpvfqo, event: @dev:localhost: bench 27
2026-08-23 19:00:04,747:    DEBUG: matrix-commander: event.server_timestamp = 1787511357680
2026-08-23 19:00:04,748:    DEBUG: matrix-commander: event_datetime = 2026-08-23 18:55:57
2026-08-23 19:00:04,748:    DEBUG: matrix-commander: type(msg) = <class 'str'>. msg is a string
2026-08-23 19:00:04,748:    DEBUG: matrix-commander: Message received for room @dev:localhost [!bench:localhost] | sender @dev:localhost [@dev:localhost] | 2026-08-23 18:55:57 | bench 27
Message received for room @dev:localhost [!bench:localhost] | sender @dev:localhost [@dev:localhost] | 2026-08-23 18:55:57 | bench 27
2026-08-23 19:00:04,748:    DEBUG: matrix-commander: message_callback(): for room <nio.rooms.MatrixRoom object at 0x7f93c0f8f890> received this event: type: <class 'nio.events.room_events.RoomMessageText'>, event_id: $fAr2nhm3odcWcjLtwn0XIVmKrlBqv3ZbOt5w0rPbS6s, event: @dev:localhost: bench 28
2026-08-23 19:00:04,748:    DEBUG: matrix-commander: event.server_timestamp = 1787511357901
2026-08-23 19:00:04,748:    DEBUG: matrix-commander: event_datetime = 2026-08-23 18:55:57
2026-08-23 19:00:04,748:    DEBUG: matrix-commander: type(msg) = <class 'str'>. msg is a string
2026-08-23 19:00:04,748:    DEBUG: matrix-commander: Message received for room @dev:localhost [!bench:localhost] | sender @dev:localhost [@dev:localhost] | 2026-08-23 18:55:57 | bench 28
Message received for room @dev:localhost [!bench:localhost] | sender @dev:localhost [@dev:localhost] | 2026-08-23 18:55:57 | bench 28
2026-08-23 19:00:04,748:    DEBUG: matrix-commander: message_callback(): for room <nio.rooms.MatrixRoom object at 0x7f93c0f8f890> received this event: type: <class 'nio.events.room_events.RoomMessageText'>, event_id: $WCIp3E0-e82bah1UZu4rODpV5df1kwDXjQD_FYgcOq4, event: @dev:localhost: bench 29
2026-08-23 19:00:04,748:    DEBUG: matrix-commander: event.server_timestamp = 1787511358138
2026-08-23 19:00:04,748:    DEBUG: matrix-commander: event_datetime = 2026-08-23 18:55:58
2026-08-23 19:00:04,748:    DEBUG: matrix-commander: type(msg) = <class 'str'>. msg is a string
2026-08-23 19:00:04,748:    DEBUG: matrix-commander: Message received for room @dev:localhost [!bench:localhost] | sender @dev:localhost [@dev:localhost] | 2026-08-23 18:55:58 | bench 29
Message received for room @dev:localhost [!bench:localhost] | sender @dev:localhost [@dev:localhost] | 2026-08-23 18:55:58 | bench 29
2026-08-23 19:00:04,748:    DEBUG: matrix-commander: message_callback(): for room <nio.rooms.MatrixRoom object at 0x7f93c0f8f890> received this event: type: <class 'nio.events.room_events.RoomMessageText'>, event_id: $QOHHO9Q1DdpWuRSF6Cjuu-ISz6_oigMVFJ2jziHcH3Q, event: @dev:localhost: bench 30
2026-08-23 19:00:04,748:    DEBUG: matrix-commander: event.server_timestamp = 1787511358366
2026-08-23 19:00:04,748:    DEBUG: matrix-commander: event_datetime = 2026-08-23 18:55:58
2026-08-23 19:00:04,748:    DEBUG: matrix-commander: type(msg) = <class 'str'>. msg is a string
2026-08-23 19:00:04,748:    DEBUG: matrix-commander: Message received for room @dev:localhost [!bench:localhost] | sender @dev:localhost [@dev:localhost] | 2026-08-23 18:55:58 | bench 30
Message received for room @dev:localhost [!bench:localhost] | sender @dev:localhost [@dev:localhost] | 2026-08-23 18:55:58 | bench 30
2026-08-23 19:00:04,748:    DEBUG: matrix-commander: message_callback(): for room <nio.rooms.MatrixRoom object at 0x7f93c0f8f890> received this event: type: <class 'nio.events.room_events.RoomMessageText'>, event_id: $zEEZFj6cBD2f4b09tmkYZyFcVKwdMD32Q9yktIlxGIM, event: @dev:localhost: bench 31
2026-08-23 19:00:04,748:    DEBUG: matrix-commander: event.server_timestamp = 1787511358565
2026-08-23 19:00:04,748:    DEBUG: matrix-commander: event_datetime = 2026-08-23 18:55:58
2026-08-23 19:00:04,748:    DEBUG: matrix-commander: type(msg) = <class 'str'>. msg is a string
2026-08-23 19:00:04,749:    DEBUG: matrix-commander: Message received for room @dev:localhost [!bench:localhost] | sender @dev:localhost [@dev:localhost] | 2026-08-23 18:55:58 | bench 31
Message received for room @dev:localhost [!bench:localhost] | sender @dev:localhost [@dev:localhost] | 2026-08-23 18:55:58 | bench 31
2026-08-23 19:00:04,749:    DEBUG: matrix-commander: message_callback(): for room <nio.rooms.MatrixRoom object at 0x7f93c0f8f890> received this event: type: <class 'nio.events.room_events.RoomMessageText'>, event_id: $m_w_CYgCmYg87SoVN23Gj_z8LgmR0hAvitYOB-Qwvvc, event: @dev:localhost: bench 32
2026-08-23 19:00:04,749:    DEBUG: matrix-commander: event.server_timestamp = 1787511358772
2026-08-23 19:00:04,749:    DEBUG: matrix-commander: event_datetime = 2026-08-23 18:55:58
2026-08-23 19:00:04,749:    DEBUG: matrix-commander: type(msg) = <class 'str'>. msg is a string
2026-08-23 19:00:04,749:    DEBUG: matrix-commander: Message received for room @dev:localhost [!bench:localhost] | sender @dev:localhost [@dev:localhost] | 2026-08-23 18:55:58 | bench 32
Message received for room @dev:localhost [!bench:localhost] | sender @dev:localhost [@dev:localhost] | 2026-08-23 18:55:58 | bench 32
2026-08-23 19:00:04,749:    DEBUG: matrix-commander: message_callback(): for room <nio.rooms.MatrixRoom object at 0x7f93c0f8f890> received this event: type: <class 'nio.events.room_events.RoomMessageText'>, event_id: $sSz2btQ_EgF6e3M-xlsSiVUVeHfcqUoJHchj8Jt7LV8, event: @dev:localhost: bench 33
2026-08-23 19:00:04,749:    DEBUG: matrix-commander: event.server_timestamp = 1787511358974
2026-08-23 19:00:04,749:    DEBUG: matrix-commander: event_datetime = 2026-08-23 18:55:58
2026-08-23 19:00:04,749:    DEBUG: matrix-commander: type(msg) = <class 'str'>. msg is a string
2026-08-23 19:00:04,749:    DEBUG: matrix-commander: Message received for room @dev:localhost [!bench:localhost] | sender @dev:localhost [@dev:localhost] | 2026-08-23 18:55:58 | bench 33
Message received for room @dev:localhost [!bench:localhost] | sender @dev:localhost [@dev:localhost] | 2026-08-23 18:55:58 | bench 33
2026-08-23 19:00:04,749:    DEBUG: matrix-commander: message_callback(): for room <nio.rooms.MatrixRoom object at 0x7f93c0f8f890> received this event: type: <class 'nio.events.room_events.RoomMessageText'>, event_id: $8IyIian4FUanE6IK4CDA8RpfTN0aVp7qv97Ah50uHMk, event: @dev:localhost: bench 34
2026-08-23 19:00:04,749:    DEBUG: matrix-commander: event.server_timestamp = 1787511359185
2026-08-23 19:00:04,749:    DEBUG: matrix-commander: event_datetime = 2026-08-23 18:55:59
2026-08-23 19:00:04,749:    DEBUG: matrix-commander: type(msg) = <class 'str'>. msg is a string
2026-08-23 19:00:04,749:    DEBUG: matrix-commander: Message received for room @dev:localhost [!bench:localhost] | sender @dev:localhost [@dev:localhost] | 2026-08-23 18:55:59 | bench 34
Message received for room @dev:localhost [!bench:localhost] | sender @dev:localhost [@dev:localhost] | 2026-08-23 18:55:59 | bench 34
2026-08-23 19:00:04,749:    DEBUG: matrix-commander: message_callback(): for room <nio.rooms.MatrixRoom object at 0x7f93c0f8f890> received this event: type: <class 'nio.events.room_events.RoomMessageText'>, event_id: $6uqQJRr_yT2QHtPCT7RMvG2MRns2EdkQO7KjCFHHBnY, event: @dev:localhost: bench 35
2026-08-23 19:00:04,749:    DEBUG: matrix-commander: event.server_timestamp = 1787511359407
2026-08-23 19:00:04,749:    DEBUG: matrix-commander: event_datetime = 2026-08-23 18:55:59
2026-08-23 19:00:04,749:    DEBUG: matrix-commander: type(msg) = <class 'str'>. msg is a string
2026-08-23 19:00:04,749:    DEBUG: matrix-commander: Message received for room @dev:localhost [!bench:localhost] | sender @dev:localhost [@dev:localhost] | 2026-08-23 18:55:59 | bench 35
Message received for room @dev:localhost [!bench:localhost] | sender @dev:localhost [@dev:localhost] | 2026-08-23 18:55:59 | bench 35
2026-08-23 19:00:04,749:    DEBUG: matrix-commander: message_callback(): for room <nio.rooms.MatrixRoom object at 0x7f93c0f8f890> received this event: type: <class 'nio.events.room_events.RoomMessageText'>, event_id: $0BuTlv_G6NH2I1Mawkz2mUXuStCxgvRrz1E2pBK4now, event: @dev:localhost: bench 36
2026-08-23 19:00:04,749:    DEBUG: matrix-commander: event.server_timestamp = 1787511359633
2026-08-23 19:00:04,749:    DEBUG: matrix-commander: event_datetime = 2026-08-23 18:55:59
2026-08-23 19:00:04,749:    DEBUG: matrix-commander: type(msg) = <class 'str'>. msg is a string
2026-08-23 19:00:04,749:    DEBUG: matrix-commander: Message received for room @dev:localhost [!bench:localhost] | sender @dev:localhost [@dev:localhost] | 2026-08-23 18:55:59 | bench 36
Message received for room @dev:localhost [!bench:localhost] | sender @dev:localhost [@dev:localhost] | 2026-08-23 18:55:59 | bench 36
2026-08-23 19:00:04,750:    DEBUG: matrix-commander: message_callback(): for room <nio.rooms.MatrixRoom object at 0x7f93c0f8f890> received this event: type: <class 'nio.events.room_events.RoomMessageText'>, event_id: $2uNgH-Jmm_l9oT-ENQwy-jKPZUqELpgoSJ1VN9gDF-w, event: @dev:localhost: bench 37
2026-08-23 19:00:04,750:    DEBUG: matrix-commander: event.server_timestamp = 1787511359837
2026-08-23 19:00:04,750:    DEBUG: matrix-commander: event_datetime = 2026-08-23 18:55:59
2026-08-23 19:00:04,750:    DEBUG: matrix-commander: type(msg) = <class 'str'>. msg is a string
2026-08-23 19:00:04,750:    DEBUG: matrix-commander: Message received for room @dev:localhost [!bench:localhost] | sender @dev:localhost [@dev:localhost] | 2026-08-23 18:55:59 | bench 37
Message received for room @dev:localhost [!bench:localhost] | sender @dev:localhost [@dev:localhost] | 2026-08-23 18:55:59 | bench 37
2026-08-23 19:00:04,750:    DEBUG: matrix-commander: message_callback(): for room <nio.rooms.MatrixRoom object at 0x7f93c0f8f890> received this event: type: <class 'nio.events.room_events.RoomMessageText'>, event_id: $gcP8173aszsjwLsyyjaMVk66CtHVb7_BsKUbz9UzgFs, event: @dev:localhost: bench 38
2026-08-23 19:00:04,750:    DEBUG: matrix-commander: event.server_timestamp = 1787511360118
2026-08-23 19:00:04,750:    DEBUG: matrix-commander: event_datetime = 2026-08-23 18:56:00
2026-08-23 19:00:04,750:    DEBUG: matrix-commander: type(msg) = <class 'str'>. msg is a string
2026-08-23 19:00:04,750:    DEBUG: matrix-commander: Message received for room @dev:localhost [!bench:localhost] | sender @dev:localhost [@dev:localhost] | 2026-08-23 18:56:00 | bench 38
Message received for room @dev:localhost [!bench:localhost] | sender @dev:localhost [@dev:localhost] | 2026-08-23 18:56:00 | bench 38
2026-08-23 19:00:04,750:    DEBUG: matrix-commander: message_callback(): for room <nio.rooms.MatrixRoom object at 0x7f93c0f8f890> received this event: type: <class 'nio.events.room_events.RoomMessageText'>, event_id: $kStBzZNPRRCJJ7SiUr3-uubzgYWEHWMS-xX1ouKTaXs, event: @dev:localhost: bench 39
2026-08-23 19:00:04,750:    DEBUG: matrix-commander: event.server_timestamp = 1787511360349
2026-08-23 19:00:04,750:    DEBUG: matrix-commander: event_datetime = 2026-08-23 18:56:00
2026-08-23 19:00:04,750:    DEBUG: matrix-commander: type(msg) = <class 'str'>. msg is a string
2026-08-23 19:00:04,750:    DEBUG: matrix-commander: Message received for room @dev:localhost [!bench:localhost] | sender @dev:localhost [@dev:localhost] | 2026-08-23 18:56:00 | bench 39
Message received for room @dev:localhost [!bench:localhost] | sender @dev:localhost [@dev:localhost] | 2026-08-23 18:56:00 | bench 39
2026-08-23 19:00:04,750:    DEBUG: matrix-commander: message_callback(): for room <nio.rooms.MatrixRoom object at 0x7f93c0f8f890> received this event: type: <class 'nio.events.room_events.RoomMessageText'>, event_id: $sttp8kXq1x3sn3Oi4LBaGodW_qdFfV0ffQkyPlfSj9s, event: @dev:localhost: bench 40
2026-08-23 19:00:04,750:    DEBUG: matrix-commander: event.server_timestamp = 1787511360568
2026-08-23 19:00:04,750:    DEBUG: matrix-commander: event_datetime = 2026-08-23 18:56:00
2026-08-23 19:00:04,750:    DEBUG: matrix-commander: type(msg) = <class 'str'>. msg is a string
Message received for room @dev:localhost [!bench:localhost] | sender @dev:localhost [@dev:localhost] | 2026-08-23 18:56:00 | bench 40
2026-08-23 19:00:04,750:    DEBUG: matrix-commander: Message received for room @dev:localhost [!bench:localhost] | sender @dev:localhost [@dev:localhost] | 2026-08-23 18:56:00 | bench 40
2026-08-23 19:00:04,750:    DEBUG: matrix-commander: message_callback(): for room <nio.rooms.MatrixRoom object at 0x7f93c0f8f890> received this event: type: <class 'nio.events.room_events.RoomMessageText'>, event_id: $U3DZ9xkiVLIhuzPOjiCNmnOZK7T7dpQ_2E1Yme3ANcg, event: @dev:localhost: bench 41
2026-08-23 19:00:04,750:    DEBUG: matrix-commander: event.server_timestamp = 1787511360785
2026-08-23 19:00:04,750:    DEBUG: matrix-commander: event_datetime = 2026-08-23 18:56:00
2026-08-23 19:00:04,750:    DEBUG: matrix-commander: type(msg) = <class 'str'>. msg is a string
2026-08-23 19:00:04,750:    DEBUG: matrix-commander: Message received for room @dev:localhost [!bench:localhost] | sender @dev:localhost [@dev:localhost] | 2026-08-23 18:56:00 | bench 41
Message received for room @dev:localhost [!bench:localhost] | sender @dev:localhost [@dev:localhost] | 2026-08-23 18:56:00 | bench 41
2026-08-23 19:00:04,751:    DEBUG: matrix-commander: message_callback(): for room <nio.rooms.MatrixRoom object at 0x7f93c0f8f890> received this event: type: <class 'nio.events.room_events.RoomMessageText'>, event_id: $BZTqNzoKmHbodI2q56xXZbJyB0i1Pj618QbWMm2Nwec, event: @dev:localhost: bench 42
2026-08-23 19:00:04,751:    DEBUG: matrix-commander: event.server_timestamp = 1787511360986
2026-08-23 19:00:04,751:    DEBUG: matrix-commander: event_datetime = 2026-08-23 18:56:00
2026-08-23 19:00:04,751:    DEBUG: matrix-commander: type(msg) = <class 'str'>. msg is a string
Message received for room @dev:localhost [!bench:localhost] | sender @dev:localhost [@dev:localhost] | 2026-08-23 18:56:00 | bench 42
2026-08-23 19:00:04,751:    DEBUG: matrix-commander: Message received for room @dev:localhost [!bench:localhost] | sender @dev:localhost [@dev:localhost] | 2026-08-23 18:56:00 | bench 42
2026-08-23 19:00:04,751:    DEBUG: matrix-commander: message_callback(): for room <nio.rooms.MatrixRoom object at 0x7f93c0f8f890> received this event: type: <class 'nio.events.room_events.RoomMessageText'>, event_id: $LoMdFVy9ubLxKGBCBDLvXBofGPY3iCNbUQTt_iUFynE, event: @dev:localhost: bench 43
2026-08-23 19:00:04,751:    DEBUG: matrix-commander: event.server_timestamp = 1787511361196
2026-08-23 19:00:04,751:    DEBUG: matrix-commander: event_datetime = 2026-08-23 18:56:01
2026-08-23 19:00:04,751:    DEBUG: matrix-commander: type(msg) = <class 'str'>. msg is a string
2026-08-23 19:00:04,751:    DEBUG: matrix-commander: Message received for room @dev:localhost [!bench:localhost] | sender @dev:localhost [@dev:localhost] | 2026-08-23 18:56:01 | bench 43
Message received for room @dev:localhost [!bench:localhost] | sender @dev:localhost [@dev:localhost] | 2026-08-23 18:56:01 | bench 43
2026-08-23 19:00:04,751:    DEBUG: matrix-commander: message_callback(): for room <nio.rooms.MatrixRoom object at 0x7f93c0f8f890> received this event: type: <class 'nio.events.room_events.RoomMessageText'>, event_id: $EaXwFnAd4WCvJGcthu8Je73JdUlbkoMLFX7bDLtuYzI, event: @dev:localhost: bench 44
2026-08-23 19:00:04,751:    DEBUG: matrix-commander: event.server_timestamp = 1787511361396
2026-08-23 19:00:04,751:    DEBUG: matrix-commander: event_datetime = 2026-08-23 18:56:01
2026-08-23 19:00:04,751:    DEBUG: matrix-commander: type(msg) = <class 'str'>. msg is a string
2026-08-23 19:00:04,751:    DEBUG: matrix-commander: Message received for room @dev:localhost [!bench:localhost] | sender @dev:localhost [@dev:localhost] | 2026-08-23 18:56:01 | bench 44
Message received for room @dev:localhost [!bench:localhost] | sender @dev:localhost [@dev:localhost] | 2026-08-23 18:56:01 | bench 44
2026-08-23 19:00:04,752:    DEBUG: matrix-commander: message_callback(): for room <nio.rooms.MatrixRoom object at 0x7f93c0f8f890> received this event: type: <class 'nio.events.room_events.RoomMessageText'>, event_id: $lhMj03H4AV35YViAwdYA8pBgduZsnv7PKNyHyPrdGZs, event: @dev:localhost: bench 45
2026-08-23 19:00:04,752:    DEBUG: matrix-commander: event.server_timestamp = 1787511361608
2026-08-23 19:00:04,752:    DEBUG: matrix-commander: event_datetime = 2026-08-23 18:56:01
2026-08-23 19:00:04,752:    DEBUG: matrix-commander: type(msg) = <class 'str'>. msg is a string
2026-08-23 19:00:04,752:    DEBUG: matrix-commander: Message received for room @dev:localhost [!bench:localhost] | sender @dev:localhost [@dev:localhost] | 2026-08-23 18:56:01 | bench 45
Message received for room @dev:localhost [!bench:localhost] | sender @dev:localhost [@dev:localhost] | 2026-08-23 18:56:01 | bench 45
2026-08-23 19:00:04,752:    DEBUG: matrix-commander: message_callback(): for room <nio.rooms.MatrixRoom object at 0x7f93c0f8f890> received this event: type: <class 'nio.events.room_events.RoomMessageText'>, event_id: $pXKN-7F5ENQJRgbvI8JNFLlWOvi5mTZSTwHFVgNTF6M, event: @dev:localhost: bench 46
2026-08-23 19:00:04,752:    DEBUG: matrix-commander: event.server_timestamp = 1787511361833
2026-08-23 19:00:04,752:    DEBUG: matrix-commander: event_datetime = 2026-08-23 18:56:01
2026-08-23 19:00:04,752:    DEBUG: matrix-commander: type(msg) = <class 'str'>. msg is a string
2026-08-23 19:00:04,752:    DEBUG: matrix-commander: Message received for room @dev:localhost [!bench:localhost] | sender @dev:localhost [@dev:localhost] | 2026-08-23 18:56:01 | bench 46
Message received for room @dev:localhost [!bench:localhost] | sender @dev:localhost [@dev:localhost] | 2026-08-23 18:56:01 | bench 46
2026-08-23 19:00:04,752:    DEBUG: matrix-commander: message_callback(): for room <nio.rooms.MatrixRoom object at 0x7f93c0f8f890> received this event: type: <class 'nio.events.room_events.RoomMessageText'>, event_id: $vu6KUKutYSkODUf_oLPUqMZ6ZA0St7esboYUn5Po7fg, event: @dev:localhost: bench 47
2026-08-23 19:00:04,752:    DEBUG: matrix-commander: event.server_timestamp = 1787511362049
2026-08-23 19:00:04,752:    DEBUG: matrix-commander: event_datetime = 2026-08-23 18:56:02
2026-08-23 19:00:04,752:    DEBUG: matrix-commander: type(msg) = <class 'str'>. msg is a string
2026-08-23 19:00:04,752:    DEBUG: matrix-commander: Message received for room @dev:localhost [!bench:localhost] | sender @dev:localhost [@dev:localhost] | 2026-08-23 18:56:02 | bench 47
Message received for room @dev:localhost [!bench:localhost] | sender @dev:localhost [@dev:localhost] | 2026-08-23 18:56:02 | bench 47
2026-08-23 19:00:04,752:    DEBUG: matrix-commander: message_callback(): for room <nio.rooms.MatrixRoom object at 0x7f93c0f8f890> received this event: type: <class 'nio.events.room_events.RoomMessageText'>, event_id: $OfOzB0e88BF3XcPC9A8krL3ZefeCWaMKoiPe0ysSzJo, event: @dev:localhost: bench 48
2026-08-23 19:00:04,752:    DEBUG: matrix-commander: event.server_timestamp = 1787511362254
2026-08-23 19:00:04,752:    DEBUG: matrix-commander: event_datetime = 2026-08-23 18:56:02
2026-08-23 19:00:04,752:    DEBUG: matrix-commander: type(msg) = <class 'str'>. msg is a string
2026-08-23 19:00:04,752:    DEBUG: matrix-commander: Message received for room @dev:localhost [!bench:localhost] | sender @dev:localhost [@dev:localhost] | 2026-08-23 18:56:02 | bench 48
Message received for room @dev:localhost [!bench:localhost] | sender @dev:localhost [@dev:localhost] | 2026-08-23 18:56:02 | bench 48
2026-08-23 19:00:04,752:    DEBUG: matrix-commander: message_callback(): for room <nio.rooms.MatrixRoom object at 0x7f93c0f8f890> received this event: type: <class 'nio.events.room_events.RoomMessageText'>, event_id: $0EpcaE7bIfHGkZk6eBLORLY1cARap_uy_Wj_33Hqwz4, event: @dev:localhost: bench 49
2026-08-23 19:00:04,752:    DEBUG: matrix-commander: event.server_timestamp = 1787511362467
2026-08-23 19:00:04,752:    DEBUG: matrix-commander: event_datetime = 2026-08-23 18:56:02
2026-08-23 19:00:04,752:    DEBUG: matrix-commander: type(msg) = <class 'str'>. msg is a string
2026-08-23 19:00:04,752:    DEBUG: matrix-commander: Message received for room @dev:localhost [!bench:localhost] | sender @dev:localhost [@dev:localhost] | 2026-08-23 18:56:02 | bench 49
Message received for room @dev:localhost [!bench:localhost] | sender @dev:localhost [@dev:localhost] | 2026-08-23 18:56:02 | bench 49
2026-08-23 19:00:04,752:    DEBUG: matrix-commander: message_callback(): for room <nio.rooms.MatrixRoom object at 0x7f93c0f8f890> received this event: type: <class 'nio.events.room_events.RoomMessageText'>, event_id: $RL3qIsNI5Dd6b-abRpHx4Yk4UW0JpMSZvj5LrM1v6LA, event: @dev:localhost: bench 50
2026-08-23 19:00:04,752:    DEBUG: matrix-commander: event.server_timestamp = 1787511362673
2026-08-23 19:00:04,752:    DEBUG: matrix-commander: event_datetime = 2026-08-23 18:56:02
2026-08-23 19:00:04,753:    DEBUG: matrix-commander: type(msg) = <class 'str'>. msg is a string
2026-08-23 19:00:04,753:    DEBUG: matrix-commander: Message received for room @dev:localhost [!bench:localhost] | sender @dev:localhost [@dev:localhost] | 2026-08-23 18:56:02 | bench 50
Message received for room @dev:localhost [!bench:localhost] | sender @dev:localhost [@dev:localhost] | 2026-08-23 18:56:02 | bench 50
2026-08-23 19:00:04,753:    DEBUG: matrix-commander: message_callback(): for room <nio.rooms.MatrixRoom object at 0x7f93c0f8f890> received this event: type: <class 'nio.events.room_events.RoomMessageText'>, event_id: $-utLFVb14kH60rxi6QhFjVpc6FCDg3rygWqy-NxWo2I, event: @dev:localhost: bench 51
2026-08-23 19:00:04,753:    DEBUG: matrix-commander: event.server_timestamp = 1787511362892
2026-08-23 19:00:04,753:    DEBUG: matrix-commander: event_datetime = 2026-08-23 18:56:02
2026-08-23 19:00:04,753:    DEBUG: matrix-commander: type(msg) = <class 'str'>. msg is a string
2026-08-23 19:00:04,753:    DEBUG: matrix-commander: Message received for room @dev:localhost [!bench:localhost] | sender @dev:localhost [@dev:localhost] | 2026-08-23 18:56:02 | bench 51
Message received for room @dev:localhost [!bench:localhost] | sender @dev:localhost [@dev:localhost] | 2026-08-23 18:56:02 | bench 51
2026-08-23 19:00:04,753:    DEBUG: matrix-commander: message_callback(): for room <nio.rooms.MatrixRoom object at 0x7f93c0f8f890> received this event: type: <class 'nio.events.room_events.RoomMessageText'>, event_id: $d1deCQiqDWIzMlDVGBOGgQ9k7gvFeR86WgrDAVfHKdw, event: @dev:localhost: bench 52
2026-08-23 19:00:04,753:    DEBUG: matrix-commander: event.server_timestamp = 1787511363075
2026-08-23 19:00:04,753:    DEBUG: matrix-commander: event_datetime = 2026-08-23 18:56:03
2026-08-23 19:00:04,753:    DEBUG: matrix-commander: type(msg) = <class 'str'>. msg is a string
Message received for room @dev:localhost [!bench:localhost] | sender @dev:localhost [@dev:localhost] | 2026-08-23 18:56:03 | bench 52
2026-08-23 19:00:04,753:    DEBUG: matrix-commander: Message received for room @dev:localhost [!bench:localhost] | sender @dev:localhost [@dev:localhost] | 2026-08-23 18:56:03 | bench 52
2026-08-23 19:00:04,753:    DEBUG: matrix-commander: message_callback(): for room <nio.rooms.MatrixRoom object at 0x7f93c0f8f890> received this event: type: <class 'nio.events.room_events.RoomMessageText'>, event_id: $13eEm5GM8cNG8QGPNLfD-IknZVf78D80MMoP8NWPrcY, event: @dev:localhost: bench 53
2026-08-23 19:00:04,753:    DEBUG: matrix-commander: event.server_timestamp = 1787511363264
2026-08-23 19:00:04,753:    DEBUG: matrix-commander: event_datetime = 2026-08-23 18:56:03
2026-08-23 19:00:04,753:    DEBUG: matrix-commander: type(msg) = <class 'str'>. msg is a string
2026-08-23 19:00:04,753:    DEBUG: matrix-commander: Message received for room @dev:localhost [!bench:localhost] | sender @dev:localhost [@dev:localhost] | 2026-08-23 18:56:03 | bench 53
Message received for room @dev:localhost [!bench:localhost] | sender @dev:localhost [@dev:localhost] | 2026-08-23 18:56:03 | bench 53
2026-08-23 19:00:04,753:    DEBUG: matrix-commander: message_callback(): for room <nio.rooms.MatrixRoom object at 0x7f93c0f8f890> received this event: type: <class 'nio.events.room_events.RoomMessageText'>, event_id: $-KXh_aLdLawHFRBdG4DSI0bsmiEA6HFBQBIpdlBFyzM, event: @dev:localhost: bench 54
2026-08-23 19:00:04,753:    DEBUG: matrix-commander: event.server_timestamp = 1787511363446
2026-08-23 19:00:04,753:    DEBUG: matrix-commander: event_datetime = 2026-08-23 18:56:03
2026-08-23 19:00:04,753:    DEBUG: matrix-commander: type(msg) = <class 'str'>. msg is a string
2026-08-23 19:00:04,753:    DEBUG: matrix-commander: Message received for room @dev:localhost [!bench:localhost] | sender @dev:localhost [@dev:localhost] | 2026-08-23 18:56:03 | bench 54
Message received for room @dev:localhost [!bench:localhost] | sender @dev:localhost [@dev:localhost] | 2026-08-23 18:56:03 | bench 54
2026-08-23 19:00:04,753:    DEBUG: matrix-commander: message_callback(): for room <nio.rooms.MatrixRoom object at 0x7f93c0f8f890> received this event: type: <class 'nio.events.room_events.RoomMessageText'>, event_id: $qTio0_8Y-VJLZdGbeDdfwDReCCSj5yhMFSWoHavLupU, event: @dev:localhost: bench 55
2026-08-23 19:00:04,753:    DEBUG: matrix-commander: event.server_timestamp = 1787511363616
2026-08-23 19:00:04,753:    DEBUG: matrix-commander: event_datetime = 2026-08-23 18:56:03
2026-08-23 19:00:04,753:    DEBUG: matrix-commander: type(msg) = <class 'str'>. msg is a string
2026-08-23 19:00:04,753:    DEBUG: matrix-commander: Message received for room @dev:localhost [!bench:localhost] | sender @dev:localhost [@dev:localhost] | 2026-08-23 18:56:03 | bench 55
Message received for room @dev:localhost [!bench:localhost] | sender @dev:localhost [@dev:localhost] | 2026-08-23 18:56:03 | bench 55
2026-08-23 19:00:04,754:    DEBUG: matrix-commander: message_callback(): for room <nio.rooms.MatrixRoom object at 0x7f93c0f8f890> received this event: type: <class 'nio.events.room_events.RoomMessageText'>, event_id: $5-NIdeZG8UnqzmVG-qaU2yp9-BXSkPwL6KK-rNKCKjI, event: @dev:localhost: bench 56
2026-08-23 19:00:04,754:    DEBUG: matrix-commander: event.server_timestamp = 1787511363799
2026-08-23 19:00:04,754:    DEBUG: matrix-commander: event_datetime = 2026-08-23 18:56:03
2026-08-23 19:00:04,754:    DEBUG: matrix-commander: type(msg) = <class 'str'>. msg is a string
2026-08-23 19:00:04,754:    DEBUG: matrix-commander: Message received for room @dev:localhost [!bench:localhost] | sender @dev:localhost [@dev:localhost] | 2026-08-23 18:56:03 | bench 56
Message received for room @dev:localhost [!bench:localhost] | sender @dev:localhost [@dev:localhost] | 2026-08-23 18:56:03 | bench 56
2026-08-23 19:00:04,754:    DEBUG: matrix-commander: message_callback(): for room <nio.rooms.MatrixRoom object at 0x7f93c0f8f890> received this event: type: <class 'nio.events.room_events.RoomMessageText'>, event_id: $B3B85sqkGyFp7752cBvwayWTq9OZ7B9HKp0VJGKeWOY, event: @dev:localhost: bench 57
2026-08-23 19:00:04,754:    DEBUG: matrix-commander: event.server_timestamp = 1787511363994
2026-08-23 19:00:04,754:    DEBUG: matrix-commander: event_datetime = 2026-08-23 18:56:03
2026-08-23 19:00:04,754:    DEBUG: matrix-commander: type(msg) = <class 'str'>. msg is a string
2026-08-23 19:00:04,754:    DEBUG: matrix-commander: Message received for room @dev:localhost [!bench:localhost] | sender @dev:localhost [@dev:localhost] | 2026-08-23 18:56:03 | bench 57
Message received for room @dev:localhost [!bench:localhost] | sender @dev:localhost [@dev:localhost] | 2026-08-23 18:56:03 | bench 57
2026-08-23 19:00:04,754:    DEBUG: matrix-commander: message_callback(): for room <nio.rooms.MatrixRoom object at 0x7f93c0f8f890> received this event: type: <class 'nio.events.room_events.RoomMessageText'>, event_id: $rXK_T8hYkE8dBWHzl1d9MLKTuVITtEjIIKFprNenIOE, event: @dev:localhost: bench 58
2026-08-23 19:00:04,754:    DEBUG: matrix-commander: event.server_timestamp = 1787511364173
2026-08-23 19:00:04,754:    DEBUG: matrix-commander: event_datetime = 2026-08-23 18:56:04
2026-08-23 19:00:04,754:    DEBUG: matrix-commander: type(msg) = <class 'str'>. msg is a string
2026-08-23 19:00:04,754:    DEBUG: matrix-commander: Message received for room @dev:localhost [!bench:localhost] | sender @dev:localhost [@dev:localhost] | 2026-08-23 18:56:04 | bench 58
Message received for room @dev:localhost [!bench:localhost] | sender @dev:localhost [@dev:localhost] | 2026-08-23 18:56:04 | bench 58
2026-08-23 19:00:04,754:    DEBUG: matrix-commander: message_callback(): for room <nio.rooms.MatrixRoom object at 0x7f93c0f8f890> received this event: type: <class 'nio.events.room_events.RoomMessageText'>, event_id: $3fCKPRoJ5INqHH1dPdAAegl_l-AsEOfwc2H9c72e9ys, event: @dev:localhost: bench 59
2026-08-23 19:00:04,754:    DEBUG: matrix-commander: event.server_timestamp = 1787511364385
2026-08-23 19:00:04,754:    DEBUG: matrix-commander: event_datetime = 2026-08-23 18:56:04
2026-08-23 19:00:04,754:    DEBUG: matrix-commander: type(msg) = <class 'str'>. msg is a string
2026-08-23 19:00:04,754:    DEBUG: matrix-commander: Message received for room @dev:localhost [!bench:localhost] | sender @dev:localhost [@dev:localhost] | 2026-08-23 18:56:04 | bench 59
Message received for room @dev:localhost [!bench:localhost] | sender @dev:localhost [@dev:localhost] | 2026-08-23 18:56:04 | bench 59
2026-08-23 19:00:04,754:    DEBUG: matrix-commander: message_callback(): for room <nio.rooms.MatrixRoom object at 0x7f93c0f8f890> received this event: type: <class 'nio.events.room_events.RoomMessageText'>, event_id: $D-n-hH3_-o6VF7m62SxbWWSUDROvtJAjDqtQ5PoJedI, event: @dev:localhost: bench 60
2026-08-23 19:00:04,755:    DEBUG: matrix-commander: event.server_timestamp = 1787511364550
2026-08-23 19:00:04,755:    DEBUG: matrix-commander: event_datetime = 2026-08-23 18:56:04
2026-08-23 19:00:04,755:    DEBUG: matrix-commander: type(msg) = <class 'str'>. msg is a string
2026-08-23 19:00:04,755:    DEBUG: matrix-commander: Message received for room @dev:localhost [!bench:localhost] | sender @dev:localhost [@dev:localhost] | 2026-08-23 18:56:04 | bench 60
Message received for room @dev:localhost [!bench:localhost] | sender @dev:localhost [@dev:localhost] | 2026-08-23 18:56:04 | bench 60
2026-08-23 19:00:04,755:    DEBUG: matrix-commander: message_callback(): for room <nio.rooms.MatrixRoom object at 0x7f93c0f8f890> received this event: type: <class 'nio.events.room_events.RoomMessageText'>, event_id: $2FwG-BUpG8rsGARgFmzabXaRw-qSuc_qJD9Fq7koSA4, event: @dev:localhost: bench 61
2026-08-23 19:00:04,755:    DEBUG: matrix-commander: event.server_timestamp = 1787511364717
2026-08-23 19:00:04,755:    DEBUG: matrix-commander: event_datetime = 2026-08-23 18:56:04
2026-08-23 19:00:04,755:    DEBUG: matrix-commander: type(msg) = <class 'str'>. msg is a string
2026-08-23 19:00:04,755:    DEBUG: matrix-commander: Message received for room @dev:localhost [!bench:localhost] | sender @dev:localhost [@dev:localhost] | 2026-08-23 18:56:04 | bench 61
Message received for room @dev:localhost [!bench:localhost] | sender @dev:localhost [@dev:localhost] | 2026-08-23 18:56:04 | bench 61
2026-08-23 19:00:04,755:    DEBUG: matrix-commander: message_callback(): for room <nio.rooms.MatrixRoom object at 0x7f93c0f8f890> received this event: type: <class 'nio.events.room_events.RoomMessageText'>, event_id: $kCnoSCqq-0sx-50QMmLKItvAKWSns2vzRmeRK8m18wQ, event: @dev:localhost: bench 62
2026-08-23 19:00:04,755:    DEBUG: matrix-commander: event.server_timestamp = 1787511364885
2026-08-23 19:00:04,755:    DEBUG: matrix-commander: event_datetime = 2026-08-23 18:56:04
2026-08-23 19:00:04,755:    DEBUG: matrix-commander: type(msg) = <class 'str'>. msg is a string
2026-08-23 19:00:04,755:    DEBUG: matrix-commander: Message received for room @dev:localhost [!bench:localhost] | sender @dev:localhost [@dev:localhost] | 2026-08-23 18:56:04 | bench 62
Message received for room @dev:localhost [!bench:localhost] | sender @dev:localhost [@dev:localhost] | 2026-08-23 18:56:04 | bench 62
2026-08-23 19:00:04,755:    DEBUG: matrix-commander: message_callback(): for room <nio.rooms.MatrixRoom object at 0x7f93c0f8f890> received this event: type: <class 'nio.events.room_events.RoomMessageText'>, event_id: $R396UCzPSgEzjke_ZWxLtSC5yRsP8D9B183wlsg1ATE, event: @dev:localhost: bench 63
2026-08-23 19:00:04,755:    DEBUG: matrix-commander: event.server_timestamp = 1787511365061
2026-08-23 19:00:04,755:    DEBUG: matrix-commander: event_datetime = 2026-08-23 18:56:05
2026-08-23 19:00:04,755:    DEBUG: matrix-commander: type(msg) = <class 'str'>. msg is a string
2026-08-23 19:00:04,755:    DEBUG: matrix-commander: Message received for room @dev:localhost [!bench:localhost] | sender @dev:localhost [@dev:localhost] | 2026-08-23 18:56:05 | bench 63
Message received for room @dev:localhost [!bench:localhost] | sender @dev:localhost [@dev:localhost] | 2026-08-23 18:56:05 | bench 63
2026-08-23 19:00:04,755:    DEBUG: matrix-commander: message_callback(): for room <nio.rooms.MatrixRoom object at 0x7f93c0f8f890> received this event: type: <class 'nio.events.room_events.RoomMessageText'>, event_id: $57qdjIuBzwavLa0uUk8dsbOHkuDOqnfNpF7Jp3QpMOg, event: @dev:localhost: bench 64
2026-08-23 19:00:04,755:    DEBUG: matrix-commander: event.server_timestamp = 1787511365241
2026-08-23 19:00:04,755:    DEBUG: matrix-commander: event_datetime = 2026-08-23 18:56:05
2026-08-23 19:00:04,755:    DEBUG: matrix-commander: type(msg) = <class 'str'>. msg is a string
2026-08-23 19:00:04,755:    DEBUG: matrix-commander: Message received for room @dev:localhost [!bench:localhost] | sender @dev:localhost [@dev:localhost] | 2026-08-23 18:56:05 | bench 64
Message received for room @dev:localhost [!bench:localhost] | sender @dev:localhost [@dev:localhost] | 2026-08-23 18:56:05 | bench 64
2026-08-23 19:00:04,755:    DEBUG: matrix-commander: message_callback(): for room <nio.rooms.MatrixRoom object at 0x7f93c0f8f890> received this event: type: <class 'nio.events.room_events.RoomMessageText'>, event_id: $Xdh6G8hHJZiBRet6vQfWACRPjomd8-pDTvUuyI3BNbQ, event: @dev:localhost: bench 65
2026-08-23 19:00:04,755:    DEBUG: matrix-commander: event.server_timestamp = 1787511365408
2026-08-23 19:00:04,755:    DEBUG: matrix-commander: event_datetime = 2026-08-23 18:56:05
2026-08-23 19:00:04,755:    DEBUG: matrix-commander: type(msg) = <class 'str'>. msg is a string
2026-08-23 19:00:04,756:    DEBUG: matrix-commander: Message received for room @dev:localhost [!bench:localhost] | sender @dev:localhost [@dev:localhost] | 2026-08-23 18:56:05 | bench 65
Message received for room @dev:localhost [!bench:localhost] | sender @dev:localhost [@dev:localhost] | 2026-08-23 18:56:05 | bench 65
2026-08-23 19:00:04,756:    DEBUG: matrix-commander: message_callback(): for room <nio.rooms.MatrixRoom object at 0x7f93c0f8f890> received this event: type: <class 'nio.events.room_events.RoomMessageText'>, event_id: $OFrqebycHW70_wjUeFC4Yo-r828H6Ia9y9sfSgEgmSk, event: @dev:localhost: bench 66
2026-08-23 19:00:04,756:    DEBUG: matrix-commander: event.server_timestamp = 1787511365567
2026-08-23 19:00:04,756:    DEBUG: matrix-commander: event_datetime = 2026-08-23 18:56:05
2026-08-23 19:00:04,756:    DEBUG: matrix-commander: type(msg) = <class 'str'>. msg is a string
2026-08-23 19:00:04,756:    DEBUG: matrix-commander: Message received for room @dev:localhost [!bench:localhost] | sender @dev:localhost [@dev:localhost] | 2026-08-23 18:56:05 | bench 66
2026-08-23 19:00:04,756:    DEBUG: matrix-commander: message_callback(): for room <nio.rooms.MatrixRoom object at 0x7f93c0f8f890> received this event: type: <class 'nio.events.room_events.RoomMessageText'>, event_id: $KMEtOvTUU2-3WVz5asrKObBJE3EYtF4oON4iHLMP8Aw, event: @dev:localhost: bench 67
2026-08-23 19:00:04,756:    DEBUG: matrix-commander: event.server_timestamp = 1787511365730
2026-08-23 19:00:04,756:    DEBUG: matrix-commander: event_datetime = 2026-08-23 18:56:05
2026-08-23 19:00:04,756:    DEBUG: matrix-commander: type(msg) = <class 'str'>. msg is a string
Message received for room @dev:localhost [!bench:localhost] | sender @dev:localhost [@dev:localhost] | 2026-08-23 18:56:05 | bench 66
2026-08-23 19:00:04,756:    DEBUG: matrix-commander: Message received for room @dev:localhost [!bench:localhost] | sender @dev:localhost [@dev:localhost] | 2026-08-23 18:56:05 | bench 67
Message received for room @dev:localhost [!bench:localhost] | sender @dev:localhost [@dev:localhost] | 2026-08-23 18:56:05 | bench 67
2026-08-23 19:00:04,756:    DEBUG: matrix-commander: message_callback(): for room <nio.rooms.MatrixRoom object at 0x7f93c0f8f890> received this event: type: <class 'nio.events.room_events.RoomMessageText'>, event_id: $UwmHQKjVL86H0TFhlEnYa0Am6TGkEc3mjFfNqT0aZg8, event: @dev:localhost: bench 68
2026-08-23 19:00:04,756:    DEBUG: matrix-commander: event.server_timestamp = 1787511365887
2026-08-23 19:00:04,756:    DEBUG: matrix-commander: event_datetime = 2026-08-23 18:56:05
2026-08-23 19:00:04,756:    DEBUG: matrix-commander: type(msg) = <class 'str'>. msg is a string
2026-08-23 19:00:04,756:    DEBUG: matrix-commander: Message received for room @dev:localhost [!bench:localhost] | sender @dev:localhost [@dev:localhost] | 2026-08-23 18:56:05 | bench 68
2026-08-23 19:00:04,756:    DEBUG: matrix-commander: message_callback(): for room <nio.rooms.MatrixRoom object at 0x7f93c0f8f890> received this event: type: <class 'nio.events.room_events.RoomMessageText'>, event_id: $hPEcWrN_CL05d95NgtFuGRv2mY6l8_dR-_DSgX8dMa8, event: @dev:localhost: bench 69
2026-08-23 19:00:04,756:    DEBUG: matrix-commander: event.server_timestamp = 1787511366046
Message received for room @dev:localhost [!bench:localhost] | sender @dev:localhost [@dev:localhost] | 2026-08-23 18:56:05 | bench 68
2026-08-23 19:00:04,756:    DEBUG: matrix-commander: event_datetime = 2026-08-23 18:56:06
2026-08-23 19:00:04,756:    DEBUG: matrix-commander: type(msg) = <class 'str'>. msg is a string
Message received for room @dev:localhost [!bench:localhost] | sender @dev:localhost [@dev:localhost] | 2026-08-23 18:56:06 | bench 69
2026-08-23 19:00:04,757:    DEBUG: matrix-commander: Message received for room @dev:localhost [!bench:localhost] | sender @dev:localhost [@dev:localhost] | 2026-08-23 18:56:06 | bench 69
2026-08-23 19:00:04,757:    DEBUG: matrix-commander: message_callback(): for room <nio.rooms.MatrixRoom object at 0x7f93c0f8f890> received this event: type: <class 'nio.events.room_events.RoomMessageText'>, event_id: $VOBXHx85nj_Sh0AluQ1Fcshp4KUNVf5r8PIqU_inD6Y, event: @dev:localhost: bench 70
2026-08-23 19:00:04,757:    DEBUG: matrix-commander: event.server_timestamp = 1787511366205
2026-08-23 19:00:04,757:    DEBUG: matrix-commander: event_datetime = 2026-08-23 18:56:06
2026-08-23 19:00:04,757:    DEBUG: matrix-commander: type(msg) = <class 'str'>. msg is a string
2026-08-23 19:00:04,757:    DEBUG: matrix-commander: Message received for room @dev:localhost [!bench:localhost] | sender @dev:localhost [@dev:localhost] | 2026-08-23 18:56:06 | bench 70
2026-08-23 19:00:04,757:    DEBUG: matrix-commander: message_callback(): for room <nio.rooms.MatrixRoom object at 0x7f93c0f8f890> received this event: type: <class 'nio.events.room_events.RoomMessageText'>, event_id: $zfk-1G-Zth4IdsRVo9jsvaxR9pjw7fQIg3mjMLTfzh4, event: @dev:localhost: bench 71
2026-08-23 19:00:04,757:    DEBUG: matrix-commander: event.server_timestamp = 1787511366376
2026-08-23 19:00:04,757:    DEBUG: matrix-commander: event_datetime = 2026-08-23 18:56:06
Message received for room @dev:localhost [!bench:localhost] | sender @dev:localhost [@dev:localhost] | 2026-08-23 18:56:06 | bench 70
2026-08-23 19:00:04,757:    DEBUG: matrix-commander: type(msg) = <class 'str'>. msg is a string
Message received for room @dev:localhost [!bench:localhost] | sender @dev:localhost [@dev:localhost] | 2026-08-23 18:56:06 | bench 71
2026-08-23 19:00:04,757:    DEBUG: matrix-commander: Message received for room @dev:localhost [!bench:localhost] | sender @dev:localhost [@dev:localhost] | 2026-08-23 18:56:06 | bench 71
2026-08-23 19:00:04,757:    DEBUG: matrix-commander: message_callback(): for room <nio.rooms.MatrixRoom object at 0x7f93c0f8f890> received this event: type: <class 'nio.events.room_events.RoomMessageText'>, event_id: $nT3KGexZtXp5mReFNWjqljCEWC6IWUZVcT9s85l4EO4, event: @dev:localhost: bench 72
Message received for room @dev:localhost [!bench:localhost] | sender @dev:localhost [@dev:localhost] | 2026-08-23 18:56:06 | bench 72
Message received for room @dev:localhost [!bench:localhost] | sender @dev:localhost [@dev:localhost] | 2026-08-23 18:56:06 | bench 73
Message received for room @dev:localhost [!bench:localhost] | sender @dev:localhost [@dev:localhost] | 2026-08-23 18:56:06 | bench 74
2026-08-23 19:00:04,757:    DEBUG: matrix-commander: event.server_timestamp = 1787511366553
2026-08-23 19:00:04,757:    DEBUG: matrix-commander: event_datetime = 2026-08-23 18:56:06
2026-08-23 19:00:04,757:    DEBUG: matrix-commander: type(msg) = <class 'str'>. msg is a string
2026-08-23 19:00:04,757:    DEBUG: matrix-commander: Message received for room @dev:localhost [!bench:localhost] | sender @dev:localhost [@dev:localhost] | 2026-08-23 18:56:06 | bench 72
2026-08-23 19:00:04,757:    DEBUG: matrix-commander: message_callback(): for room <nio.rooms.MatrixRoom object at 0x7f93c0f8f890> received this event: type: <class 'nio.events.room_events.RoomMessageText'>, event_id: $EKgtC182AqqN3c3fE8g5I_v68xvTo5G7J-9LgEWhOTg, event: @dev:localhost: bench 73
2026-08-23 19:00:04,757:    DEBUG: matrix-commander: event.server_timestamp = 1787511366725
2026-08-23 19:00:04,757:    DEBUG: matrix-commander: event_datetime = 2026-08-23 18:56:06
2026-08-23 19:00:04,757:    DEBUG: matrix-commander: type(msg) = <class 'str'>. msg is a string
2026-08-23 19:00:04,757:    DEBUG: matrix-commander: Message received for room @dev:localhost [!bench:localhost] | sender @dev:localhost [@dev:localhost] | 2026-08-23 18:56:06 | bench 73
2026-08-23 19:00:04,757:    DEBUG: matrix-commander: message_callback(): for room <nio.rooms.MatrixRoom object at 0x7f93c0f8f890> received this event: type: <class 'nio.events.room_events.RoomMessageText'>, event_id: $icz__88OqFT-gCpPerAJz79hj9He0SfOCaj59p0HT08, event: @dev:localhost: bench 74
2026-08-23 19:00:04,758:    DEBUG: matrix-commander: event.server_timestamp = 1787511366916
2026-08-23 19:00:04,758:    DEBUG: matrix-commander: event_datetime = 2026-08-23 18:56:06
2026-08-23 19:00:04,758:    DEBUG: matrix-commander: type(msg) = <class 'str'>. msg is a string
2026-08-23 19:00:04,758:    DEBUG: matrix-commander: Message received for room @dev:localhost [!bench:localhost] | sender @dev:localhost [@dev:localhost] | 2026-08-23 18:56:06 | bench 74
2026-08-23 19:00:04,758:    DEBUG: matrix-commander: message_callback(): for room <nio.rooms.MatrixRoom object at 0x7f93c0f8f890> received this event: type: <class 'nio.events.room_events.RoomMessageText'>, event_id: $LL2qNvtu4JJBrCKp7_23cFdgxvgtfCiaM4mFlEzcEi0, event: @dev:localhost: bench 75
2026-08-23 19:00:04,758:    DEBUG: matrix-commander: event.server_timestamp = 1787511367281
2026-08-23 19:00:04,758:    DEBUG: matrix-commander: event_datetime = 2026-08-23 18:56:07
2026-08-23 19:00:04,758:    DEBUG: matrix-commander: type(msg) = <class 'str'>. msg is a string
2026-08-23 19:00:04,758:    DEBUG: matrix-commander: Message received for room @dev:localhost [!bench:localhost] | sender @dev:localhost [@dev:localhost] | 2026-08-23 18:56:07 | bench 75
2026-08-23 19:00:04,758:    DEBUG: matrix-commander: message_callback(): for room <nio.rooms.MatrixRoom object at 0x7f93c0f8f890> received this event: type: <class 'nio.events.room_events.RoomMessageText'>, event_id: $9PEAunq6Qw-psHIY7VnMV3gZCfAjaNSoUhYKDkYmgJw, event: @dev:localhost: bench 76
2026-08-23 19:00:04,758:    DEBUG: matrix-commander: event.server_timestamp = 1787511367454
2026-08-23 19:00:04,758:    DEBUG: matrix-commander: event_datetime = 2026-08-23 18:56:07
2026-08-23 19:00:04,758:    DEBUG: matrix-commander: type(msg) = <class 'str'>. msg is a string
2026-08-23 19:00:04,758:    DEBUG: matrix-commander: Message received for room @dev:localhost [!bench:localhost] | sender @dev:localhost [@dev:localhost] | 2026-08-23 18:56:07 | bench 76
2026-08-23 19:00:04,758:    DEBUG: matrix-commander: message_callback(): for room <nio.rooms.MatrixRoom object at 0x7f93c0f8f890> received this event: type: <class 'nio.events.room_events.RoomMessageText'>, event_id: $ycaAQEEXA7UIZVv8c75FggLTbnV5HTfcpPpoJ-5FRuY, event: @dev:localhost: bench 77
2026-08-23 19:00:04,758:    DEBUG: matrix-commander: event.server_timestamp = 1787511367627
2026-08-23 19:00:04,758:    DEBUG: matrix-commander: event_datetime = 2026-08-23 18:56:07
2026-08-23 19:00:04,758:    DEBUG: matrix-commander: type(msg) = <class 'str'>. msg is a string
2026-08-23 19:00:04,759:    DEBUG: matrix-commander: Message received for room @dev:localhost [!bench:localhost] | sender @dev:localhost [@dev:localhost] | 2026-08-23 18:56:07 | bench 77
Message received for room @dev:localhost [!bench:localhost] | sender @dev:localhost [@dev:localhost] | 2026-08-23 18:56:07 | bench 75
Message received for room @dev:localhost [!bench:localhost] | sender @dev:localhost [@dev:localhost] | 2026-08-23 18:56:07 | bench 76
Message received for room @dev:localhost [!bench:localhost] | sender @dev:localhost [@dev:localhost] | 2026-08-23 18:56:07 | bench 77
Message received for room @dev:localhost [!bench:localhost] | sender @dev:localhost [@dev:localhost] | 2026-08-23 18:56:07 | bench 78
Message received for room @dev:localhost [!bench:localhost] | sender @dev:localhost [@dev:localhost] | 2026-08-23 18:56:07 | bench 79
Message received for room @dev:localhost [!bench:localhost] | sender @dev:localhost [@dev:localhost] | 2026-08-23 18:56:08 | bench 80
Message received for room @dev:localhost [!bench:localhost] | sender @dev:localhost [@dev:localhost] | 2026-08-23 18:56:08 | bench 81
Message received for room @dev:localhost [!bench:localhost] | sender @dev:localhost [@dev:localhost] | 2026-08-23 18:56:08 | bench 82
Message received for room @dev:localhost [!bench:localhost] | sender @dev:localhost [@dev:localhost] | 2026-08-23 18:56:08 | bench 83
Message received for room @dev:localhost [!bench:localhost] | sender @dev:localhost [@dev:localhost] | 2026-08-23 18:56:08 | bench 84
Message received for room @dev:localhost [!bench:localhost] | sender @dev:localhost [@dev:localhost] | 2026-08-23 18:56:09 | bench 85
Message received for room @dev:localhost [!bench:localhost] | sender @dev:localhost [@dev:localhost] | 2026-08-23 18:56:09 | bench 86
2026-08-23 19:00:04,759:    DEBUG: matrix-commander: message_callback(): for room <nio.rooms.MatrixRoom object at 0x7f93c0f8f890> received this event: type: <class 'nio.events.room_events.RoomMessageText'>, event_id: $fs7LeJqioj5JQOgV-4sFE7wjWCjJ1EPuPEwxX0ZvWHs, event: @dev:localhost: bench 78
2026-08-23 19:00:04,759:    DEBUG: matrix-commander: event.server_timestamp = 1787511367800
2026-08-23 19:00:04,759:    DEBUG: matrix-commander: event_datetime = 2026-08-23 18:56:07
2026-08-23 19:00:04,759:    DEBUG: matrix-commander: type(msg) = <class 'str'>. msg is a string
2026-08-23 19:00:04,759:    DEBUG: matrix-commander: Message received for room @dev:localhost [!bench:localhost] | sender @dev:localhost [@dev:localhost] | 2026-08-23 18:56:07 | bench 78
2026-08-23 19:00:04,759:    DEBUG: matrix-commander: message_callback(): for room <nio.rooms.MatrixRoom object at 0x7f93c0f8f890> received this event: type: <class 'nio.events.room_events.RoomMessageText'>, event_id: $xN1LDKtBK5J_wRWo62w2mLF9StAqgU-BQeONN05wp9A, event: @dev:localhost: bench 79
2026-08-23 19:00:04,759:    DEBUG: matrix-commander: event.server_timestamp = 1787511367970
2026-08-23 19:00:04,759:    DEBUG: matrix-commander: event_datetime = 2026-08-23 18:56:07
2026-08-23 19:00:04,759:    DEBUG: matrix-commander: type(msg) = <class 'str'>. msg is a string
2026-08-23 19:00:04,759:    DEBUG: matrix-commander: Message received for room @dev:localhost [!bench:localhost] | sender @dev:localhost [@dev:localhost] | 2026-08-23 18:56:07 | bench 79
2026-08-23 19:00:04,759:    DEBUG: matrix-commander: message_callback(): for room <nio.rooms.MatrixRoom object at 0x7f93c0f8f890> received this event: type: <class 'nio.events.room_events.RoomMessageText'>, event_id: $yJ-A00B2golLvV_-rKjkmLwQ_sYN6xooS-fO076BzRs, event: @dev:localhost: bench 80
2026-08-23 19:00:04,759:    DEBUG: matrix-commander: event.server_timestamp = 1787511368142
2026-08-23 19:00:04,759:    DEBUG: matrix-commander: event_datetime = 2026-08-23 18:56:08
2026-08-23 19:00:04,759:    DEBUG: matrix-commander: type(msg) = <class 'str'>. msg is a string
2026-08-23 19:00:04,759:    DEBUG: matrix-commander: Message received for room @dev:localhost [!bench:localhost] | sender @dev:localhost [@dev:localhost] | 2026-08-23 18:56:08 | bench 80
2026-08-23 19:00:04,759:    DEBUG: matrix-commander: message_callback(): for room <nio.rooms.MatrixRoom object at 0x7f93c0f8f890> received this event: type: <class 'nio.events.room_events.RoomMessageText'>, event_id: $foEMPKHZRFO3zo5bcJQOYt07znAFGIUq9v2x57wV7wg, event: @dev:localhost: bench 81
2026-08-23 19:00:04,760:    DEBUG: matrix-commander: event.server_timestamp = 1787511368315
2026-08-23 19:00:04,760:    DEBUG: matrix-commander: event_datetime = 2026-08-23 18:56:08
2026-08-23 19:00:04,760:    DEBUG: matrix-commander: type(msg) = <class 'str'>. msg is a string
2026-08-23 19:00:04,760:    DEBUG: matrix-commander: Message received for room @dev:localhost [!bench:localhost] | sender @dev:localhost [@dev:localhost] | 2026-08-23 18:56:08 | bench 81
2026-08-23 19:00:04,760:    DEBUG: matrix-commander: message_callback(): for room <nio.rooms.MatrixRoom object at 0x7f93c0f8f890> received this event: type: <class 'nio.events.room_events.RoomMessageText'>, event_id: $Z82UVmNZV-Cho_jGculKo7Rm_TWHZJIr_xT41O-gKyM, event: @dev:localhost: bench 82
2026-08-23 19:00:04,760:    DEBUG: matrix-commander: event.server_timestamp = 1787511368492
2026-08-23 19:00:04,760:    DEBUG: matrix-commander: event_datetime = 2026-08-23 18:56:08
2026-08-23 19:00:04,760:    DEBUG: matrix-commander: type(msg) = <class 'str'>. msg is a string
2026-08-23 19:00:04,760:    DEBUG: matrix-commander: Message received for room @dev:localhost [!bench:localhost] | sender @dev:localhost [@dev:localhost] | 2026-08-23 18:56:08 | bench 82
2026-08-23 19:00:04,760:    DEBUG: matrix-commander: message_callback(): for room <nio.rooms.MatrixRoom object at 0x7f93c0f8f890> received this event: type: <class 'nio.events.room_events.RoomMessageText'>, event_id: $9xJ4qRMlmHAXRZJStVDMOK21OLPdkXom8B6F1sc24As, event: @dev:localhost: bench 83
2026-08-23 19:00:04,760:    DEBUG: matrix-commander: event.server_timestamp = 1787511368663
2026-08-23 19:00:04,760:    DEBUG: matrix-commander: event_datetime = 2026-08-23 18:56:08
2026-08-23 19:00:04,760:    DEBUG: matrix-commander: type(msg) = <class 'str'>. msg is a string
2026-08-23 19:00:04,760:    DEBUG: matrix-commander: Message received for room @dev:localhost [!bench:localhost] | sender @dev:localhost [@dev:localhost] | 2026-08-23 18:56:08 | bench 83
2026-08-23 19:00:04,760:    DEBUG: matrix-commander: message_callback(): for room <nio.rooms.MatrixRoom object at 0x7f93c0f8f890> received this event: type: <class 'nio.events.room_events.RoomMessageText'>, event_id: $xmcya7oYMUC1Vv4Ul0y17wzj1i7mSEf23yKV-1vcoQM, event: @dev:localhost: bench 84
2026-08-23 19:00:04,760:    DEBUG: matrix-commander: event.server_timestamp = 1787511368830
2026-08-23 19:00:04,760:    DEBUG: matrix-commander: event_datetime = 2026-08-23 18:56:08
2026-08-23 19:00:04,760:    DEBUG: matrix-commander: type(msg) = <class 'str'>. msg is a string
2026-08-23 19:00:04,760:    DEBUG: matrix-commander: Message received for room @dev:localhost [!bench:localhost] | sender @dev:localhost [@dev:localhost] | 2026-08-23 18:56:08 | bench 84
2026-08-23 19:00:04,761:    DEBUG: matrix-commander: message_callback(): for room <nio.rooms.MatrixRoom object at 0x7f93c0f8f890> received this event: type: <class 'nio.events.room_events.RoomMessageText'>, event_id: $gRx4jdwYmldOz5gGxyVNeU2h-_hUxo9S-56OwgO0x70, event: @dev:localhost: bench 85
2026-08-23 19:00:04,761:    DEBUG: matrix-commander: event.server_timestamp = 1787511369016
2026-08-23 19:00:04,761:    DEBUG: matrix-commander: event_datetime = 2026-08-23 18:56:09
2026-08-23 19:00:04,761:    DEBUG: matrix-commander: type(msg) = <class 'str'>. msg is a string
2026-08-23 19:00:04,761:    DEBUG: matrix-commander: Message received for room @dev:localhost [!bench:localhost] | sender @dev:localhost [@dev:localhost] | 2026-08-23 18:56:09 | bench 85
2026-08-23 19:00:04,761:    DEBUG: matrix-commander: message_callback(): for room <nio.rooms.MatrixRoom object at 0x7f93c0f8f890> received this event: type: <class 'nio.events.room_events.RoomMessageText'>, event_id: $xOGCETqgg42HLEjjvc-3WJx7I9vZr6lGRgeAWtGyfRc, event: @dev:localhost: bench 86
2026-08-23 19:00:04,761:    DEBUG: matrix-commander: event.server_timestamp = 1787511369198
2026-08-23 19:00:04,761:    DEBUG: matrix-commander: event_datetime = 2026-08-23 18:56:09
2026-08-23 19:00:04,761:    DEBUG: matrix-commander: type(msg) = <class 'str'>. msg is a string
2026-08-23 19:00:04,761:    DEBUG: matrix-commander: Message received for room @dev:localhost [!bench:localhost] | sender @dev:localhost [@dev:localhost] | 2026-08-23 18:56:09 | bench 86
2026-08-23 19:00:04,761:    DEBUG: matrix-commander: message_callback(): for room <nio.rooms.MatrixRoom object at 0x7f93c0f8f890> received this event: type: <class 'nio.events.room_events.RoomMessageText'>, event_id: $Vif-5Uunnv86-NXFONSpmMI3wHHwryn77jCRlLs0HQk, event: @dev:localhost: bench 87
2026-08-23 19:00:04,761:    DEBUG: matrix-commander: event.server_timestamp = 1787511369385
2026-08-23 19:00:04,761:    DEBUG: matrix-commander: event_datetime = 2026-08-23 18:56:09
2026-08-23 19:00:04,761:    DEBUG: matrix-commander: type(msg) = <class 'str'>. msg is a string
2026-08-23 19:00:04,761:    DEBUG: matrix-commander: Message received for room @dev:localhost [!bench:localhost] | sender @dev:localhost [@dev:localhost] | 2026-08-23 18:56:09 | bench 87
Message received for room @dev:localhost [!bench:localhost] | sender @dev:localhost [@dev:localhost] | 2026-08-23 18:56:09 | bench 87
2026-08-23 19:00:04,762:    DEBUG: matrix-commander: message_callback(): for room <nio.rooms.MatrixRoom object at 0x7f93c0f8f890> received this event: type: <class 'nio.events.room_events.RoomMessageText'>, event_id: $K5Mzh9fEo-mjmqFpnTmlNIQ0uDYNUE5zeBZkpk4q5rI, event: @dev:localhost: bench 88
2026-08-23 19:00:04,762:    DEBUG: matrix-commander: event.server_timestamp = 1787511369557
2026-08-23 19:00:04,762:    DEBUG: matrix-commander: event_datetime = 2026-08-23 18:56:09
2026-08-23 19:00:04,762:    DEBUG: matrix-commander: type(msg) = <class 'str'>. msg is a string
2026-08-23 19:00:04,762:    DEBUG: matrix-commander: Message received for room @dev:localhost [!bench:localhost] | sender @dev:localhost [@dev:localhost] | 2026-08-23 18:56:09 | bench 88
Message received for room @dev:localhost [!bench:localhost] | sender @dev:localhost [@dev:localhost] | 2026-08-23 18:56:09 | bench 88
2026-08-23 19:00:04,762:    DEBUG: matrix-commander: message_callback(): for room <nio.rooms.MatrixRoom object at 0x7f93c0f8f890> received this event: type: <class 'nio.events.room_events.RoomMessageText'>, event_id: $BY_r7Kue1IUAvKq8rEzYYGZEkQs7l-5sxG5lH12fdgY, event: @dev:localhost: bench 89
2026-08-23 19:00:04,762:    DEBUG: matrix-commander: event.server_timestamp = 1787511369745
2026-08-23 19:00:04,762:    DEBUG: matrix-commander: event_datetime = 2026-08-23 18:56:09
2026-08-23 19:00:04,762:    DEBUG: matrix-commander: type(msg) = <class 'str'>. msg is a string
2026-08-23 19:00:04,762:    DEBUG: matrix-commander: Message received for room @dev:localhost [!bench:localhost] | sender @dev:localhost [@dev:localhost] | 2026-08-23 18:56:09 | bench 89
Message received for room @dev:localhost [!bench:localhost] | sender @dev:localhost [@dev:localhost] | 2026-08-23 18:56:09 | bench 89
2026-08-23 19:00:04,762:    DEBUG: matrix-commander: message_callback(): for room <nio.rooms.MatrixRoom object at 0x7f93c0f8f890> received this event: type: <class 'nio.events.room_events.RoomMessageText'>, event_id: $OYT_OgWzXmMd3dotFfbqSHxSksaGgGUDpeggETtwmGk, event: @dev:localhost: bench 90
2026-08-23 19:00:04,762:    DEBUG: matrix-commander: event.server_timestamp = 1787511369925
2026-08-23 19:00:04,762:    DEBUG: matrix-commander: event_datetime = 2026-08-23 18:56:09
2026-08-23 19:00:04,762:    DEBUG: matrix-commander: type(msg) = <class 'str'>. msg is a string
2026-08-23 19:00:04,762:    DEBUG: matrix-commander: Message received for room @dev:localhost [!bench:localhost] | sender @dev:localhost [@dev:localhost] | 2026-08-23 18:56:09 | bench 90
2026-08-23 19:00:04,762:    DEBUG: matrix-commander: message_callback(): for room <nio.rooms.MatrixRoom object at 0x7f93c0f8f890> received this event: type: <class 'nio.events.room_events.RoomMessageText'>, event_id: $qtZ7kO44I_IIGT_xlFf6RbOgNPAIj_4kObph4uoJabc, event: @dev:localhost: bench 91
2026-08-23 19:00:04,762:    DEBUG: matrix-commander: event.server_timestamp = 1787511370113
2026-08-23 19:00:04,762:    DEBUG: matrix-commander: event_datetime = 2026-08-23 18:56:10
2026-08-23 19:00:04,763:    DEBUG: matrix-commander: type(msg) = <class 'str'>. msg is a string
Message received for room @dev:localhost [!bench:localhost] | sender @dev:localhost [@dev:localhost] | 2026-08-23 18:56:09 | bench 90
Message received for room @dev:localhost [!bench:localhost] | sender @dev:localhost [@dev:localhost] | 2026-08-23 18:56:10 | bench 91
2026-08-23 19:00:04,763:    DEBUG: matrix-commander: Message received for room @dev:localhost [!bench:localhost] | sender @dev:localhost [@dev:localhost] | 2026-08-23 18:56:10 | bench 91
2026-08-23 19:00:04,763:    DEBUG: matrix-commander: message_callback(): for room <nio.rooms.MatrixRoom object at 0x7f93c0f8f890> received this event: type: <class 'nio.events.room_events.RoomMessageText'>, event_id: $zY-QNFGNF9of3Q--62_T8ekUfcQnpnrfCchumiymllY, event: @dev:localhost: bench 92
2026-08-23 19:00:04,763:    DEBUG: matrix-commander: event.server_timestamp = 1787511370301
2026-08-23 19:00:04,763:    DEBUG: matrix-commander: event_datetime = 2026-08-23 18:56:10
2026-08-23 19:00:04,763:    DEBUG: matrix-commander: type(msg) = <class 'str'>. msg is a string
2026-08-23 19:00:04,763:    DEBUG: matrix-commander: Message received for room @dev:localhost [!bench:localhost] | sender @dev:localhost [@dev:localhost] | 2026-08-23 18:56:10 | bench 92
Message received for room @dev:localhost [!bench:localhost] | sender @dev:localhost [@dev:localhost] | 2026-08-23 18:56:10 | bench 92
2026-08-23 19:00:04,763:    DEBUG: matrix-commander: message_callback(): for room <nio.rooms.MatrixRoom object at 0x7f93c0f8f890> received this event: type: <class 'nio.events.room_events.RoomMessageText'>, event_id: $VYI_eQPlR8vkCQ_igpn3fBK07QF9exuPztRrEONBEWA, event: @dev:localhost: bench 93
2026-08-23 19:00:04,763:    DEBUG: matrix-commander: event.server_timestamp = 1787511370477
2026-08-23 19:00:04,763:    DEBUG: matrix-commander: event_datetime = 2026-08-23 18:56:10
2026-08-23 19:00:04,763:    DEBUG: matrix-commander: type(msg) = <class 'str'>. msg is a string
Message received for room @dev:localhost [!bench:localhost] | sender @dev:localhost [@dev:localhost] | 2026-08-23 18:56:10 | bench 93
2026-08-23 19:00:04,763:    DEBUG: matrix-commander: Message received for room @dev:localhost [!bench:localhost] | sender @dev:localhost [@dev:localhost] | 2026-08-23 18:56:10 | bench 93
2026-08-23 19:00:04,763:    DEBUG: matrix-commander: message_callback(): for room <nio.rooms.MatrixRoom object at 0x7f93c0f8f890> received this event: type: <class 'nio.events.room_events.RoomMessageText'>, event_id: $N82p60bRkqPPuRtUrPOfWRiVPw4Z2agJro8W2AKvYMo, event: @dev:localhost: bench 94
2026-08-23 19:00:04,763:    DEBUG: matrix-commander: event.server_timestamp = 1787511370667
2026-08-23 19:00:04,763:    DEBUG: matrix-commander: event_datetime = 2026-08-23 18:56:10
2026-08-23 19:00:04,763:    DEBUG: matrix-commander: type(msg) = <class 'str'>. msg is a string
2026-08-23 19:00:04,763:    DEBUG: matrix-commander: Message received for room @dev:localhost [!bench:localhost] | sender @dev:localhost [@dev:localhost] | 2026-08-23 18:56:10 | bench 94
2026-08-23 19:00:04,764:    DEBUG: matrix-commander: message_callback(): for room <nio.rooms.MatrixRoom object at 0x7f93c0f8f890> received this event: type: <class 'nio.events.room_events.RoomMessageText'>, event_id: $x5wVsdmTxvCVm1PSIyBrYUMyw-PAQlSJRdWxt1DWhVQ, event: @dev:localhost: bench 95
2026-08-23 19:00:04,764:    DEBUG: matrix-commander: event.server_timestamp = 1787511370866
2026-08-23 19:00:04,764:    DEBUG: matrix-commander: event_datetime = 2026-08-23 18:56:10
Message received for room @dev:localhost [!bench:localhost] | sender @dev:localhost [@dev:localhost] | 2026-08-23 18:56:10 | bench 94
2026-08-23 19:00:04,764:    DEBUG: matrix-commander: type(msg) = <class 'str'>. msg is a string
2026-08-23 19:00:04,764:    DEBUG: matrix-commander: Message received for room @dev:localhost [!bench:localhost] | sender @dev:localhost [@dev:localhost] | 2026-08-23 18:56:10 | bench 95
Message received for room @dev:localhost [!bench:localhost] | sender @dev:localhost [@dev:localhost] | 2026-08-23 18:56:10 | bench 95
2026-08-23 19:00:04,764:    DEBUG: matrix-commander: message_callback(): for room <nio.rooms.MatrixRoom object at 0x7f93c0f8f890> received this event: type: <class 'nio.events.room_events.RoomMessageText'>, event_id: $3PxctNDd5u2sJ6ASxM_U8C_1SCgRatKNjDcB8HNAqSU, event: @dev:localhost: bench 96
Message received for room @dev:localhost [!bench:localhost] | sender @dev:localhost [@dev:localhost] | 2026-08-23 18:56:11 | bench 96
2026-08-23 19:00:04,764:    DEBUG: matrix-commander: event.server_timestamp = 1787511371070
2026-08-23 19:00:04,764:    DEBUG: matrix-commander: event_datetime = 2026-08-23 18:56:11
2026-08-23 19:00:04,764:    DEBUG: matrix-commander: type(msg) = <class 'str'>. msg is a string
2026-08-23 19:00:04,764:    DEBUG: matrix-commander: Message received for room @dev:localhost [!bench:localhost] | sender @dev:localhost [@dev:localhost] | 2026-08-23 18:56:11 | bench 96
2026-08-23 19:00:04,764:    DEBUG: matrix-commander: message_callback(): for room <nio.rooms.MatrixRoom object at 0x7f93c0f8f890> received this event: type: <class 'nio.events.room_events.RoomMessageText'>, event_id: $o6P9FCXG1OT7i2Y5RxU850W2kx5lQrHAP3QtMmvE8Xs, event: @dev:localhost: bench 97
2026-08-23 19:00:04,764:    DEBUG: matrix-commander: event.server_timestamp = 1787511371322
2026-08-23 19:00:04,764:    DEBUG: matrix-commander: event_datetime = 2026-08-23 18:56:11
2026-08-23 19:00:04,764:    DEBUG: matrix-commander: type(msg) = <class 'str'>. msg is a string
2026-08-23 19:00:04,765:    DEBUG: matrix-commander: Message received for room @dev:localhost [!bench:localhost] | sender @dev:localhost [@dev:localhost] | 2026-08-23 18:56:11 | bench 97
Message received for room @dev:localhost [!bench:localhost] | sender @dev:localhost [@dev:localhost] | 2026-08-23 18:56:11 | bench 97
2026-08-23 19:00:04,765:    DEBUG: matrix-commander: message_callback(): for room <nio.rooms.MatrixRoom object at 0x7f93c0f8f890> received this event: type: <class 'nio.events.room_events.RoomMessageText'>, event_id: $xxMNyI3cT3h1FT_b0Y8sg0ZOHFXSY_XgBoa11i6HojI, event: @dev:localhost: bench 98
2026-08-23 19:00:04,765:    DEBUG: matrix-commander: event.server_timestamp = 1787511371552
2026-08-23 19:00:04,765:    DEBUG: matrix-commander: event_datetime = 2026-08-23 18:56:11
2026-08-23 19:00:04,765:    DEBUG: matrix-commander: type(msg) = <class 'str'>. msg is a string
2026-08-23 19:00:04,765:    DEBUG: matrix-commander: Message received for room @dev:localhost [!bench:localhost] | sender @dev:localhost [@dev:localhost] | 2026-08-23 18:56:11 | bench 98
Message received for room @dev:localhost [!bench:localhost] | sender @dev:localhost [@dev:localhost] | 2026-08-23 18:56:11 | bench 98
2026-08-23 19:00:04,765:    DEBUG: matrix-commander: message_callback(): for room <nio.rooms.MatrixRoom object at 0x7f93c0f8f890> received this event: type: <class 'nio.events.room_events.RoomMessageText'>, event_id: $_PySbdgY_s7vjrvCmBmq0k4EpfqTGagTss8vdxzYBTM, event: @dev:localhost: bench 99
2026-08-23 19:00:04,765:    DEBUG: matrix-commander: event.server_timestamp = 1787511371746
2026-08-23 19:00:04,765:    DEBUG: matrix-commander: event_datetime = 2026-08-23 18:56:11
2026-08-23 19:00:04,765:    DEBUG: matrix-commander: type(msg) = <class 'str'>. msg is a string
2026-08-23 19:00:04,765:    DEBUG: matrix-commander: Message received for room @dev:localhost [!bench:localhost] | sender @dev:localhost [@dev:localhost] | 2026-08-23 18:56:11 | bench 99
Message received for room @dev:localhost [!bench:localhost] | sender @dev:localhost [@dev:localhost] | 2026-08-23 18:56:11 | bench 99
2026-08-23 19:00:04,765:    DEBUG: matrix-commander: message_callback(): for room <nio.rooms.MatrixRoom object at 0x7f93c0f8f890> received this event: type: <class 'nio.events.room_events.RoomMessageText'>, event_id: $jdvCjIZZdj2T1B5nIXbsJuvw0jzIEUMghes7aASgr4I, event: @dev:localhost: bench 100
2026-08-23 19:00:04,765:    DEBUG: matrix-commander: event.server_timestamp = 1787511371926
2026-08-23 19:00:04,765:    DEBUG: matrix-commander: event_datetime = 2026-08-23 18:56:11
2026-08-23 19:00:04,765:    DEBUG: matrix-commander: type(msg) = <class 'str'>. msg is a string
Message received for room @dev:localhost [!bench:localhost] | sender @dev:localhost [@dev:localhost] | 2026-08-23 18:56:11 | bench 100
2026-08-23 19:00:04,766:    DEBUG: matrix-commander: Message received for room @dev:localhost [!bench:localhost] | sender @dev:localhost [@dev:localhost] | 2026-08-23 18:56:11 | bench 100
2026-08-23 19:00:04,766:    DEBUG: matrix-commander: message_callback(): for room <nio.rooms.MatrixRoom object at 0x7f93c0f8f890> received this event: type: <class 'nio.events.room_events.RoomMessageText'>, event_id: $SRrv5aNQvw_AHtNvl5CTJadqset6-VY8seHLGpkX5uU, event: @dev:localhost: bench 101
2026-08-23 19:00:04,766:    DEBUG: matrix-commander: event.server_timestamp = 1787511372114
2026-08-23 19:00:04,766:    DEBUG: matrix-commander: event_datetime = 2026-08-23 18:56:12
2026-08-23 19:00:04,766:    DEBUG: matrix-commander: type(msg) = <class 'str'>. msg is a string
Message received for room @dev:localhost [!bench:localhost] | sender @dev:localhost [@dev:localhost] | 2026-08-23 18:56:12 | bench 101
Message received for room @dev:localhost [!bench:localhost] | sender @dev:localhost [@dev:localhost] | 2026-08-23 18:56:12 | bench 102
2026-08-23 19:00:04,766:    DEBUG: matrix-commander: Message received for room @dev:localhost [!bench:localhost] | sender @dev:localhost [@dev:localhost] | 2026-08-23 18:56:12 | bench 101
2026-08-23 19:00:04,766:    DEBUG: matrix-commander: message_callback(): for room <nio.rooms.MatrixRoom object at 0x7f93c0f8f890> received this event: type: <class 'nio.events.room_events.RoomMessageText'>, event_id: $js0H_pH3tQGGBb1v9OJ-nNq47VqkdSBX1rxc7pOmavg, event: @dev:localhost: bench 102
2026-08-23 19:00:04,766:    DEBUG: matrix-commander: event.server_timestamp = 1787511372298
2026-08-23 19:00:04,766:    DEBUG: matrix-commander: event_datetime = 2026-08-23 18:56:12
2026-08-23 19:00:04,766:    DEBUG: matrix-commander: type(msg) = <class 'str'>. msg is a string
2026-08-23 19:00:04,766:    DEBUG: matrix-commander: Message received for room @dev:localhost [!bench:localhost] | sender @dev:localhost [@dev:localhost] | 2026-08-23 18:56:12 | bench 102
2026-08-23 19:00:04,766:    DEBUG: matrix-commander: message_callback(): for room <nio.rooms.MatrixRoom object at 0x7f93c0f8f890> received this event: type: <class 'nio.events.room_events.RoomMessageText'>, event_id: $Ag1c6dmtmqTAvhdAc9wVXCi68B6jCykT_JvvccbM1go, event: @dev:localhost: bench 103
2026-08-23 19:00:04,766:    DEBUG: matrix-commander: event.server_timestamp = 1787511372479
2026-08-23 19:00:04,766:    DEBUG: matrix-commander: event_datetime = 2026-08-23 18:56:12
2026-08-23 19:00:04,766:    DEBUG: matrix-commander: type(msg) = <class 'str'>. msg is a string
2026-08-23 19:00:04,766:    DEBUG: matrix-commander: Message received for room @dev:localhost [!bench:localhost] | sender @dev:localhost [@dev:localhost] | 2026-08-23 18:56:12 | bench 103
2026-08-23 19:00:04,767:    DEBUG: matrix-commander: message_callback(): for room <nio.rooms.MatrixRoom object at 0x7f93c0f8f890> received this event: type: <class 'nio.events.room_events.RoomMessageText'>, event_id: $yZVcl852S1ICVnehcDjeSKoZdYbO2_LeLqRejGUw_Tg, event: @dev:localhost: bench 104
2026-08-23 19:00:04,767:    DEBUG: matrix-commander: event.server_timestamp = 1787511372672
Message received for room @dev:localhost [!bench:localhost] | sender @dev:localhost [@dev:localhost] | 2026-08-23 18:56:12 | bench 103
2026-08-23 19:00:04,767:    DEBUG: matrix-commander: event_datetime = 2026-08-23 18:56:12
2026-08-23 19:00:04,767:    DEBUG: matrix-commander: type(msg) = <class 'str'>. msg is a string
2026-08-23 19:00:04,767:    DEBUG: matrix-commander: Message received for room @dev:localhost [!bench:localhost] | sender @dev:localhost [@dev:localhost] | 2026-08-23 18:56:12 | bench 104
Message received for room @dev:localhost [!bench:localhost] | sender @dev:localhost [@dev:localhost] | 2026-08-23 18:56:12 | bench 104
2026-08-23 19:00:04,767:    DEBUG: matrix-commander: message_callback(): for room <nio.rooms.MatrixRoom object at 0x7f93c0f8f890> received this event: type: <class 'nio.events.room_events.RoomMessageText'>, event_id: $u_oBqBpl2lKzfqAyCrQNb5d1azo97reQRR5GKfMHVHk, event: @dev:localhost: bench 105
2026-08-23 19:00:04,767:    DEBUG: matrix-commander: event.server_timestamp = 1787511372862
2026-08-23 19:00:04,767:    DEBUG: matrix-commander: event_datetime = 2026-08-23 18:56:12
2026-08-23 19:00:04,767:    DEBUG: matrix-commander: type(msg) = <class 'str'>. msg is a string
2026-08-23 19:00:04,767:    DEBUG: matrix-commander: Message received for room @dev:localhost [!bench:localhost] | sender @dev:localhost [@dev:localhost] | 2026-08-23 18:56:12 | bench 105
Message received for room @dev:localhost [!bench:localhost] | sender @dev:localhost [@dev:localhost] | 2026-08-23 18:56:12 | bench 105
2026-08-23 19:00:04,767:    DEBUG: matrix-commander: message_callback(): for room <nio.rooms.MatrixRoom object at 0x7f93c0f8f890> received this event: type: <class 'nio.events.room_events.RoomMessageText'>, event_id: $fpEsVnC0fnpa9RGsiEAEA8hELiDVOjg3pwzSHCUN7iQ, event: @dev:localhost: bench 106
2026-08-23 19:00:04,767:    DEBUG: matrix-commander: event.server_timestamp = 1787511373071
2026-08-23 19:00:04,767:    DEBUG: matrix-commander: event_datetime = 2026-08-23 18:56:13
2026-08-23 19:00:04,767:    DEBUG: matrix-commander: type(msg) = <class 'str'>. msg is a string
2026-08-23 19:00:04,767:    DEBUG: matrix-commander: Message received for room @dev:localhost [!bench:localhost] | sender @dev:localhost [@dev:localhost] | 2026-08-23 18:56:13 | bench 106
Message received for room @dev:localhost [!bench:localhost] | sender @dev:localhost [@dev:localhost] | 2026-08-23 18:56:13 | bench 106
2026-08-23 19:00:04,767:    DEBUG: matrix-commander: message_callback(): for room <nio.rooms.MatrixRoom object at 0x7f93c0f8f890> received this event: type: <class 'nio.events.room_events.RoomMessageText'>, event_id: $H0n1eNsB31zSmAhp55FfgH9P40dP8FmANOe4kS6KJ-o, event: @dev:localhost: bench 107
2026-08-23 19:00:04,767:    DEBUG: matrix-commander: event.server_timestamp = 1787511373275
2026-08-23 19:00:04,768:    DEBUG: matrix-commander: event_datetime = 2026-08-23 18:56:13
2026-08-23 19:00:04,768:    DEBUG: matrix-commander: type(msg) = <class 'str'>. msg is a string
2026-08-23 19:00:04,768:    DEBUG: matrix-commander: Message received for room @dev:localhost [!bench:localhost] | sender @dev:localhost [@dev:localhost] | 2026-08-23 18:56:13 | bench 107
Message received for room @dev:localhost [!bench:localhost] | sender @dev:localhost [@dev:localhost] | 2026-08-23 18:56:13 | bench 107
2026-08-23 19:00:04,768:    DEBUG: matrix-commander: message_callback(): for room <nio.rooms.MatrixRoom object at 0x7f93c0f8f890> received this event: type: <class 'nio.events.room_events.RoomMessageText'>, event_id: $okCSAQbFbk7xKvR2wpYEw2oVSZ8yLj70XmXe6BUpv54, event: @dev:localhost: bench 108
2026-08-23 19:00:04,768:    DEBUG: matrix-commander: event.server_timestamp = 1787511373458
2026-08-23 19:00:04,768:    DEBUG: matrix-commander: event_datetime = 2026-08-23 18:56:13
2026-08-23 19:00:04,768:    DEBUG: matrix-commander: type(msg) = <class 'str'>. msg is a string
2026-08-23 19:00:04,768:    DEBUG: matrix-commander: Message received for room @dev:localhost [!bench:localhost] | sender @dev:localhost [@dev:localhost] | 2026-08-23 18:56:13 | bench 108
Message received for room @dev:localhost [!bench:localhost] | sender @dev:localhost [@dev:localhost] | 2026-08-23 18:56:13 | bench 108
2026-08-23 19:00:04,768:    DEBUG: matrix-commander: message_callback(): for room <nio.rooms.MatrixRoom object at 0x7f93c0f8f890> received this event: type: <class 'nio.events.room_events.RoomMessageText'>, event_id: $uFxQB4lD_wnsUO3xEqfFv2fZEx9nB8r41QS82ZWOuBQ, event: @dev:localhost: bench 109
2026-08-23 19:00:04,768:    DEBUG: matrix-commander: event.server_timestamp = 1787511373643
2026-08-23 19:00:04,768:    DEBUG: matrix-commander: event_datetime = 2026-08-23 18:56:13
2026-08-23 19:00:04,768:    DEBUG: matrix-commander: type(msg) = <class 'str'>. msg is a string
2026-08-23 19:00:04,768:    DEBUG: matrix-commander: Message received for room @dev:localhost [!bench:localhost] | sender @dev:localhost [@dev:localhost] | 2026-08-23 18:56:13 | bench 109
Message received for room @dev:localhost [!bench:localhost] | sender @dev:localhost [@dev:localhost] | 2026-08-23 18:56:13 | bench 109
2026-08-23 19:00:04,768:    DEBUG: matrix-commander: message_callback(): for room <nio.rooms.MatrixRoom object at 0x7f93c0f8f890> received this event: type: <class 'nio.events.room_events.RoomMessageText'>, event_id: $rIHOgbMzcMCdZGOIrwgSi0LYINg4ZtHUpG4agBV_iT8, event: @dev:localhost: bench 110
2026-08-23 19:00:04,768:    DEBUG: matrix-commander: event.server_timestamp = 1787511373829
2026-08-23 19:00:04,768:    DEBUG: matrix-commander: event_datetime = 2026-08-23 18:56:13
2026-08-23 19:00:04,768:    DEBUG: matrix-commander: type(msg) = <class 'str'>. msg is a string
2026-08-23 19:00:04,768:    DEBUG: matrix-commander: Message received for room @dev:localhost [!bench:localhost] | sender @dev:localhost [@dev:localhost] | 2026-08-23 18:56:13 | bench 110
Message received for room @dev:localhost [!bench:localhost] | sender @dev:localhost [@dev:localhost] | 2026-08-23 18:56:13 | bench 110
2026-08-23 19:00:04,768:    DEBUG: matrix-commander: message_callback(): for room <nio.rooms.MatrixRoom object at 0x7f93c0f8f890> received this event: type: <class 'nio.events.room_events.RoomMessageText'>, event_id: $QRoVZ48mWiIk7VxgUOUfCAYZXvBpr_u9McKQIFdIwxg, event: @dev:localhost: bench 111
2026-08-23 19:00:04,768:    DEBUG: matrix-commander: event.server_timestamp = 1787511374025
2026-08-23 19:00:04,768:    DEBUG: matrix-commander: event_datetime = 2026-08-23 18:56:14
2026-08-23 19:00:04,768:    DEBUG: matrix-commander: type(msg) = <class 'str'>. msg is a string
2026-08-23 19:00:04,768:    DEBUG: matrix-commander: Message received for room @dev:localhost [!bench:localhost] | sender @dev:localhost [@dev:localhost] | 2026-08-23 18:56:14 | bench 111
Message received for room @dev:localhost [!bench:localhost] | sender @dev:localhost [@dev:localhost] | 2026-08-23 18:56:14 | bench 111
2026-08-23 19:00:04,769:    DEBUG: matrix-commander: message_callback(): for room <nio.rooms.MatrixRoom object at 0x7f93c0f8f890> received this event: type: <class 'nio.events.room_events.RoomMessageText'>, event_id: $7lyDlJ0s2xjuSxocQ_ktlEYfGruHhwj4qE9inVwjd9c, event: @dev:localhost: bench 112
2026-08-23 19:00:04,769:    DEBUG: matrix-commander: event.server_timestamp = 1787511374221
2026-08-23 19:00:04,769:    DEBUG: matrix-commander: event_datetime = 2026-08-23 18:56:14
2026-08-23 19:00:04,769:    DEBUG: matrix-commander: type(msg) = <class 'str'>. msg is a string
2026-08-23 19:00:04,769:    DEBUG: matrix-commander: Message received for room @dev:localhost [!bench:localhost] | sender @dev:localhost [@dev:localhost] | 2026-08-23 18:56:14 | bench 112
Message received for room @dev:localhost [!bench:localhost] | sender @dev:localhost [@dev:localhost] | 2026-08-23 18:56:14 | bench 112
2026-08-23 19:00:04,769:    DEBUG: matrix-commander: message_callback(): for room <nio.rooms.MatrixRoom object at 0x7f93c0f8f890> received this event: type: <class 'nio.events.room_events.RoomMessageText'>, event_id: $et62dMvl6bMSfGKnrmySkMPHnSx9Qzw5fcN0G42vpq8, event: @dev:localhost: bench 113
2026-08-23 19:00:04,769:    DEBUG: matrix-commander: event.server_timestamp = 1787511374436
2026-08-23 19:00:04,769:    DEBUG: matrix-commander: event_datetime = 2026-08-23 18:56:14
2026-08-23 19:00:04,769:    DEBUG: matrix-commander: type(msg) = <class 'str'>. msg is a string
2026-08-23 19:00:04,769:    DEBUG: matrix-commander: Message received for room @dev:localhost [!bench:localhost] | sender @dev:localhost [@dev:localhost] | 2026-08-23 18:56:14 | bench 113
Message received for room @dev:localhost [!bench:localhost] | sender @dev:localhost [@dev:localhost] | 2026-08-23 18:56:14 | bench 113
2026-08-23 19:00:04,769:    DEBUG: matrix-commander: message_callback(): for room <nio.rooms.MatrixRoom object at 0x7f93c0f8f890> received this event: type: <class 'nio.events.room_events.RoomMessageText'>, event_id: $t7srBKS4W0jrSQgbCsMAAjvOoePE9pn2O2qnTuT5UZI, event: @dev:localhost: bench 114
2026-08-23 19:00:04,769:    DEBUG: matrix-commander: event.server_timestamp = 1787511374637
2026-08-23 19:00:04,769:    DEBUG: matrix-commander: event_datetime = 2026-08-23 18:56:14
2026-08-23 19:00:04,769:    DEBUG: matrix-commander: type(msg) = <class 'str'>. msg is a string
2026-08-23 19:00:04,769:    DEBUG: matrix-commander: Message received for room @dev:localhost [!bench:localhost] | sender @dev:localhost [@dev:localhost] | 2026-08-23 18:56:14 | bench 114
Message received for room @dev:localhost [!bench:localhost] | sender @dev:localhost [@dev:localhost] | 2026-08-23 18:56:14 | bench 114
2026-08-23 19:00:04,769:    DEBUG: matrix-commander: message_callback(): for room <nio.rooms.MatrixRoom object at 0x7f93c0f8f890> received this event: type: <class 'nio.events.room_events.RoomMessageText'>, event_id: $XbO_ItkOEzWUHWnO8urLszLnsgGTDtqZ8YXqSUQQ4u8, event: @dev:localhost: bench 115
2026-08-23 19:00:04,769:    DEBUG: matrix-commander: event.server_timestamp = 1787511374851
2026-08-23 19:00:04,769:    DEBUG: matrix-commander: event_datetime = 2026-08-23 18:56:14
2026-08-23 19:00:04,769:    DEBUG: matrix-commander: type(msg) = <class 'str'>. msg is a string
Message received for room @dev:localhost [!bench:localhost] | sender @dev:localhost [@dev:localhost] | 2026-08-23 18:56:14 | bench 115
2026-08-23 19:00:04,769:    DEBUG: matrix-commander: Message received for room @dev:localhost [!bench:localhost] | sender @dev:localhost [@dev:localhost] | 2026-08-23 18:56:14 | bench 115
2026-08-23 19:00:04,769:    DEBUG: matrix-commander: message_callback(): for room <nio.rooms.MatrixRoom object at 0x7f93c0f8f890> received this event: type: <class 'nio.events.room_events.RoomMessageText'>, event_id: $zo_HheqFvXlqGQRpCda8jGu3jEB2A74itzE4de9j2I8, event: @dev:localhost: bench 116
2026-08-23 19:00:04,769:    DEBUG: matrix-commander: event.server_timestamp = 1787511375081
2026-08-23 19:00:04,769:    DEBUG: matrix-commander: event_datetime = 2026-08-23 18:56:15
2026-08-23 19:00:04,769:    DEBUG: matrix-commander: type(msg) = <class 'str'>. msg is a string
2026-08-23 19:00:04,770:    DEBUG: matrix-commander: Message received for room @dev:localhost [!bench:localhost] | sender @dev:localhost [@dev:localhost] | 2026-08-23 18:56:15 | bench 116
Message received for room @dev:localhost [!bench:localhost] | sender @dev:localhost [@dev:localhost] | 2026-08-23 18:56:15 | bench 116
2026-08-23 19:00:04,770:    DEBUG: matrix-commander: message_callback(): for room <nio.rooms.MatrixRoom object at 0x7f93c0f8f890> received this event: type: <class 'nio.events.room_events.RoomMessageText'>, event_id: $zsfVVvrGZLqGMK2_zGSc9BMBf_EdRqIJyUZfrxrxBjE, event: @dev:localhost: bench 117
2026-08-23 19:00:04,770:    DEBUG: matrix-commander: event.server_timestamp = 1787511375297
2026-08-23 19:00:04,770:    DEBUG: matrix-commander: event_datetime = 2026-08-23 18:56:15
2026-08-23 19:00:04,770:    DEBUG: matrix-commander: type(msg) = <class 'str'>. msg is a string
2026-08-23 19:00:04,770:    DEBUG: matrix-commander: Message received for room @dev:localhost [!bench:localhost] | sender @dev:localhost [@dev:localhost] | 2026-08-23 18:56:15 | bench 117
Message received for room @dev:localhost [!bench:localhost] | sender @dev:localhost [@dev:localhost] | 2026-08-23 18:56:15 | bench 117
2026-08-23 19:00:04,770:    DEBUG: matrix-commander: message_callback(): for room <nio.rooms.MatrixRoom object at 0x7f93c0f8f890> received this event: type: <class 'nio.events.room_events.RoomMessageText'>, event_id: $xpLMC1IB8SRHtu236zmgyNtLCDT3MKbILN2JO3ZbXAU, event: @dev:localhost: bench 118
2026-08-23 19:00:04,770:    DEBUG: matrix-commander: event.server_timestamp = 1787511375478
2026-08-23 19:00:04,770:    DEBUG: matrix-commander: event_datetime = 2026-08-23 18:56:15
2026-08-23 19:00:04,770:    DEBUG: matrix-commander: type(msg) = <class 'str'>. msg is a string
2026-08-23 19:00:04,770:    DEBUG: matrix-commander: Message received for room @dev:localhost [!bench:localhost] | sender @dev:localhost [@dev:localhost] | 2026-08-23 18:56:15 | bench 118
Message received for room @dev:localhost [!bench:localhost] | sender @dev:localhost [@dev:localhost] | 2026-08-23 18:56:15 | bench 118
2026-08-23 19:00:04,770:    DEBUG: matrix-commander: message_callback(): for room <nio.rooms.MatrixRoom object at 0x7f93c0f8f890> received this event: type: <class 'nio.events.room_events.RoomMessageText'>, event_id: $GTdmnvf98ISmHZsQKfqIGUEvHrY_v7szMz9JvduWstI, event: @dev:localhost: bench 119
2026-08-23 19:00:04,770:    DEBUG: matrix-commander: event.server_timestamp = 1787511375646
2026-08-23 19:00:04,770:    DEBUG: matrix-commander: event_datetime = 2026-08-23 18:56:15
2026-08-23 19:00:04,770:    DEBUG: matrix-commander: type(msg) = <class 'str'>. msg is a string
2026-08-23 19:00:04,770:    DEBUG: matrix-commander: Message received for room @dev:localhost [!bench:localhost] | sender @dev:localhost [@dev:localhost] | 2026-08-23 18:56:15 | bench 119
Message received for room @dev:localhost [!bench:localhost] | sender @dev:localhost [@dev:localhost] | 2026-08-23 18:56:15 | bench 119
2026-08-23 19:00:04,770:    DEBUG: matrix-commander: message_callback(): for room <nio.rooms.MatrixRoom object at 0x7f93c0f8f890> received this event: type: <class 'nio.events.room_events.RoomMessageText'>, event_id: $-dDLvRbrAwoUpVpX83mW-x_66_kI3uSksVPRWicsKM8, event: @dev:localhost: bench 120
2026-08-23 19:00:04,770:    DEBUG: matrix-commander: event.server_timestamp = 1787511375875
2026-08-23 19:00:04,770:    DEBUG: matrix-commander: event_datetime = 2026-08-23 18:56:15
2026-08-23 19:00:04,770:    DEBUG: matrix-commander: type(msg) = <class 'str'>. msg is a string
2026-08-23 19:00:04,770:    DEBUG: matrix-commander: Message received for room @dev:localhost [!bench:localhost] | sender @dev:localhost [@dev:localhost] | 2026-08-23 18:56:15 | bench 120
Message received for room @dev:localhost [!bench:localhost] | sender @dev:localhost [@dev:localhost] | 2026-08-23 18:56:15 | bench 120
2026-08-23 19:00:04,770:    DEBUG: matrix-commander: message_callback(): for room <nio.rooms.MatrixRoom object at 0x7f93c0f8f890> received this event: type: <class 'nio.events.room_events.RoomMessageText'>, event_id: $t1ECnTp23_-ExwnKAtBC4A46dkTNB8ZlcexXwpdmIZc, event: @dev:localhost: bench 121
2026-08-23 19:00:04,770:    DEBUG: matrix-commander: event.server_timestamp = 1787511376052
2026-08-23 19:00:04,770:    DEBUG: matrix-commander: event_datetime = 2026-08-23 18:56:16
2026-08-23 19:00:04,770:    DEBUG: matrix-commander: type(msg) = <class 'str'>. msg is a string
2026-08-23 19:00:04,770:    DEBUG: matrix-commander: Message received for room @dev:localhost [!bench:localhost] | sender @dev:localhost [@dev:localhost] | 2026-08-23 18:56:16 | bench 121
Message received for room @dev:localhost [!bench:localhost] | sender @dev:localhost [@dev:localhost] | 2026-08-23 18:56:16 | bench 121
2026-08-23 19:00:04,771:    DEBUG: matrix-commander: message_callback(): for room <nio.rooms.MatrixRoom object at 0x7f93c0f8f890> received this event: type: <class 'nio.events.room_events.RoomMessageText'>, event_id: $hMsW2bfDSHSzprWnbck-5vopP6n-DTLdnbgC31LdGOI, event: @dev:localhost: bench 122
2026-08-23 19:00:04,771:    DEBUG: matrix-commander: event.server_timestamp = 1787511376236
2026-08-23 19:00:04,771:    DEBUG: matrix-commander: event_datetime = 2026-08-23 18:56:16
2026-08-23 19:00:04,771:    DEBUG: matrix-commander: type(msg) = <class 'str'>. msg is a string
2026-08-23 19:00:04,771:    DEBUG: matrix-commander: Message received for room @dev:localhost [!bench:localhost] | sender @dev:localhost [@dev:localhost] | 2026-08-23 18:56:16 | bench 122
Message received for room @dev:localhost [!bench:localhost] | sender @dev:localhost [@dev:localhost] | 2026-08-23 18:56:16 | bench 122
2026-08-23 19:00:04,771:    DEBUG: matrix-commander: message_callback(): for room <nio.rooms.MatrixRoom object at 0x7f93c0f8f890> received this event: type: <class 'nio.events.room_events.RoomMessageText'>, event_id: $UtQ05Uu79O-VHyI4S4ZYRpucgkW2ZfEafxr2AcjiXTw, event: @dev:localhost: bench 123
2026-08-23 19:00:04,771:    DEBUG: matrix-commander: event.server_timestamp = 1787511376413
2026-08-23 19:00:04,771:    DEBUG: matrix-commander: event_datetime = 2026-08-23 18:56:16
2026-08-23 19:00:04,771:    DEBUG: matrix-commander: type(msg) = <class 'str'>. msg is a string
2026-08-23 19:00:04,771:    DEBUG: matrix-commander: Message received for room @dev:localhost [!bench:localhost] | sender @dev:localhost [@dev:localhost] | 2026-08-23 18:56:16 | bench 123
Message received for room @dev:localhost [!bench:localhost] | sender @dev:localhost [@dev:localhost] | 2026-08-23 18:56:16 | bench 123
2026-08-23 19:00:04,771:    DEBUG: matrix-commander: message_callback(): for room <nio.rooms.MatrixRoom object at 0x7f93c0f8f890> received this event: type: <class 'nio.events.room_events.RoomMessageText'>, event_id: $pZd3dtHd11mulbAh4X6h_oWxCB-HyrcZdQab-vcXazQ, event: @dev:localhost: bench 124
2026-08-23 19:00:04,771:    DEBUG: matrix-commander: event.server_timestamp = 1787511376600
2026-08-23 19:00:04,771:    DEBUG: matrix-commander: event_datetime = 2026-08-23 18:56:16
2026-08-23 19:00:04,771:    DEBUG: matrix-commander: type(msg) = <class 'str'>. msg is a string
2026-08-23 19:00:04,771:    DEBUG: matrix-commander: Message received for room @dev:localhost [!bench:localhost] | sender @dev:localhost [@dev:localhost] | 2026-08-23 18:56:16 | bench 124
2026-08-23 19:00:04,771:    DEBUG: matrix-commander: message_callback(): for room <nio.rooms.MatrixRoom object at 0x7f93c0f8f890> received this event: type: <class 'nio.events.room_events.RoomMessageText'>, event_id: $2v45IZdf1TD2ZERnsZHErZcBFrbO8m7VeJE8I12-8ls, event: @dev:localhost: bench 125
2026-08-23 19:00:04,771:    DEBUG: matrix-commander: event.server_timestamp = 1787511376795
Message received for room @dev:localhost [!bench:localhost] | sender @dev:localhost [@dev:localhost] | 2026-08-23 18:56:16 | bench 124
2026-08-23 19:00:04,771:    DEBUG: matrix-commander: event_datetime = 2026-08-23 18:56:16
2026-08-23 19:00:04,771:    DEBUG: matrix-commander: type(msg) = <class 'str'>. msg is a string
2026-08-23 19:00:04,771:    DEBUG: matrix-commander: Message received for room @dev:localhost [!bench:localhost] | sender @dev:localhost [@dev:localhost] | 2026-08-23 18:56:16 | bench 125
Message received for room @dev:localhost [!bench:localhost] | sender @dev:localhost [@dev:localhost] | 2026-08-23 18:56:16 | bench 125
2026-08-23 19:00:04,771:    DEBUG: matrix-commander: message_callback(): for room <nio.rooms.MatrixRoom object at 0x7f93c0f8f890> received this event: type: <class 'nio.events.room_events.RoomMessageText'>, event_id: $0KK6lPBwM1fWjqiJWe5a-er33IkVHVSrmChYia7kaIE, event: @dev:localhost: bench 126
2026-08-23 19:00:04,771:    DEBUG: matrix-commander: event.server_timestamp = 1787511376994
2026-08-23 19:00:04,771:    DEBUG: matrix-commander: event_datetime = 2026-08-23 18:56:16
2026-08-23 19:00:04,771:    DEBUG: matrix-commander: type(msg) = <class 'str'>. msg is a string
Message received for room @dev:localhost [!bench:localhost] | sender @dev:localhost [@dev:localhost] | 2026-08-23 18:56:16 | bench 126
2026-08-23 19:00:04,771:    DEBUG: matrix-commander: Message received for room @dev:localhost [!bench:localhost] | sender @dev:localhost [@dev:localhost] | 2026-08-23 18:56:16 | bench 126
2026-08-23 19:00:04,771:    DEBUG: matrix-commander: message_callback(): for room <nio.rooms.MatrixRoom object at 0x7f93c0f8f890> received this event: type: <class 'nio.events.room_events.RoomMessageText'>, event_id: $YQNEE4m81HMzbNK5oCl0IyoTOagInD_pa-4N1NswKQs, event: @dev:localhost: bench 127
2026-08-23 19:00:04,772:    DEBUG: matrix-commander: event.server_timestamp = 1787511377195
2026-08-23 19:00:04,772:    DEBUG: matrix-commander: event_datetime = 2026-08-23 18:56:17
2026-08-23 19:00:04,772:    DEBUG: matrix-commander: type(msg) = <class 'str'>. msg is a string
2026-08-23 19:00:04,772:    DEBUG: matrix-commander: Message received for room @dev:localhost [!bench:localhost] | sender @dev:localhost [@dev:localhost] | 2026-08-23 18:56:17 | bench 127
Message received for room @dev:localhost [!bench:localhost] | sender @dev:localhost [@dev:localhost] | 2026-08-23 18:56:17 | bench 127
2026-08-23 19:00:04,772:    DEBUG: matrix-commander: message_callback(): for room <nio.rooms.MatrixRoom object at 0x7f93c0f8f890> received this event: type: <class 'nio.events.room_events.RoomMessageText'>, event_id: $veKTZcRxQv061hnMwxLhKkFog68d9vCxUZKpRhIMdeg, event: @dev:localhost: bench 128
2026-08-23 19:00:04,772:    DEBUG: matrix-commander: event.server_timestamp = 1787511377395
2026-08-23 19:00:04,772:    DEBUG: matrix-commander: event_datetime = 2026-08-23 18:56:17
2026-08-23 19:00:04,772:    DEBUG: matrix-commander: type(msg) = <class 'str'>. msg is a string
2026-08-23 19:00:04,772:    DEBUG: matrix-commander: Message received for room @dev:localhost [!bench:localhost] | sender @dev:localhost [@dev:localhost] | 2026-08-23 18:56:17 | bench 128
Message received for room @dev:localhost [!bench:localhost] | sender @dev:localhost [@dev:localhost] | 2026-08-23 18:56:17 | bench 128
2026-08-23 19:00:04,772:    DEBUG: matrix-commander: message_callback(): for room <nio.rooms.MatrixRoom object at 0x7f93c0f8f890> received this event: type: <class 'nio.events.room_events.RoomMessageText'>, event_id: $1a4BQh2t0zsxsoH2sDPMG5t0kIHN6QiXCDm5WlXWhWc, event: @dev:localhost: bench 129
2026-08-23 19:00:04,772:    DEBUG: matrix-commander: event.server_timestamp = 1787511377587
2026-08-23 19:00:04,772:    DEBUG: matrix-commander: event_datetime = 2026-08-23 18:56:17
2026-08-23 19:00:04,772:    DEBUG: matrix-commander: type(msg) = <class 'str'>. msg is a string
2026-08-23 19:00:04,772:    DEBUG: matrix-commander: Message received for room @dev:localhost [!bench:localhost] | sender @dev:localhost [@dev:localhost] | 2026-08-23 18:56:17 | bench 129
Message received for room @dev:localhost [!bench:localhost] | sender @dev:localhost [@dev:localhost] | 2026-08-23 18:56:17 | bench 129
2026-08-23 19:00:04,772:    DEBUG: matrix-commander: message_callback(): for room <nio.rooms.MatrixRoom object at 0x7f93c0f8f890> received this event: type: <class 'nio.events.room_events.RoomMessageText'>, event_id: $MZBrrd03RwYA2Ez4WMPQlzqtSHWQxpqyI51LKSGv8MU, event: @dev:localhost: bench 130
2026-08-23 19:00:04,772:    DEBUG: matrix-commander: event.server_timestamp = 1787511377777
2026-08-23 19:00:04,772:    DEBUG: matrix-commander: event_datetime = 2026-08-23 18:56:17
2026-08-23 19:00:04,772:    DEBUG: matrix-commander: type(msg) = <class 'str'>. msg is a string
2026-08-23 19:00:04,772:    DEBUG: matrix-commander: Message received for room @dev:localhost [!bench:localhost] | sender @dev:localhost [@dev:localhost] | 2026-08-23 18:56:17 | bench 130
Message received for room @dev:localhost [!bench:localhost] | sender @dev:localhost [@dev:localhost] | 2026-08-23 18:56:17 | bench 130
2026-08-23 19:00:04,772:    DEBUG: matrix-commander: message_callback(): for room <nio.rooms.MatrixRoom object at 0x7f93c0f8f890> received this event: type: <class 'nio.events.room_events.RoomMessageText'>, event_id: $BmmsAbcyLZ_qhkendF9ohtEZnxs2T_1e1j4knH70yHk, event: @dev:localhost: bench 131
2026-08-23 19:00:04,772:    DEBUG: matrix-commander: event.server_timestamp = 1787511377959
2026-08-23 19:00:04,772:    DEBUG: matrix-commander: event_datetime = 2026-08-23 18:56:17
2026-08-23 19:00:04,772:    DEBUG: matrix-commander: type(msg) = <class 'str'>. msg is a string
Message received for room @dev:localhost [!bench:localhost] | sender @dev:localhost [@dev:localhost] | 2026-08-23 18:56:17 | bench 131
2026-08-23 19:00:04,772:    DEBUG: matrix-commander: Message received for room @dev:localhost [!bench:localhost] | sender @dev:localhost [@dev:localhost] | 2026-08-23 18:56:17 | bench 131
2026-08-23 19:00:04,772:    DEBUG: matrix-commander: message_callback(): for room <nio.rooms.MatrixRoom object at 0x7f93c0f8f890> received this event: type: <class 'nio.events.room_events.RoomMessageText'>, event_id: $ql5svN32fEsYfgEI5DBbHUd5-Jo4bNihshgV0ZOF1ko, event: @dev:localhost: bench 132
2026-08-23 19:00:04,772:    DEBUG: matrix-commander: event.server_timestamp = 1787511378158
2026-08-23 19:00:04,773:    DEBUG: matrix-commander: event_datetime = 2026-08-23 18:56:18
2026-08-23 19:00:04,773:    DEBUG: matrix-commander: type(msg) = <class 'str'>. msg is a string
2026-08-23 19:00:04,773:    DEBUG: matrix-commander: Message received for room @dev:localhost [!bench:localhost] | sender @dev:localhost [@dev:localhost] | 2026-08-23 18:56:18 | bench 132
Message received for room @dev:localhost [!bench:localhost] | sender @dev:localhost [@dev:localhost] | 2026-08-23 18:56:18 | bench 132
2026-08-23 19:00:04,773:    DEBUG: matrix-commander: message_callback(): for room <nio.rooms.MatrixRoom object at 0x7f93c0f8f890> received this event: type: <class 'nio.events.room_events.RoomMessageText'>, event_id: $39WIvL5tAiL6qd00xZ0U0M09FjIISovaPr8HxKIzR6w, event: @dev:localhost: bench 133
2026-08-23 19:00:04,773:    DEBUG: matrix-commander: event.server_timestamp = 1787511378350
2026-08-23 19:00:04,773:    DEBUG: matrix-commander: event_datetime = 2026-08-23 18:56:18
2026-08-23 19:00:04,773:    DEBUG: matrix-commander: type(msg) = <class 'str'>. msg is a string
2026-08-23 19:00:04,773:    DEBUG: matrix-commander: Message received for room @dev:localhost [!bench:localhost] | sender @dev:localhost [@dev:localhost] | 2026-08-23 18:56:18 | bench 133
Message received for room @dev:localhost [!bench:localhost] | sender @dev:localhost [@dev:localhost] | 2026-08-23 18:56:18 | bench 133
2026-08-23 19:00:04,773:    DEBUG: matrix-commander: message_callback(): for room <nio.rooms.MatrixRoom object at 0x7f93c0f8f890> received this event: type: <class 'nio.events.room_events.RoomMessageText'>, event_id: $Ic4uqb7KHHRNIYbmGPKR3z8Jg-oQAcXidvp3sgvVd0Y, event: @dev:localhost: bench 134
2026-08-23 19:00:04,773:    DEBUG: matrix-commander: event.server_timestamp = 1787511378546
2026-08-23 19:00:04,773:    DEBUG: matrix-commander: event_datetime = 2026-08-23 18:56:18
2026-08-23 19:00:04,773:    DEBUG: matrix-commander: type(msg) = <class 'str'>. msg is a string
2026-08-23 19:00:04,773:    DEBUG: matrix-commander: Message received for room @dev:localhost [!bench:localhost] | sender @dev:localhost [@dev:localhost] | 2026-08-23 18:56:18 | bench 134
Message received for room @dev:localhost [!bench:localhost] | sender @dev:localhost [@dev:localhost] | 2026-08-23 18:56:18 | bench 134
2026-08-23 19:00:04,773:    DEBUG: matrix-commander: message_callback(): for room <nio.rooms.MatrixRoom object at 0x7f93c0f8f890> received this event: type: <class 'nio.events.room_events.RoomMessageText'>, event_id: $oLf16bX837L-fkZ4OPXom0ogV6HNPz5pPLapg3TI71g, event: @dev:localhost: bench 135
2026-08-23 19:00:04,773:    DEBUG: matrix-commander: event.server_timestamp = 1787511378780
2026-08-23 19:00:04,773:    DEBUG: matrix-commander: event_datetime = 2026-08-23 18:56:18
2026-08-23 19:00:04,773:    DEBUG: matrix-commander: type(msg) = <class 'str'>. msg is a string
2026-08-23 19:00:04,773:    DEBUG: matrix-commander: Message received for room @dev:localhost [!bench:localhost] | sender @dev:localhost [@dev:localhost] | 2026-08-23 18:56:18 | bench 135
Message received for room @dev:localhost [!bench:localhost] | sender @dev:localhost [@dev:localhost] | 2026-08-23 18:56:18 | bench 135
2026-08-23 19:00:04,773:    DEBUG: matrix-commander: message_callback(): for room <nio.rooms.MatrixRoom object at 0x7f93c0f8f890> received this event: type: <class 'nio.events.room_events.RoomMessageText'>, event_id: $zMPwEWL9K-aPzxWm5bnGVKqGCBlQgv8JeCM2BN_ThJQ, event: @dev:localhost: bench 136
2026-08-23 19:00:04,773:    DEBUG: matrix-commander: event.server_timestamp = 1787511379041
2026-08-23 19:00:04,773:    DEBUG: matrix-commander: event_datetime = 2026-08-23 18:56:19
2026-08-23 19:00:04,773:    DEBUG: matrix-commander: type(msg) = <class 'str'>. msg is a string
2026-08-23 19:00:04,773:    DEBUG: matrix-commander: Message received for room @dev:localhost [!bench:localhost] | sender @dev:localhost [@dev:localhost] | 2026-08-23 18:56:19 | bench 136
2026-08-23 19:00:04,773:    DEBUG: matrix-commander: message_callback(): for room <nio.rooms.MatrixRoom object at 0x7f93c0f8f890> received this event: type: <class 'nio.events.room_events.RoomMessageText'>, event_id: $mrl6it55FSeVUSQoJgsTf0PtBNIvjknNnfaxT4ml9os, event: @dev:localhost: bench 137
Message received for room @dev:localhost [!bench:localhost] | sender @dev:localhost [@dev:localhost] | 2026-08-23 18:56:19 | bench 136
2026-08-23 19:00:04,773:    DEBUG: matrix-commander: event.server_timestamp = 1787511379239
2026-08-23 19:00:04,773:    DEBUG: matrix-commander: event_datetime = 2026-08-23 18:56:19
2026-08-23 19:00:04,773:    DEBUG: matrix-commander: type(msg) = <class 'str'>. msg is a string
2026-08-23 19:00:04,773:    DEBUG: matrix-commander: Message received for room @dev:localhost [!bench:localhost] | sender @dev:localhost [@dev:localhost] | 2026-08-23 18:56:19 | bench 137
Message received for room @dev:localhost [!bench:localhost] | sender @dev:localhost [@dev:localhost] | 2026-08-23 18:56:19 | bench 137
2026-08-23 19:00:04,774:    DEBUG: matrix-commander: message_callback(): for room <nio.rooms.MatrixRoom object at 0x7f93c0f8f890> received this event: type: <class 'nio.events.room_events.RoomMessageText'>, event_id: $RJlyMY_AYI1KX78b3LghNnKL9yX44yXDn9E5J5kvr3g, event: @dev:localhost: bench 138
2026-08-23 19:00:04,774:    DEBUG: matrix-commander: event.server_timestamp = 1787511379421
2026-08-23 19:00:04,774:    DEBUG: matrix-commander: event_datetime = 2026-08-23 18:56:19
2026-08-23 19:00:04,774:    DEBUG: matrix-commander: type(msg) = <class 'str'>. msg is a string
2026-08-23 19:00:04,774:    DEBUG: matrix-commander: Message received for room @dev:localhost [!bench:localhost] | sender @dev:localhost [@dev:localhost] | 2026-08-23 18:56:19 | bench 138
Message received for room @dev:localhost [!bench:localhost] | sender @dev:localhost [@dev:localhost] | 2026-08-23 18:56:19 | bench 138
2026-08-23 19:00:04,774:    DEBUG: matrix-commander: message_callback(): for room <nio.rooms.MatrixRoom object at 0x7f93c0f8f890> received this event: type: <class 'nio.events.room_events.RoomMessageText'>, event_id: $ZhGz9TWNZpFPGHpDeWRaVTWygs3f5xA5MY_piFlvgBU, event: @dev:localhost: bench 139
2026-08-23 19:00:04,774:    DEBUG: matrix-commander: event.server_timestamp = 1787511379595
2026-08-23 19:00:04,774:    DEBUG: matrix-commander: event_datetime = 2026-08-23 18:56:19
2026-08-23 19:00:04,774:    DEBUG: matrix-commander: type(msg) = <class 'str'>. msg is a string
2026-08-23 19:00:04,774:    DEBUG: matrix-commander: Message received for room @dev:localhost [!bench:localhost] | sender @dev:localhost [@dev:localhost] | 2026-08-23 18:56:19 | bench 139
Message received for room @dev:localhost [!bench:localhost] | sender @dev:localhost [@dev:localhost] | 2026-08-23 18:56:19 | bench 139
2026-08-23 19:00:04,774:    DEBUG: matrix-commander: message_callback(): for room <nio.rooms.MatrixRoom object at 0x7f93c0f8f890> received this event: type: <class 'nio.events.room_events.RoomMessageText'>, event_id: $qmV0ea_41yHEhKnBFP2lseiMZ1MGrGz0nZ2seYUsZ1U, event: @dev:localhost: bench 140
2026-08-23 19:00:04,774:    DEBUG: matrix-commander: event.server_timestamp = 1787511379787
2026-08-23 19:00:04,774:    DEBUG: matrix-commander: event_datetime = 2026-08-23 18:56:19
2026-08-23 19:00:04,774:    DEBUG: matrix-commander: type(msg) = <class 'str'>. msg is a string
2026-08-23 19:00:04,774:    DEBUG: matrix-commander: Message received for room @dev:localhost [!bench:localhost] | sender @dev:localhost [@dev:localhost] | 2026-08-23 18:56:19 | bench 140
Message received for room @dev:localhost [!bench:localhost] | sender @dev:localhost [@dev:localhost] | 2026-08-23 18:56:19 | bench 140
2026-08-23 19:00:04,774:    DEBUG: matrix-commander: message_callback(): for room <nio.rooms.MatrixRoom object at 0x7f93c0f8f890> received this event: type: <class 'nio.events.room_events.RoomMessageText'>, event_id: $CN1bl_v8gZci47jniM4zuRRjt0fuHYYa1JlSMk7cOuo, event: @dev:localhost: bench 141
2026-08-23 19:00:04,774:    DEBUG: matrix-commander: event.server_timestamp = 1787511379976
2026-08-23 19:00:04,774:    DEBUG: matrix-commander: event_datetime = 2026-08-23 18:56:19
2026-08-23 19:00:04,774:    DEBUG: matrix-commander: type(msg) = <class 'str'>. msg is a string
2026-08-23 19:00:04,774:    DEBUG: matrix-commander: Message received for room @dev:localhost [!bench:localhost] | sender @dev:localhost [@dev:localhost] | 2026-08-23 18:56:19 | bench 141
Message received for room @dev:localhost [!bench:localhost] | sender @dev:localhost [@dev:localhost] | 2026-08-23 18:56:19 | bench 141
2026-08-23 19:00:04,774:    DEBUG: matrix-commander: message_callback(): for room <nio.rooms.MatrixRoom object at 0x7f93c0f8f890> received this event: type: <class 'nio.events.room_events.RoomMessageText'>, event_id: $wRh1Ssy_p91M2KFd-sy8FJzbIfa9BjRNER3bXI21n2Y, event: @dev:localhost: bench 142
2026-08-23 19:00:04,774:    DEBUG: matrix-commander: event.server_timestamp = 1787511380164
2026-08-23 19:00:04,774:    DEBUG: matrix-commander: event_datetime = 2026-08-23 18:56:20
2026-08-23 19:00:04,774:    DEBUG: matrix-commander: type(msg) = <class 'str'>. msg is a string
2026-08-23 19:00:04,774:    DEBUG: matrix-commander: Message received for room @dev:localhost [!bench:localhost] | sender @dev:localhost [@dev:localhost] | 2026-08-23 18:56:20 | bench 142
Message received for room @dev:localhost [!bench:localhost] | sender @dev:localhost [@dev:localhost] | 2026-08-23 18:56:20 | bench 142
2026-08-23 19:00:04,775:    DEBUG: matrix-commander: message_callback(): for room <nio.rooms.MatrixRoom object at 0x7f93c0f8f890> received this event: type: <class 'nio.events.room_events.RoomMessageText'>, event_id: $lR_zRQQPXk0EpCYPlnS8_V3DZVGX4Sqwz0DTnI5J6lY, event: @dev:localhost: bench 143
2026-08-23 19:00:04,775:    DEBUG: matrix-commander: event.server_timestamp = 1787511380327
2026-08-23 19:00:04,775:    DEBUG: matrix-commander: event_datetime = 2026-08-23 18:56:20
2026-08-23 19:00:04,775:    DEBUG: matrix-commander: type(msg) = <class 'str'>. msg is a string
2026-08-23 19:00:04,775:    DEBUG: matrix-commander: Message received for room @dev:localhost [!bench:localhost] | sender @dev:localhost [@dev:localhost] | 2026-08-23 18:56:20 | bench 143
Message received for room @dev:localhost [!bench:localhost] | sender @dev:localhost [@dev:localhost] | 2026-08-23 18:56:20 | bench 143
2026-08-23 19:00:04,775:    DEBUG: matrix-commander: message_callback(): for room <nio.rooms.MatrixRoom object at 0x7f93c0f8f890> received this event: type: <class 'nio.events.room_events.RoomMessageText'>, event_id: $ibegxqLhNIZltpZsrjhqoIHFlxyA13pdZozxZWhCYI8, event: @dev:localhost: bench 144
2026-08-23 19:00:04,775:    DEBUG: matrix-commander: event.server_timestamp = 1787511380502
2026-08-23 19:00:04,775:    DEBUG: matrix-commander: event_datetime = 2026-08-23 18:56:20
2026-08-23 19:00:04,775:    DEBUG: matrix-commander: type(msg) = <class 'str'>. msg is a string
2026-08-23 19:00:04,775:    DEBUG: matrix-commander: Message received for room @dev:localhost [!bench:localhost] | sender @dev:localhost [@dev:localhost] | 2026-08-23 18:56:20 | bench 144
Message received for room @dev:localhost [!bench:localhost] | sender @dev:localhost [@dev:localhost] | 2026-08-23 18:56:20 | bench 144
2026-08-23 19:00:04,775:    DEBUG: matrix-commander: message_callback(): for room <nio.rooms.MatrixRoom object at 0x7f93c0f8f890> received this event: type: <class 'nio.events.room_events.RoomMessageText'>, event_id: $D3ccvNzUhsIvB-udZhGxN4WBAGHix1Z39S-sU3Yu0dE, event: @dev:localhost: bench 145
2026-08-23 19:00:04,775:    DEBUG: matrix-commander: event.server_timestamp = 1787511380660
2026-08-23 19:00:04,775:    DEBUG: matrix-commander: event_datetime = 2026-08-23 18:56:20
2026-08-23 19:00:04,775:    DEBUG: matrix-commander: type(msg) = <class 'str'>. msg is a string
2026-08-23 19:00:04,775:    DEBUG: matrix-commander: Message received for room @dev:localhost [!bench:localhost] | sender @dev:localhost [@dev:localhost] | 2026-08-23 18:56:20 | bench 145
Message received for room @dev:localhost [!bench:localhost] | sender @dev:localhost [@dev:localhost] | 2026-08-23 18:56:20 | bench 145
2026-08-23 19:00:04,775:    DEBUG: matrix-commander: message_callback(): for room <nio.rooms.MatrixRoom object at 0x7f93c0f8f890> received this event: type: <class 'nio.events.room_events.RoomMessageText'>, event_id: $2rpfdpwQipp8XUuPKBvd1Y4nSjvovVJF62Dd1S0p0H8, event: @dev:localhost: bench 146
2026-08-23 19:00:04,775:    DEBUG: matrix-commander: event.server_timestamp = 1787511380842
2026-08-23 19:00:04,775:    DEBUG: matrix-commander: event_datetime = 2026-08-23 18:56:20
2026-08-23 19:00:04,775:    DEBUG: matrix-commander: type(msg) = <class 'str'>. msg is a string
2026-08-23 19:00:04,775:    DEBUG: matrix-commander: Message received for room @dev:localhost [!bench:localhost] | sender @dev:localhost [@dev:localhost] | 2026-08-23 18:56:20 | bench 146
Message received for room @dev:localhost [!bench:localhost] | sender @dev:localhost [@dev:localhost] | 2026-08-23 18:56:20 | bench 146
2026-08-23 19:00:04,775:    DEBUG: matrix-commander: message_callback(): for room <nio.rooms.MatrixRoom object at 0x7f93c0f8f890> received this event: type: <class 'nio.events.room_events.RoomMessageText'>, event_id: $zUcdHIKzoObpqz95EYoe_SMMuDPf_z6UWazz_kGALys, event: @dev:localhost: bench 147
2026-08-23 19:00:04,775:    DEBUG: matrix-commander: event.server_timestamp = 1787511381021
2026-08-23 19:00:04,775:    DEBUG: matrix-commander: event_datetime = 2026-08-23 18:56:21
2026-08-23 19:00:04,775:    DEBUG: matrix-commander: type(msg) = <class 'str'>. msg is a string
2026-08-23 19:00:04,775:    DEBUG: matrix-commander: Message received for room @dev:localhost [!bench:localhost] | sender @dev:localhost [@dev:localhost] | 2026-08-23 18:56:21 | bench 147
Message received for room @dev:localhost [!bench:localhost] | sender @dev:localhost [@dev:localhost] | 2026-08-23 18:56:21 | bench 147
2026-08-23 19:00:04,775:    DEBUG: matrix-commander: message_callback(): for room <nio.rooms.MatrixRoom object at 0x7f93c0f8f890> received this event: type: <class 'nio.events.room_events.RoomMessageText'>, event_id: $Oaav1f2TIHanI1f2GvM4lPTNRinz-PNp-sue5iLdzLQ, event: @dev:localhost: bench 148
2026-08-23 19:00:04,775:    DEBUG: matrix-commander: event.server_timestamp = 1787511381206
2026-08-23 19:00:04,775:    DEBUG: matrix-commander: event_datetime = 2026-08-23 18:56:21
2026-08-23 19:00:04,775:    DEBUG: matrix-commander: type(msg) = <class 'str'>. msg is a string
2026-08-23 19:00:04,776:    DEBUG: matrix-commander: Message received for room @dev:localhost [!bench:localhost] | sender @dev:localhost [@dev:localhost] | 2026-08-23 18:56:21 | bench 148
Message received for room @dev:localhost [!bench:localhost] | sender @dev:localhost [@dev:localhost] | 2026-08-23 18:56:21 | bench 148
2026-08-23 19:00:04,776:    DEBUG: matrix-commander: message_callback(): for room <nio.rooms.MatrixRoom object at 0x7f93c0f8f890> received this event: type: <class 'nio.events.room_events.RoomMessageText'>, event_id: $y0tig3MR2ygO_Q8xHEG1lUnxjpgf0uaiyS87_uKKF1Q, event: @dev:localhost: bench 149
2026-08-23 19:00:04,776:    DEBUG: matrix-commander: event.server_timestamp = 1787511381388
2026-08-23 19:00:04,776:    DEBUG: matrix-commander: event_datetime = 2026-08-23 18:56:21
2026-08-23 19:00:04,776:    DEBUG: matrix-commander: type(msg) = <class 'str'>. msg is a string
Message received for room @dev:localhost [!bench:localhost] | sender @dev:localhost [@dev:localhost] | 2026-08-23 18:56:21 | bench 149
2026-08-23 19:00:04,776:    DEBUG: matrix-commander: Message received for room @dev:localhost [!bench:localhost] | sender @dev:localhost [@dev:localhost] | 2026-08-23 18:56:21 | bench 149
2026-08-23 19:00:04,776:    DEBUG: matrix-commander: message_callback(): for room <nio.rooms.MatrixRoom object at 0x7f93c0f8f890> received this event: type: <class 'nio.events.room_events.RoomMessageText'>, event_id: $Kgbj4IXkD_VLPUTbECOMqaoPPVCPztmU0TtvWyd-UcM, event: @dev:localhost: bench 150
2026-08-23 19:00:04,776:    DEBUG: matrix-commander: event.server_timestamp = 1787511381567
2026-08-23 19:00:04,776:    DEBUG: matrix-commander: event_datetime = 2026-08-23 18:56:21
2026-08-23 19:00:04,776:    DEBUG: matrix-commander: type(msg) = <class 'str'>. msg is a string
2026-08-23 19:00:04,776:    DEBUG: matrix-commander: Message received for room @dev:localhost [!bench:localhost] | sender @dev:localhost [@dev:localhost] | 2026-08-23 18:56:21 | bench 150
Message received for room @dev:localhost [!bench:localhost] | sender @dev:localhost [@dev:localhost] | 2026-08-23 18:56:21 | bench 150
2026-08-23 19:00:04,776:    DEBUG: matrix-commander: message_callback(): for room <nio.rooms.MatrixRoom object at 0x7f93c0f8f890> received this event: type: <class 'nio.events.room_events.RoomMessageText'>, event_id: $ctptDu6NrPZRokwVqFC_MMkmQgKNZdrw8J73j33tmNM, event: @dev:localhost: bench 151
2026-08-23 19:00:04,776:    DEBUG: matrix-commander: event.server_timestamp = 1787511381764
2026-08-23 19:00:04,776:    DEBUG: matrix-commander: event_datetime = 2026-08-23 18:56:21
2026-08-23 19:00:04,776:    DEBUG: matrix-commander: type(msg) = <class 'str'>. msg is a string
2026-08-23 19:00:04,776:    DEBUG: matrix-commander: Message received for room @dev:localhost [!bench:localhost] | sender @dev:localhost [@dev:localhost] | 2026-08-23 18:56:21 | bench 151
Message received for room @dev:localhost [!bench:localhost] | sender @dev:localhost [@dev:localhost] | 2026-08-23 18:56:21 | bench 151
2026-08-23 19:00:04,776:    DEBUG: matrix-commander: message_callback(): for room <nio.rooms.MatrixRoom object at 0x7f93c0f8f890> received this event: type: <class 'nio.events.room_events.RoomMessageText'>, event_id: $84hz8ZfG7atKIC1mM4VnQEOQXv56u0QKFcnmm2qyJU4, event: @dev:localhost: bench 152
2026-08-23 19:00:04,776:    DEBUG: matrix-commander: event.server_timestamp = 1787511381958
2026-08-23 19:00:04,776:    DEBUG: matrix-commander: event_datetime = 2026-08-23 18:56:21
2026-08-23 19:00:04,776:    DEBUG: matrix-commander: type(msg) = <class 'str'>. msg is a string
2026-08-23 19:00:04,776:    DEBUG: matrix-commander: Message received for room @dev:localhost [!bench:localhost] | sender @dev:localhost [@dev:localhost] | 2026-08-23 18:56:21 | bench 152
Message received for room @dev:localhost [!bench:localhost] | sender @dev:localhost [@dev:localhost] | 2026-08-23 18:56:21 | bench 152
2026-08-23 19:00:04,776:    DEBUG: matrix-commander: message_callback(): for room <nio.rooms.MatrixRoom object at 0x7f93c0f8f890> received this event: type: <class 'nio.events.room_events.RoomMessageText'>, event_id: $zoZz9lUk4-1nP2dUANDxrkcXl1Pf_OPGV7c6DNmmJRc, event: @dev:localhost: bench 153
2026-08-23 19:00:04,776:    DEBUG: matrix-commander: event.server_timestamp = 1787511382151
2026-08-23 19:00:04,776:    DEBUG: matrix-commander: event_datetime = 2026-08-23 18:56:22
2026-08-23 19:00:04,776:    DEBUG: matrix-commander: type(msg) = <class 'str'>. msg is a string
2026-08-23 19:00:04,776:    DEBUG: matrix-commander: Message received for room @dev:localhost [!bench:localhost] | sender @dev:localhost [@dev:localhost] | 2026-08-23 18:56:22 | bench 153
Message received for room @dev:localhost [!bench:localhost] | sender @dev:localhost [@dev:localhost] | 2026-08-23 18:56:22 | bench 153
2026-08-23 19:00:04,776:    DEBUG: matrix-commander: message_callback(): for room <nio.rooms.MatrixRoom object at 0x7f93c0f8f890> received this event: type: <class 'nio.events.room_events.RoomMessageText'>, event_id: $bQ6PfRhykkeamcRE0vfysrJZyQZHDR5RleBigfO6fl0, event: @dev:localhost: bench 154
2026-08-23 19:00:04,776:    DEBUG: matrix-commander: event.server_timestamp = 1787511382337
2026-08-23 19:00:04,776:    DEBUG: matrix-commander: event_datetime = 2026-08-23 18:56:22
2026-08-23 19:00:04,777:    DEBUG: matrix-commander: type(msg) = <class 'str'>. msg is a string
2026-08-23 19:00:04,777:    DEBUG: matrix-commander: Message received for room @dev:localhost [!bench:localhost] | sender @dev:localhost [@dev:localhost] | 2026-08-23 18:56:22 | bench 154
Message received for room @dev:localhost [!bench:localhost] | sender @dev:localhost [@dev:localhost] | 2026-08-23 18:56:22 | bench 154
2026-08-23 19:00:04,777:    DEBUG: matrix-commander: message_callback(): for room <nio.rooms.MatrixRoom object at 0x7f93c0f8f890> received this event: type: <class 'nio.events.room_events.RoomMessageText'>, event_id: $oG0W52pVZh6kZLfHnzqT4eKzmvujHnoHCu-0v5NNCr4, event: @dev:localhost: bench 155
2026-08-23 19:00:04,777:    DEBUG: matrix-commander: event.server_timestamp = 1787511382529
2026-08-23 19:00:04,777:    DEBUG: matrix-commander: event_datetime = 2026-08-23 18:56:22
2026-08-23 19:00:04,777:    DEBUG: matrix-commander: type(msg) = <class 'str'>. msg is a string
2026-08-23 19:00:04,777:    DEBUG: matrix-commander: Message received for room @dev:localhost [!bench:localhost] | sender @dev:localhost [@dev:localhost] | 2026-08-23 18:56:22 | bench 155
Message received for room @dev:localhost [!bench:localhost] | sender @dev:localhost [@dev:localhost] | 2026-08-23 18:56:22 | bench 155
2026-08-23 19:00:04,777:    DEBUG: matrix-commander: message_callback(): for room <nio.rooms.MatrixRoom object at 0x7f93c0f8f890> received this event: type: <class 'nio.events.room_events.RoomMessageText'>, event_id: $R8xY4xJCRAKp0MdoV8WE6mw_k6JIv-RJ17GXM-1QOkM, event: @dev:localhost: bench 156
2026-08-23 19:00:04,777:    DEBUG: matrix-commander: event.server_timestamp = 1787511382739
2026-08-23 19:00:04,777:    DEBUG: matrix-commander: event_datetime = 2026-08-23 18:56:22
2026-08-23 19:00:04,777:    DEBUG: matrix-commander: type(msg) = <class 'str'>. msg is a string
2026-08-23 19:00:04,777:    DEBUG: matrix-commander: Message received for room @dev:localhost [!bench:localhost] | sender @dev:localhost [@dev:localhost] | 2026-08-23 18:56:22 | bench 156
Message received for room @dev:localhost [!bench:localhost] | sender @dev:localhost [@dev:localhost] | 2026-08-23 18:56:22 | bench 156
2026-08-23 19:00:04,777:    DEBUG: matrix-commander: message_callback(): for room <nio.rooms.MatrixRoom object at 0x7f93c0f8f890> received this event: type: <class 'nio.events.room_events.RoomMessageText'>, event_id: $-hiAkzz1m7n-GhNrTbNxDtDEax1IXts38gku-Yan5VU, event: @dev:localhost: bench 157
2026-08-23 19:00:04,777:    DEBUG: matrix-commander: event.server_timestamp = 1787511382965
2026-08-23 19:00:04,777:    DEBUG: matrix-commander: event_datetime = 2026-08-23 18:56:22
2026-08-23 19:00:04,777:    DEBUG: matrix-commander: type(msg) = <class 'str'>. msg is a string
2026-08-23 19:00:04,777:    DEBUG: matrix-commander: Message received for room @dev:localhost [!bench:localhost] | sender @dev:localhost [@dev:localhost] | 2026-08-23 18:56:22 | bench 157
2026-08-23 19:00:04,777:    DEBUG: matrix-commander: message_callback(): for room <nio.rooms.MatrixRoom object at 0x7f93c0f8f890> received this event: type: <class 'nio.events.room_events.RoomMessageText'>, event_id: $Irc93MvG7f_NV1ctnUMmCqmGVQNwhW2hMAEbp64QmLY, event: @dev:localhost: bench 158
Message received for room @dev:localhost [!bench:localhost] | sender @dev:localhost [@dev:localhost] | 2026-08-23 18:56:22 | bench 157
2026-08-23 19:00:04,777:    DEBUG: matrix-commander: event.server_timestamp = 1787511383241
2026-08-23 19:00:04,777:    DEBUG: matrix-commander: event_datetime = 2026-08-23 18:56:23
2026-08-23 19:00:04,777:    DEBUG: matrix-commander: type(msg) = <class 'str'>. msg is a string
Message received for room @dev:localhost [!bench:localhost] | sender @dev:localhost [@dev:localhost] | 2026-08-23 18:56:23 | bench 158
2026-08-23 19:00:04,777:    DEBUG: matrix-commander: Message received for room @dev:localhost [!bench:localhost] | sender @dev:localhost [@dev:localhost] | 2026-08-23 18:56:23 | bench 158
2026-08-23 19:00:04,777:    DEBUG: matrix-commander: message_callback(): for room <nio.rooms.MatrixRoom object at 0x7f93c0f8f890> received this event: type: <class 'nio.events.room_events.RoomMessageText'>, event_id: $qEyt10WMob9J4MAbA7ibLHQ5qXNkooqxQlS3-c-zw_c, event: @dev:localhost: bench 159
2026-08-23 19:00:04,777:    DEBUG: matrix-commander: event.server_timestamp = 1787511383436
2026-08-23 19:00:04,777:    DEBUG: matrix-commander: event_datetime = 2026-08-23 18:56:23
2026-08-23 19:00:04,777:    DEBUG: matrix-commander: type(msg) = <class 'str'>. msg is a string
2026-08-23 19:00:04,777:    DEBUG: matrix-commander: Message received for room @dev:localhost [!bench:localhost] | sender @dev:localhost [@dev:localhost] | 2026-08-23 18:56:23 | bench 159
Message received for room @dev:localhost [!bench:localhost] | sender @dev:localhost [@dev:localhost] | 2026-08-23 18:56:23 | bench 159
2026-08-23 19:00:04,777:    DEBUG: matrix-commander: message_callback(): for room <nio.rooms.MatrixRoom object at 0x7f93c0f8f890> received this event: type: <class 'nio.events.room_events.RoomMessageText'>, event_id: $YhDp8fmVhQokCjKFvIYFNuLa2cOyn3p4HK5BfbWmAa4, event: @dev:localhost: bench 160
2026-08-23 19:00:04,777:    DEBUG: matrix-commander: event.server_timestamp = 1787511383614
2026-08-23 19:00:04,777:    DEBUG: matrix-commander: event_datetime = 2026-08-23 18:56:23
2026-08-23 19:00:04,778:    DEBUG: matrix-commander: type(msg) = <class 'str'>. msg is a string
Message received for room @dev:localhost [!bench:localhost] | sender @dev:localhost [@dev:localhost] | 2026-08-23 18:56:23 | bench 160
2026-08-23 19:00:04,778:    DEBUG: matrix-commander: Message received for room @dev:localhost [!bench:localhost] | sender @dev:localhost [@dev:localhost] | 2026-08-23 18:56:23 | bench 160
2026-08-23 19:00:04,778:    DEBUG: matrix-commander: message_callback(): for room <nio.rooms.MatrixRoom object at 0x7f93c0f8f890> received this event: type: <class 'nio.events.room_events.RoomMessageText'>, event_id: $HHGnF_wiM6TklkiUNgtf-7iATi6mzsTo8oSK4rNFiRw, event: @dev:localhost: bench 161
2026-08-23 19:00:04,778:    DEBUG: matrix-commander: event.server_timestamp = 1787511383865
2026-08-23 19:00:04,778:    DEBUG: matrix-commander: event_datetime = 2026-08-23 18:56:23
2026-08-23 19:00:04,778:    DEBUG: matrix-commander: type(msg) = <class 'str'>. msg is a string
2026-08-23 19:00:04,778:    DEBUG: matrix-commander: Message received for room @dev:localhost [!bench:localhost] | sender @dev:localhost [@dev:localhost] | 2026-08-23 18:56:23 | bench 161
Message received for room @dev:localhost [!bench:localhost] | sender @dev:localhost [@dev:localhost] | 2026-08-23 18:56:23 | bench 161
2026-08-23 19:00:04,778:    DEBUG: matrix-commander: message_callback(): for room <nio.rooms.MatrixRoom object at 0x7f93c0f8f890> received this event: type: <class 'nio.events.room_events.RoomMessageText'>, event_id: $Z-BOBaz40rn8w86ajrlpUgmk-8nyW1gUcs8G6_Fm4yU, event: @dev:localhost: bench 162
2026-08-23 19:00:04,778:    DEBUG: matrix-commander: event.server_timestamp = 1787511384058
2026-08-23 19:00:04,778:    DEBUG: matrix-commander: event_datetime = 2026-08-23 18:56:24
2026-08-23 19:00:04,778:    DEBUG: matrix-commander: type(msg) = <class 'str'>. msg is a string
2026-08-23 19:00:04,778:    DEBUG: matrix-commander: Message received for room @dev:localhost [!bench:localhost] | sender @dev:localhost [@dev:localhost] | 2026-08-23 18:56:24 | bench 162
Message received for room @dev:localhost [!bench:localhost] | sender @dev:localhost [@dev:localhost] | 2026-08-23 18:56:24 | bench 162
2026-08-23 19:00:04,778:    DEBUG: matrix-commander: message_callback(): for room <nio.rooms.MatrixRoom object at 0x7f93c0f8f890> received this event: type: <class 'nio.events.room_events.RoomMessageText'>, event_id: $Cw2l9meONnsG2VBmyP2CNHo2wfIOEm5x4exO2egxhWo, event: @dev:localhost: bench 163
2026-08-23 19:00:04,778:    DEBUG: matrix-commander: event.server_timestamp = 1787511384237
2026-08-23 19:00:04,778:    DEBUG: matrix-commander: event_datetime = 2026-08-23 18:56:24
2026-08-23 19:00:04,778:    DEBUG: matrix-commander: type(msg) = <class 'str'>. msg is a string
Message received for room @dev:localhost [!bench:localhost] | sender @dev:localhost [@dev:localhost] | 2026-08-23 18:56:24 | bench 163
2026-08-23 19:00:04,778:    DEBUG: matrix-commander: Message received for room @dev:localhost [!bench:localhost] | sender @dev:localhost [@dev:localhost] | 2026-08-23 18:56:24 | bench 163
2026-08-23 19:00:04,778:    DEBUG: matrix-commander: message_callback(): for room <nio.rooms.MatrixRoom object at 0x7f93c0f8f890> received this event: type: <class 'nio.events.room_events.RoomMessageText'>, event_id: $0dVbhui45RZaTXtpC81GZxcC0T5zLwRDbMK_YpMOEHo, event: @dev:localhost: bench 164
2026-08-23 19:00:04,778:    DEBUG: matrix-commander: event.server_timestamp = 1787511384420
2026-08-23 19:00:04,778:    DEBUG: matrix-commander: event_datetime = 2026-08-23 18:56:24
2026-08-23 19:00:04,778:    DEBUG: matrix-commander: type(msg) = <class 'str'>. msg is a string
Message received for room @dev:localhost [!bench:localhost] | sender @dev:localhost [@dev:localhost] | 2026-08-23 18:56:24 | bench 164
2026-08-23 19:00:04,778:    DEBUG: matrix-commander: Message received for room @dev:localhost [!bench:localhost] | sender @dev:localhost [@dev:localhost] | 2026-08-23 18:56:24 | bench 164
2026-08-23 19:00:04,778:    DEBUG: matrix-commander: message_callback(): for room <nio.rooms.MatrixRoom object at 0x7f93c0f8f890> received this event: type: <class 'nio.events.room_events.RoomMessageText'>, event_id: $Y3JyiPHc-eE5CV-eVC5xm8WfmuXrv-TYNhtaB3urqaE, event: @dev:localhost: bench 165
2026-08-23 19:00:04,778:    DEBUG: matrix-commander: event.server_timestamp = 1787511384641
2026-08-23 19:00:04,779:    DEBUG: matrix-commander: event_datetime = 2026-08-23 18:56:24
2026-08-23 19:00:04,779:    DEBUG: matrix-commander: type(msg) = <class 'str'>. msg is a string
2026-08-23 19:00:04,779:    DEBUG: matrix-commander: Message received for room @dev:localhost [!bench:localhost] | sender @dev:localhost [@dev:localhost] | 2026-08-23 18:56:24 | bench 165
Message received for room @dev:localhost [!bench:localhost] | sender @dev:localhost [@dev:localhost] | 2026-08-23 18:56:24 | bench 165
2026-08-23 19:00:04,779:    DEBUG: matrix-commander: message_callback(): for room <nio.rooms.MatrixRoom object at 0x7f93c0f8f890> received this event: type: <class 'nio.events.room_events.RoomMessageText'>, event_id: $0zJvOJuagSTwk2StSQAFzWElVzbIrF4fa2F3j5VdWMk, event: @dev:localhost: bench 166
2026-08-23 19:00:04,779:    DEBUG: matrix-commander: event.server_timestamp = 1787511384819
2026-08-23 19:00:04,779:    DEBUG: matrix-commander: event_datetime = 2026-08-23 18:56:24
2026-08-23 19:00:04,779:    DEBUG: matrix-commander: type(msg) = <class 'str'>. msg is a string
Message received for room @dev:localhost [!bench:localhost] | sender @dev:localhost [@dev:localhost] | 2026-08-23 18:56:24 | bench 166
2026-08-23 19:00:04,779:    DEBUG: matrix-commander: Message received for room @dev:localhost [!bench:localhost] | sender @dev:localhost [@dev:localhost] | 2026-08-23 18:56:24 | bench 166
2026-08-23 19:00:04,779:    DEBUG: matrix-commander: message_callback(): for room <nio.rooms.MatrixRoom object at 0x7f93c0f8f890> received this event: type: <class 'nio.events.room_events.RoomMessageText'>, event_id: $tclltifpAqavaxbq02PxpxiydA1X_qL5Gq_p3PHSANM, event: @dev:localhost: bench 167
2026-08-23 19:00:04,779:    DEBUG: matrix-commander: event.server_timestamp = 1787511385000
2026-08-23 19:00:04,779:    DEBUG: matrix-commander: event_datetime = 2026-08-23 18:56:25
2026-08-23 19:00:04,779:    DEBUG: matrix-commander: type(msg) = <class 'str'>. msg is a string
2026-08-23 19:00:04,779:    DEBUG: matrix-commander: Message received for room @dev:localhost [!bench:localhost] | sender @dev:localhost [@dev:localhost] | 2026-08-23 18:56:25 | bench 167
2026-08-23 19:00:04,779:    DEBUG: matrix-commander: message_callback(): for room <nio.rooms.MatrixRoom object at 0x7f93c0f8f890> received this event: type: <class 'nio.events.room_events.RoomMessageText'>, event_id: $1cFp_Oc2ztlsH5jjYaqdCuMgVItKIWHGRuaTvRNAB1g, event: @dev:localhost: bench 168
2026-08-23 19:00:04,779:    DEBUG: matrix-commander: event.server_timestamp = 1787511385172
Message received for room @dev:localhost [!bench:localhost] | sender @dev:localhost [@dev:localhost] | 2026-08-23 18:56:25 | bench 167
2026-08-23 19:00:04,779:    DEBUG: matrix-commander: event_datetime = 2026-08-23 18:56:25
2026-08-23 19:00:04,779:    DEBUG: matrix-commander: type(msg) = <class 'str'>. msg is a string
2026-08-23 19:00:04,779:    DEBUG: matrix-commander: Message received for room @dev:localhost [!bench:localhost] | sender @dev:localhost [@dev:localhost] | 2026-08-23 18:56:25 | bench 168
Message received for room @dev:localhost [!bench:localhost] | sender @dev:localhost [@dev:localhost] | 2026-08-23 18:56:25 | bench 168
2026-08-23 19:00:04,779:    DEBUG: matrix-commander: message_callback(): for room <nio.rooms.MatrixRoom object at 0x7f93c0f8f890> received this event: type: <class 'nio.events.room_events.RoomMessageText'>, event_id: $GUN1Fj6mYrYW1F72_GaUPYux78uP6BPfLx0uQZJKd1w, event: @dev:localhost: bench 169
2026-08-23 19:00:04,779:    DEBUG: matrix-commander: event.server_timestamp = 1787511385359
2026-08-23 19:00:04,779:    DEBUG: matrix-commander: event_datetime = 2026-08-23 18:56:25
2026-08-23 19:00:04,779:    DEBUG: matrix-commander: type(msg) = <class 'str'>. msg is a string
2026-08-23 19:00:04,779:    DEBUG: matrix-commander: Message received for room @dev:localhost [!bench:localhost] | sender @dev:localhost [@dev:localhost] | 2026-08-23 18:56:25 | bench 169
Message received for room @dev:localhost [!bench:localhost] | sender @dev:localhost [@dev:localhost] | 2026-08-23 18:56:25 | bench 169
2026-08-23 19:00:04,779:    DEBUG: matrix-commander: message_callback(): for room <nio.rooms.MatrixRoom object at 0x7f93c0f8f890> received this event: type: <class 'nio.events.room_events.RoomMessageText'>, event_id: $KXP1f1YM7gd6oRlxnCpQ6gKQzpJhDLnEtiVN5OzMqMk, event: @dev:localhost: bench 170
2026-08-23 19:00:04,779:    DEBUG: matrix-commander: event.server_timestamp = 1787511385546
2026-08-23 19:00:04,779:    DEBUG: matrix-commander: event_datetime = 2026-08-23 18:56:25
2026-08-23 19:00:04,779:    DEBUG: matrix-commander: type(msg) = <class 'str'>. msg is a string
2026-08-23 19:00:04,779:    DEBUG: matrix-commander: Message received for room @dev:localhost [!bench:localhost] | sender @dev:localhost [@dev:localhost] | 2026-08-23 18:56:25 | bench 170
Message received for room @dev:localhost [!bench:localhost] | sender @dev:localhost [@dev:localhost] | 2026-08-23 18:56:25 | bench 170
2026-08-23 19:00:04,780:    DEBUG: matrix-commander: message_callback(): for room <nio.rooms.MatrixRoom object at 0x7f93c0f8f890> received this event: type: <class 'nio.events.room_events.RoomMessageText'>, event_id: $s6zEE9JZnXg3eEWv27AS6yLS__fBTPbd4qg5WhUFIRg, event: @dev:localhost: bench 171
2026-08-23 19:00:04,780:    DEBUG: matrix-commander: event.server_timestamp = 1787511385736
2026-08-23 19:00:04,780:    DEBUG: matrix-commander: event_datetime = 2026-08-23 18:56:25
2026-08-23 19:00:04,780:    DEBUG: matrix-commander: type(msg) = <class 'str'>. msg is a string
2026-08-23 19:00:04,780:    DEBUG: matrix-commander: Message received for room @dev:localhost [!bench:localhost] | sender @dev:localhost [@dev:localhost] | 2026-08-23 18:56:25 | bench 171
Message received for room @dev:localhost [!bench:localhost] | sender @dev:localhost [@dev:localhost] | 2026-08-23 18:56:25 | bench 171
2026-08-23 19:00:04,780:    DEBUG: matrix-commander: message_callback(): for room <nio.rooms.MatrixRoom object at 0x7f93c0f8f890> received this event: type: <class 'nio.events.room_events.RoomMessageText'>, event_id: $IEiloFYFawmtOAEVIitBXpyTrUCpJNCW0tNbm5_R-4w, event: @dev:localhost: bench 172
2026-08-23 19:00:04,780:    DEBUG: matrix-commander: event.server_timestamp = 1787511385935
2026-08-23 19:00:04,780:    DEBUG: matrix-commander: event_datetime = 2026-08-23 18:56:25
2026-08-23 19:00:04,780:    DEBUG: matrix-commander: type(msg) = <class 'str'>. msg is a string
2026-08-23 19:00:04,780:    DEBUG: matrix-commander: Message received for room @dev:localhost [!bench:localhost] | sender @dev:localhost [@dev:localhost] | 2026-08-23 18:56:25 | bench 172
Message received for room @dev:localhost [!bench:localhost] | sender @dev:localhost [@dev:localhost] | 2026-08-23 18:56:25 | bench 172
2026-08-23 19:00:04,780:    DEBUG: matrix-commander: message_callback(): for room <nio.rooms.MatrixRoom object at 0x7f93c0f8f890> received this event: type: <class 'nio.events.room_events.RoomMessageText'>, event_id: $gL_ux5csq9n7cCDHEPDCJtEoifzPzTBl4QnOcj0oPcA, event: @dev:localhost: bench 173
2026-08-23 19:00:04,780:    DEBUG: matrix-commander: event.server_timestamp = 1787511386126
2026-08-23 19:00:04,780:    DEBUG: matrix-commander: event_datetime = 2026-08-23 18:56:26
2026-08-23 19:00:04,780:    DEBUG: matrix-commander: type(msg) = <class 'str'>. msg is a string
2026-08-23 19:00:04,780:    DEBUG: matrix-commander: Message received for room @dev:localhost [!bench:localhost] | sender @dev:localhost [@dev:localhost] | 2026-08-23 18:56:26 | bench 173
Message received for room @dev:localhost [!bench:localhost] | sender @dev:localhost [@dev:localhost] | 2026-08-23 18:56:26 | bench 173
2026-08-23 19:00:04,780:    DEBUG: matrix-commander: message_callback(): for room <nio.rooms.MatrixRoom object at 0x7f93c0f8f890> received this event: type: <class 'nio.events.room_events.RoomMessageText'>, event_id: $nSQRPtpa6dr4cLq4LCB313ciZG3iIHzUSAdlONIwGv0, event: @dev:localhost: bench 174
2026-08-23 19:00:04,780:    DEBUG: matrix-commander: event.server_timestamp = 1787511386332
2026-08-23 19:00:04,780:    DEBUG: matrix-commander: event_datetime = 2026-08-23 18:56:26
2026-08-23 19:00:04,780:    DEBUG: matrix-commander: type(msg) = <class 'str'>. msg is a string
2026-08-23 19:00:04,780:    DEBUG: matrix-commander: Message received for room @dev:localhost [!bench:localhost] | sender @dev:localhost [@dev:localhost] | 2026-08-23 18:56:26 | bench 174
Message received for room @dev:localhost [!bench:localhost] | sender @dev:localhost [@dev:localhost] | 2026-08-23 18:56:26 | bench 174
2026-08-23 19:00:04,780:    DEBUG: matrix-commander: message_callback(): for room <nio.rooms.MatrixRoom object at 0x7f93c0f8f890> received this event: type: <class 'nio.events.room_events.RoomMessageText'>, event_id: $_2UWMIVHepxCZEwg9lXVKGDNAUyol99fOfgDqxC4Hec, event: @dev:localhost: bench 175
2026-08-23 19:00:04,780:    DEBUG: matrix-commander: event.server_timestamp = 1787511386526
2026-08-23 19:00:04,780:    DEBUG: matrix-commander: event_datetime = 2026-08-23 18:56:26
2026-08-23 19:00:04,780:    DEBUG: matrix-commander: type(msg) = <class 'str'>. msg is a string
2026-08-23 19:00:04,780:    DEBUG: matrix-commander: Message received for room @dev:localhost [!bench:localhost] | sender @dev:localhost [@dev:localhost] | 2026-08-23 18:56:26 | bench 175
2026-08-23 19:00:04,780:    DEBUG: matrix-commander: message_callback(): for room <nio.rooms.MatrixRoom object at 0x7f93c0f8f890> received this event: type: <class 'nio.events.room_events.RoomMessageText'>, event_id: $owOp7kVLZyAneSzg7d4s3H8NDM2A-aGxqGKwiO6s1_w, event: @dev:localhost: bench 176
2026-08-23 19:00:04,781:    DEBUG: matrix-commander: event.server_timestamp = 1787511386709
Message received for room @dev:localhost [!bench:localhost] | sender @dev:localhost [@dev:localhost] | 2026-08-23 18:56:26 | bench 175
2026-08-23 19:00:04,781:    DEBUG: matrix-commander: event_datetime = 2026-08-23 18:56:26
2026-08-23 19:00:04,781:    DEBUG: matrix-commander: type(msg) = <class 'str'>. msg is a string
2026-08-23 19:00:04,781:    DEBUG: matrix-commander: Message received for room @dev:localhost [!bench:localhost] | sender @dev:localhost [@dev:localhost] | 2026-08-23 18:56:26 | bench 176
Message received for room @dev:localhost [!bench:localhost] | sender @dev:localhost [@dev:localhost] | 2026-08-23 18:56:26 | bench 176
2026-08-23 19:00:04,781:    DEBUG: matrix-commander: message_callback(): for room <nio.rooms.MatrixRoom object at 0x7f93c0f8f890> received this event: type: <class 'nio.events.room_events.RoomMessageText'>, event_id: $mCDTcdIJeuq4fLgDsbPtqSPQS2Zng_uoRfrE9Bscu4k, event: @dev:localhost: bench 177
2026-08-23 19:00:04,781:    DEBUG: matrix-commander: event.server_timestamp = 1787511386895
2026-08-23 19:00:04,781:    DEBUG: matrix-commander: event_datetime = 2026-08-23 18:56:26
2026-08-23 19:00:04,781:    DEBUG: matrix-commander: type(msg) = <class 'str'>. msg is a string
2026-08-23 19:00:04,781:    DEBUG: matrix-commander: Message received for room @dev:localhost [!bench:localhost] | sender @dev:localhost [@dev:localhost] | 2026-08-23 18:56:26 | bench 177
Message received for room @dev:localhost [!bench:localhost] | sender @dev:localhost [@dev:localhost] | 2026-08-23 18:56:26 | bench 177
2026-08-23 19:00:04,781:    DEBUG: matrix-commander: message_callback(): for room <nio.rooms.MatrixRoom object at 0x7f93c0f8f890> received this event: type: <class 'nio.events.room_events.RoomMessageText'>, event_id: $9WeGfPawgdjqbV-7lstW134-g2JEa7HaMn2ov7zMai0, event: @dev:localhost: bench 178
2026-08-23 19:00:04,781:    DEBUG: matrix-commander: event.server_timestamp = 1787511387086
2026-08-23 19:00:04,781:    DEBUG: matrix-commander: event_datetime = 2026-08-23 18:56:27
2026-08-23 19:00:04,781:    DEBUG: matrix-commander: type(msg) = <class 'str'>. msg is a string
2026-08-23 19:00:04,781:    DEBUG: matrix-commander: Message received for room @dev:localhost [!bench:localhost] | sender @dev:localhost [@dev:localhost] | 2026-08-23 18:56:27 | bench 178
Message received for room @dev:localhost [!bench:localhost] | sender @dev:localhost [@dev:localhost] | 2026-08-23 18:56:27 | bench 178
2026-08-23 19:00:04,781:    DEBUG: matrix-commander: message_callback(): for room <nio.rooms.MatrixRoom object at 0x7f93c0f8f890> received this event: type: <class 'nio.events.room_events.RoomMessageText'>, event_id: $j1FiTm-HL0uH82ENDGYifBo-gKL5yVxm2jKRvwnRHPE, event: @dev:localhost: bench 179
2026-08-23 19:00:04,781:    DEBUG: matrix-commander: event.server_timestamp = 1787511387267
2026-08-23 19:00:04,781:    DEBUG: matrix-commander: event_datetime = 2026-08-23 18:56:27
2026-08-23 19:00:04,781:    DEBUG: matrix-commander: type(msg) = <class 'str'>. msg is a string
2026-08-23 19:00:04,781:    DEBUG: matrix-commander: Message received for room @dev:localhost [!bench:localhost] | sender @dev:localhost [@dev:localhost] | 2026-08-23 18:56:27 | bench 179
Message received for room @dev:localhost [!bench:localhost] | sender @dev:localhost [@dev:localhost] | 2026-08-23 18:56:27 | bench 179
2026-08-23 19:00:04,781:    DEBUG: matrix-commander: message_callback(): for room <nio.rooms.MatrixRoom object at 0x7f93c0f8f890> received this event: type: <class 'nio.events.room_events.RoomMessageText'>, event_id: $AAYDcMXFfqSPsCSe4TjLTOSPDt78PK_PSYCnzjUgpgA, event: @dev:localhost: bench 180
2026-08-23 19:00:04,781:    DEBUG: matrix-commander: event.server_timestamp = 1787511387456
2026-08-23 19:00:04,781:    DEBUG: matrix-commander: event_datetime = 2026-08-23 18:56:27
2026-08-23 19:00:04,781:    DEBUG: matrix-commander: type(msg) = <class 'str'>. msg is a string
2026-08-23 19:00:04,781:    DEBUG: matrix-commander: Message received for room @dev:localhost [!bench:localhost] | sender @dev:localhost [@dev:localhost] | 2026-08-23 18:56:27 | bench 180
Message received for room @dev:localhost [!bench:localhost] | sender @dev:localhost [@dev:localhost] | 2026-08-23 18:56:27 | bench 180
2026-08-23 19:00:04,781:    DEBUG: matrix-commander: message_callback(): for room <nio.rooms.MatrixRoom object at 0x7f93c0f8f890> received this event: type: <class 'nio.events.room_events.RoomMessageText'>, event_id: $iHgjFtaAnhXodjAL_YRT38c5JoPRDL9lXxL9ER9rjs0, event: @dev:localhost: bench 181
2026-08-23 19:00:04,782:    DEBUG: matrix-commander: event.server_timestamp = 1787511387641
2026-08-23 19:00:04,782:    DEBUG: matrix-commander: event_datetime = 2026-08-23 18:56:27
2026-08-23 19:00:04,782:    DEBUG: matrix-commander: type(msg) = <class 'str'>. msg is a string
2026-08-23 19:00:04,782:    DEBUG: matrix-commander: Message received for room @dev:localhost [!bench:localhost] | sender @dev:localhost [@dev:localhost] | 2026-08-23 18:56:27 | bench 181
Message received for room @dev:localhost [!bench:localhost] | sender @dev:localhost [@dev:localhost] | 2026-08-23 18:56:27 | bench 181
2026-08-23 19:00:04,782:    DEBUG: matrix-commander: message_callback(): for room <nio.rooms.MatrixRoom object at 0x7f93c0f8f890> received this event: type: <class 'nio.events.room_events.RoomMessageText'>, event_id: $zQX14e7PZgIzQPBeriURDv_XZ_1RPhmHiLoAq_huAwY, event: @dev:localhost: bench 182
2026-08-23 19:00:04,782:    DEBUG: matrix-commander: event.server_timestamp = 1787511387828
2026-08-23 19:00:04,782:    DEBUG: matrix-commander: event_datetime = 2026-08-23 18:56:27
2026-08-23 19:00:04,782:    DEBUG: matrix-commander: type(msg) = <class 'str'>. msg is a string
2026-08-23 19:00:04,782:    DEBUG: matrix-commander: Message received for room @dev:localhost [!bench:localhost] | sender @dev:localhost [@dev:localhost] | 2026-08-23 18:56:27 | bench 182
Message received for room @dev:localhost [!bench:localhost] | sender @dev:localhost [@dev:localhost] | 2026-08-23 18:56:27 | bench 182
2026-08-23 19:00:04,782:    DEBUG: matrix-commander: message_callback(): for room <nio.rooms.MatrixRoom object at 0x7f93c0f8f890> received this event: type: <class 'nio.events.room_events.RoomMessageText'>, event_id: $C3znNdSbi4adSmtASEI9BKlZ-0R73gIlWrksjCgNnLQ, event: @dev:localhost: bench 183
2026-08-23 19:00:04,782:    DEBUG: matrix-commander: event.server_timestamp = 1787511388022
2026-08-23 19:00:04,782:    DEBUG: matrix-commander: event_datetime = 2026-08-23 18:56:28
2026-08-23 19:00:04,782:    DEBUG: matrix-commander: type(msg) = <class 'str'>. msg is a string
Message received for room @dev:localhost [!bench:localhost] | sender @dev:localhost [@dev:localhost] | 2026-08-23 18:56:28 | bench 183
2026-08-23 19:00:04,782:    DEBUG: matrix-commander: Message received for room @dev:localhost [!bench:localhost] | sender @dev:localhost [@dev:localhost] | 2026-08-23 18:56:28 | bench 183
2026-08-23 19:00:04,782:    DEBUG: matrix-commander: message_callback(): for room <nio.rooms.MatrixRoom object at 0x7f93c0f8f890> received this event: type: <class 'nio.events.room_events.RoomMessageText'>, event_id: $VUvPYACD9zvWVoKQ_uqrHy5POrXw6CBdKpAGbL7Jvls, event: @dev:localhost: bench 184
2026-08-23 19:00:04,782:    DEBUG: matrix-commander: event.server_timestamp = 1787511388207
2026-08-23 19:00:04,782:    DEBUG: matrix-commander: event_datetime = 2026-08-23 18:56:28
2026-08-23 19:00:04,782:    DEBUG: matrix-commander: type(msg) = <class 'str'>. msg is a string
2026-08-23 19:00:04,782:    DEBUG: matrix-commander: Message received for room @dev:localhost [!bench:localhost] | sender @dev:localhost [@dev:localhost] | 2026-08-23 18:56:28 | bench 184
2026-08-23 19:00:04,782:    DEBUG: matrix-commander: message_callback(): for room <nio.rooms.MatrixRoom object at 0x7f93c0f8f890> received this event: type: <class 'nio.events.room_events.RoomMessageText'>, event_id: $f9ph5WT1Hwg_PQ0JNYgiU8fLpFbPV44azns_k-yM2Zs, event: @dev:localhost: bench 185
Message received for room @dev:localhost [!bench:localhost] | sender @dev:localhost [@dev:localhost] | 2026-08-23 18:56:28 | bench 184
2026-08-23 19:00:04,782:    DEBUG: matrix-commander: event.server_timestamp = 1787511388407
2026-08-23 19:00:04,782:    DEBUG: matrix-commander: event_datetime = 2026-08-23 18:56:28
2026-08-23 19:00:04,782:    DEBUG: matrix-commander: type(msg) = <class 'str'>. msg is a string
2026-08-23 19:00:04,782:    DEBUG: matrix-commander: Message received for room @dev:localhost [!bench:localhost] | sender @dev:localhost [@dev:localhost] | 2026-08-23 18:56:28 | bench 185
Message received for room @dev:localhost [!bench:localhost] | sender @dev:localhost [@dev:localhost] | 2026-08-23 18:56:28 | bench 185
2026-08-23 19:00:04,782:    DEBUG: matrix-commander: message_callback(): for room <nio.rooms.MatrixRoom object at 0x7f93c0f8f890> received this event: type: <class 'nio.events.room_events.RoomMessageText'>, event_id: $pwkU7XdgMxw-feEpiqd_DI5IkIdpvfe5YWZ8rPWRUKc, event: @dev:localhost: bench 186
2026-08-23 19:00:04,782:    DEBUG: matrix-commander: event.server_timestamp = 1787511388609
2026-08-23 19:00:04,782:    DEBUG: matrix-commander: event_datetime = 2026-08-23 18:56:28
2026-08-23 19:00:04,782:    DEBUG: matrix-commander: type(msg) = <class 'str'>. msg is a string
2026-08-23 19:00:04,783:    DEBUG: matrix-commander: Message received for room @dev:localhost [!bench:localhost] | sender @dev:localhost [@dev:localhost] | 2026-08-23 18:56:28 | bench 186
Message received for room @dev:localhost [!bench:localhost] | sender @dev:localhost [@dev:localhost] | 2026-08-23 18:56:28 | bench 186
2026-08-23 19:00:04,783:    DEBUG: matrix-commander: message_callback(): for room <nio.rooms.MatrixRoom object at 0x7f93c0f8f890> received this event: type: <class 'nio.events.room_events.RoomMessageText'>, event_id: $ylRGnpJ5VNsYb9UI_lRhbsUICLWBm3J3n788RRErbgc, event: @dev:localhost: bench 187
2026-08-23 19:00:04,783:    DEBUG: matrix-commander: event.server_timestamp = 1787511388846
2026-08-23 19:00:04,783:    DEBUG: matrix-commander: event_datetime = 2026-08-23 18:56:28
2026-08-23 19:00:04,783:    DEBUG: matrix-commander: type(msg) = <class 'str'>. msg is a string
Message received for room @dev:localhost [!bench:localhost] | sender @dev:localhost [@dev:localhost] | 2026-08-23 18:56:28 | bench 187
2026-08-23 19:00:04,783:    DEBUG: matrix-commander: Message received for room @dev:localhost [!bench:localhost] | sender @dev:localhost [@dev:localhost] | 2026-08-23 18:56:28 | bench 187
2026-08-23 19:00:04,783:    DEBUG: matrix-commander: message_callback(): for room <nio.rooms.MatrixRoom object at 0x7f93c0f8f890> received this event: type: <class 'nio.events.room_events.RoomMessageText'>, event_id: $GV4PolbI9lqkaQFI4ZwUvJSZC_KMAqZcmaiRay8wKZU, event: @dev:localhost: bench 188
2026-08-23 19:00:04,783:    DEBUG: matrix-commander: event.server_timestamp = 1787511389137
2026-08-23 19:00:04,783:    DEBUG: matrix-commander: event_datetime = 2026-08-23 18:56:29
2026-08-23 19:00:04,783:    DEBUG: matrix-commander: type(msg) = <class 'str'>. msg is a string
2026-08-23 19:00:04,783:    DEBUG: matrix-commander: Message received for room @dev:localhost [!bench:localhost] | sender @dev:localhost [@dev:localhost] | 2026-08-23 18:56:29 | bench 188
Message received for room @dev:localhost [!bench:localhost] | sender @dev:localhost [@dev:localhost] | 2026-08-23 18:56:29 | bench 188
2026-08-23 19:00:04,783:    DEBUG: matrix-commander: message_callback(): for room <nio.rooms.MatrixRoom object at 0x7f93c0f8f890> received this event: type: <class 'nio.events.room_events.RoomMessageText'>, event_id: $MWX8APXZv2JxmtM4V3kAicLm_BsKisz7lPNYTP9e4ZQ, event: @dev:localhost: bench 189
2026-08-23 19:00:04,783:    DEBUG: matrix-commander: event.server_timestamp = 1787511389346
2026-08-23 19:00:04,783:    DEBUG: matrix-commander: event_datetime = 2026-08-23 18:56:29
2026-08-23 19:00:04,783:    DEBUG: matrix-commander: type(msg) = <class 'str'>. msg is a string
Message received for room @dev:localhost [!bench:localhost] | sender @dev:localhost [@dev:localhost] | 2026-08-23 18:56:29 | bench 189
2026-08-23 19:00:04,783:    DEBUG: matrix-commander: Message received for room @dev:localhost [!bench:localhost] | sender @dev:localhost [@dev:localhost] | 2026-08-23 18:56:29 | bench 189
2026-08-23 19:00:04,783:    DEBUG: matrix-commander: message_callback(): for room <nio.rooms.MatrixRoom object at 0x7f93c0f8f890> received this event: type: <class 'nio.events.room_events.RoomMessageText'>, event_id: $zdIIu6E-_5L7VcbNO-5lJyEcfAycWV8HT38oCBs89ac, event: @dev:localhost: bench 190
2026-08-23 19:00:04,783:    DEBUG: matrix-commander: event.server_timestamp = 1787511389562
2026-08-23 19:00:04,783:    DEBUG: matrix-commander: event_datetime = 2026-08-23 18:56:29
2026-08-23 19:00:04,783:    DEBUG: matrix-commander: type(msg) = <class 'str'>. msg is a string
2026-08-23 19:00:04,783:    DEBUG: matrix-commander: Message received for room @dev:localhost [!bench:localhost] | sender @dev:localhost [@dev:localhost] | 2026-08-23 18:56:29 | bench 190
Message received for room @dev:localhost [!bench:localhost] | sender @dev:localhost [@dev:localhost] | 2026-08-23 18:56:29 | bench 190
2026-08-23 19:00:04,783:    DEBUG: matrix-commander: message_callback(): for room <nio.rooms.MatrixRoom object at 0x7f93c0f8f890> received this event: type: <class 'nio.events.room_events.RoomMessageText'>, event_id: $GF9tZ4frpcEee6AKjMNVcUGLT_B506mJD6ImI3xguCw, event: @dev:localhost: bench 191
2026-08-23 19:00:04,783:    DEBUG: matrix-commander: event.server_timestamp = 1787511389758
2026-08-23 19:00:04,783:    DEBUG: matrix-commander: event_datetime = 2026-08-23 18:56:29
2026-08-23 19:00:04,783:    DEBUG: matrix-commander: type(msg) = <class 'str'>. msg is a string
2026-08-23 19:00:04,783:    DEBUG: matrix-commander: Message received for room @dev:localhost [!bench:localhost] | sender @dev:localhost [@dev:localhost] | 2026-08-23 18:56:29 | bench 191
2026-08-23 19:00:04,783:    DEBUG: matrix-commander: message_callback(): for room <nio.rooms.MatrixRoom object at 0x7f93c0f8f890> received this event: type: <class 'nio.events.room_events.RoomMessageText'>, event_id: $e6Q31EZti5a-o1ZiawtGnDLHZEBq_BMiKJDL1r0iOQo, event: @dev:localhost: bench 192
Message received for room @dev:localhost [!bench:localhost] | sender @dev:localhost [@dev:localhost] | 2026-08-23 18:56:29 | bench 191
2026-08-23 19:00:04,783:    DEBUG: matrix-commander: event.server_timestamp = 1787511389951
2026-08-23 19:00:04,783:    DEBUG: matrix-commander: event_datetime = 2026-08-23 18:56:29
2026-08-23 19:00:04,783:    DEBUG: matrix-commander: type(msg) = <class 'str'>. msg is a string
2026-08-23 19:00:04,783:    DEBUG: matrix-commander: Message received for room @dev:localhost [!bench:localhost] | sender @dev:localhost [@dev:localhost] | 2026-08-23 18:56:29 | bench 192
2026-08-23 19:00:04,784:    DEBUG: matrix-commander: message_callback(): for room <nio.rooms.MatrixRoom object at 0x7f93c0f8f890> received this event: type: <class 'nio.events.room_events.RoomMessageText'>, event_id: $2pYAGwHiAtGEYdWDHaqTkUlsuKkHXRwpMaSyOfll-Vs, event: @dev:localhost: bench 193
Message received for room @dev:localhost [!bench:localhost] | sender @dev:localhost [@dev:localhost] | 2026-08-23 18:56:29 | bench 192
2026-08-23 19:00:04,784:    DEBUG: matrix-commander: event.server_timestamp = 1787511390142
2026-08-23 19:00:04,784:    DEBUG: matrix-commander: event_datetime = 2026-08-23 18:56:30
2026-08-23 19:00:04,784:    DEBUG: matrix-commander: type(msg) = <class 'str'>. msg is a string
2026-08-23 19:00:04,784:    DEBUG: matrix-commander: Message received for room @dev:localhost [!bench:localhost] | sender @dev:localhost [@dev:localhost] | 2026-08-23 18:56:30 | bench 193
Message received for room @dev:localhost [!bench:localhost] | sender @dev:localhost [@dev:localhost] | 2026-08-23 18:56:30 | bench 193
2026-08-23 19:00:04,784:    DEBUG: matrix-commander: message_callback(): for room <nio.rooms.MatrixRoom object at 0x7f93c0f8f890> received this event: type: <class 'nio.events.room_events.RoomMessageText'>, event_id: $sOCuL73gNDv2wfim5uc6gqt9BvVhhvZeE4EVeKBzOJo, event: @dev:localhost: bench 194
2026-08-23 19:00:04,784:    DEBUG: matrix-commander: event.server_timestamp = 1787511390326
2026-08-23 19:00:04,784:    DEBUG: matrix-commander: event_datetime = 2026-08-23 18:56:30
2026-08-23 19:00:04,784:    DEBUG: matrix-commander: type(msg) = <class 'str'>. msg is a string
2026-08-23 19:00:04,784:    DEBUG: matrix-commander: Message received for room @dev:localhost [!bench:localhost] | sender @dev:localhost [@dev:localhost] | 2026-08-23 18:56:30 | bench 194
Message received for room @dev:localhost [!bench:localhost] | sender @dev:localhost [@dev:localhost] | 2026-08-23 18:56:30 | bench 194
2026-08-23 19:00:04,784:    DEBUG: matrix-commander: message_callback(): for room <nio.rooms.MatrixRoom object at 0x7f93c0f8f890> received this event: type: <class 'nio.events.room_events.RoomMessageText'>, event_id: $HlqTfJKsXl6Q98rQSwBP5CwdGpTHgdEEqE4gPmCSFEs, event: @dev:localhost: bench 195
2026-08-23 19:00:04,784:    DEBUG: matrix-commander: event.server_timestamp = 1787511390502
2026-08-23 19:00:04,784:    DEBUG: matrix-commander: event_datetime = 2026-08-23 18:56:30
2026-08-23 19:00:04,784:    DEBUG: matrix-commander: type(msg) = <class 'str'>. msg is a string
2026-08-23 19:00:04,784:    DEBUG: matrix-commander: Message received for room @dev:localhost [!bench:localhost] | sender @dev:localhost [@dev:localhost] | 2026-08-23 18:56:30 | bench 195
Message received for room @dev:localhost [!bench:localhost] | sender @dev:localhost [@dev:localhost] | 2026-08-23 18:56:30 | bench 195
2026-08-23 19:00:04,784:    DEBUG: matrix-commander: message_callback(): for room <nio.rooms.MatrixRoom object at 0x7f93c0f8f890> received this event: type: <class 'nio.events.room_events.RoomMessageText'>, event_id: $KZQGnCjBqNn6Sy9L4OOh0uq8z-4RGH_JZ2-Qv_319LI, event: @dev:localhost: bench 196
2026-08-23 19:00:04,784:    DEBUG: matrix-commander: event.server_timestamp = 1787511390677
2026-08-23 19:00:04,784:    DEBUG: matrix-commander: event_datetime = 2026-08-23 18:56:30
2026-08-23 19:00:04,784:    DEBUG: matrix-commander: type(msg) = <class 'str'>. msg is a string
2026-08-23 19:00:04,784:    DEBUG: matrix-commander: Message received for room @dev:localhost [!bench:localhost] | sender @dev:localhost [@dev:localhost] | 2026-08-23 18:56:30 | bench 196
Message received for room @dev:localhost [!bench:localhost] | sender @dev:localhost [@dev:localhost] | 2026-08-23 18:56:30 | bench 196
2026-08-23 19:00:04,784:    DEBUG: matrix-commander: message_callback(): for room <nio.rooms.MatrixRoom object at 0x7f93c0f8f890> received this event: type: <class 'nio.events.room_events.RoomMessageText'>, event_id: $Pc-hTLdufZXmmq3sD9jCSMsFbIb_hG-SmcNi_R6EVXg, event: @dev:localhost: bench 197
2026-08-23 19:00:04,784:    DEBUG: matrix-commander: event.server_timestamp = 1787511390886
2026-08-23 19:00:04,784:    DEBUG: matrix-commander: event_datetime = 2026-08-23 18:56:30
2026-08-23 19:00:04,784:    DEBUG: matrix-commander: type(msg) = <class 'str'>. msg is a string
Message received for room @dev:localhost [!bench:localhost] | sender @dev:localhost [@dev:localhost] | 2026-08-23 18:56:30 | bench 197
2026-08-23 19:00:04,784:    DEBUG: matrix-commander: Message received for room @dev:localhost [!bench:localhost] | sender @dev:localhost [@dev:localhost] | 2026-08-23 18:56:30 | bench 197
2026-08-23 19:00:04,784:    DEBUG: matrix-commander: message_callback(): for room <nio.rooms.MatrixRoom object at 0x7f93c0f8f890> received this event: type: <class 'nio.events.room_events.RoomMessageText'>, event_id: $xLXpSvEJIs8rKrs2MEytsT3aLKwEiRUW5j6KRzqvokA, event: @dev:localhost: bench 198
2026-08-23 19:00:04,784:    DEBUG: matrix-commander: event.server_timestamp = 1787511391083
2026-08-23 19:00:04,784:    DEBUG: matrix-commander: event_datetime = 2026-08-23 18:56:31
2026-08-23 19:00:04,784:    DEBUG: matrix-commander: type(msg) = <class 'str'>. msg is a string
2026-08-23 19:00:04,785:    DEBUG: matrix-commander: Message received for room @dev:localhost [!bench:localhost] | sender @dev:localhost [@dev:localhost] | 2026-08-23 18:56:31 | bench 198
Message received for room @dev:localhost [!bench:localhost] | sender @dev:localhost [@dev:localhost] | 2026-08-23 18:56:31 | bench 198
2026-08-23 19:00:04,785:    DEBUG: matrix-commander: message_callback(): for room <nio.rooms.MatrixRoom object at 0x7f93c0f8f890> received this event: type: <class 'nio.events.room_events.RoomMessageText'>, event_id: $kCl647cfZezGEcsCWWgYmdllKqc3FcDKK-4x4Y5qN_g, event: @dev:localhost: bench 199
2026-08-23 19:00:04,785:    DEBUG: matrix-commander: event.server_timestamp = 1787511391252
2026-08-23 19:00:04,785:    DEBUG: matrix-commander: event_datetime = 2026-08-23 18:56:31
2026-08-23 19:00:04,785:    DEBUG: matrix-commander: type(msg) = <class 'str'>. msg is a string
2026-08-23 19:00:04,785:    DEBUG: matrix-commander: Message received for room @dev:localhost [!bench:localhost] | sender @dev:localhost [@dev:localhost] | 2026-08-23 18:56:31 | bench 199
Message received for room @dev:localhost [!bench:localhost] | sender @dev:localhost [@dev:localhost] | 2026-08-23 18:56:31 | bench 199
2026-08-23 19:00:04,785:    DEBUG: matrix-commander: message_callback(): for room <nio.rooms.MatrixRoom object at 0x7f93c0f8f890> received this event: type: <class 'nio.events.room_events.RoomMessageText'>, event_id: $Vz_WvYZyqQq4wgq-z1n3ODfey6GhjC054EgfcGJBuq8, event: @dev:localhost: bench 200
2026-08-23 19:00:04,785:    DEBUG: matrix-commander: event.server_timestamp = 1787511391432
2026-08-23 19:00:04,785:    DEBUG: matrix-commander: event_datetime = 2026-08-23 18:56:31
2026-08-23 19:00:04,785:    DEBUG: matrix-commander: type(msg) = <class 'str'>. msg is a string
2026-08-23 19:00:04,785:    DEBUG: matrix-commander: Message received for room @dev:localhost [!bench:localhost] | sender @dev:localhost [@dev:localhost] | 2026-08-23 18:56:31 | bench 200
Message received for room @dev:localhost [!bench:localhost] | sender @dev:localhost [@dev:localhost] | 2026-08-23 18:56:31 | bench 200
2026-08-23 19:00:04,785:    DEBUG: matrix-commander: message_callback(): for room <nio.rooms.MatrixRoom object at 0x7f93c0f8f890> received this event: type: <class 'nio.events.room_events.RoomMessageText'>, event_id: $AuQsYwOTAq8kMarnUUgcqa-9vD8C73fOwtJjPn3hI98, event: @dev:localhost: bench 201
2026-08-23 19:00:04,785:    DEBUG: matrix-commander: event.server_timestamp = 1787511391629
2026-08-23 19:00:04,785:    DEBUG: matrix-commander: event_datetime = 2026-08-23 18:56:31
2026-08-23 19:00:04,785:    DEBUG: matrix-commander: type(msg) = <class 'str'>. msg is a string
2026-08-23 19:00:04,785:    DEBUG: matrix-commander: Message received for room @dev:localhost [!bench:localhost] | sender @dev:localhost [@dev:localhost] | 2026-08-23 18:56:31 | bench 201
Message received for room @dev:localhost [!bench:localhost] | sender @dev:localhost [@dev:localhost] | 2026-08-23 18:56:31 | bench 201
2026-08-23 19:00:04,785:    DEBUG: matrix-commander: message_callback(): for room <nio.rooms.MatrixRoom object at 0x7f93c0f8f890> received this event: type: <class 'nio.events.room_events.RoomMessageText'>, event_id: $kyZGzoOCwTldCsPZxj4BF7sgojIxy_t_W82rhIGpuQY, event: @dev:localhost: bench 202
2026-08-23 19:00:04,785:    DEBUG: matrix-commander: event.server_timestamp = 1787511391819
2026-08-23 19:00:04,785:    DEBUG: matrix-commander: event_datetime = 2026-08-23 18:56:31
2026-08-23 19:00:04,785:    DEBUG: matrix-commander: type(msg) = <class 'str'>. msg is a string
2026-08-23 19:00:04,785:    DEBUG: matrix-commander: Message received for room @dev:localhost [!bench:localhost] | sender @dev:localhost [@dev:localhost] | 2026-08-23 18:56:31 | bench 202
Message received for room @dev:localhost [!bench:localhost] | sender @dev:localhost [@dev:localhost] | 2026-08-23 18:56:31 | bench 202
2026-08-23 19:00:04,785:    DEBUG: matrix-commander: message_callback(): for room <nio.rooms.MatrixRoom object at 0x7f93c0f8f890> received this event: type: <class 'nio.events.room_events.RoomMessageText'>, event_id: $06xsJMO4tUaZ05VKRsKB1sWEYLedOeAW3_TvEulI78U, event: @dev:localhost: bench 203
2026-08-23 19:00:04,785:    DEBUG: matrix-commander: event.server_timestamp = 1787511392012
2026-08-23 19:00:04,786:    DEBUG: matrix-commander: event_datetime = 2026-08-23 18:56:32
2026-08-23 19:00:04,786:    DEBUG: matrix-commander: type(msg) = <class 'str'>. msg is a string
2026-08-23 19:00:04,786:    DEBUG: matrix-commander: Message received for room @dev:localhost [!bench:localhost] | sender @dev:localhost [@dev:localhost] | 2026-08-23 18:56:32 | bench 203
Message received for room @dev:localhost [!bench:localhost] | sender @dev:localhost [@dev:localhost] | 2026-08-23 18:56:32 | bench 203
2026-08-23 19:00:04,786:    DEBUG: matrix-commander: message_callback(): for room <nio.rooms.MatrixRoom object at 0x7f93c0f8f890> received this event: type: <class 'nio.events.room_events.RoomMessageText'>, event_id: $SA-XCKukxYJitPyf8ECzP-JynqAwYW1uogag8PSRWWg, event: @dev:localhost: bench 204
2026-08-23 19:00:04,786:    DEBUG: matrix-commander: event.server_timestamp = 1787511392225
2026-08-23 19:00:04,786:    DEBUG: matrix-commander: event_datetime = 2026-08-23 18:56:32
2026-08-23 19:00:04,786:    DEBUG: matrix-commander: type(msg) = <class 'str'>. msg is a string
2026-08-23 19:00:04,786:    DEBUG: matrix-commander: Message received for room @dev:localhost [!bench:localhost] | sender @dev:localhost [@dev:localhost] | 2026-08-23 18:56:32 | bench 204
Message received for room @dev:localhost [!bench:localhost] | sender @dev:localhost [@dev:localhost] | 2026-08-23 18:56:32 | bench 204
2026-08-23 19:00:04,786:    DEBUG: matrix-commander: message_callback(): for room <nio.rooms.MatrixRoom object at 0x7f93c0f8f890> received this event: type: <class 'nio.events.room_events.RoomMessageText'>, event_id: $VKqYPdofQ5b524BXBUXzLIbk7c1TrN9VYIB-k_se6N4, event: @dev:localhost: bench 205
2026-08-23 19:00:04,786:    DEBUG: matrix-commander: event.server_timestamp = 1787511392417
2026-08-23 19:00:04,786:    DEBUG: matrix-commander: event_datetime = 2026-08-23 18:56:32
2026-08-23 19:00:04,786:    DEBUG: matrix-commander: type(msg) = <class 'str'>. msg is a string
2026-08-23 19:00:04,786:    DEBUG: matrix-commander: Message received for room @dev:localhost [!bench:localhost] | sender @dev:localhost [@dev:localhost] | 2026-08-23 18:56:32 | bench 205
Message received for room @dev:localhost [!bench:localhost] | sender @dev:localhost [@dev:localhost] | 2026-08-23 18:56:32 | bench 205
2026-08-23 19:00:04,786:    DEBUG: matrix-commander: message_callback(): for room <nio.rooms.MatrixRoom object at 0x7f93c0f8f890> received this event: type: <class 'nio.events.room_events.RoomMessageText'>, event_id: $w0SgLigpIVwBzr7F_HlV3LZdB5Fth8NZJEvVNlLvGG0, event: @dev:localhost: bench 206
2026-08-23 19:00:04,786:    DEBUG: matrix-commander: event.server_timestamp = 1787511392595
2026-08-23 19:00:04,786:    DEBUG: matrix-commander: event_datetime = 2026-08-23 18:56:32
2026-08-23 19:00:04,786:    DEBUG: matrix-commander: type(msg) = <class 'str'>. msg is a string
2026-08-23 19:00:04,786:    DEBUG: matrix-commander: Message received for room @dev:localhost [!bench:localhost] | sender @dev:localhost [@dev:localhost] | 2026-08-23 18:56:32 | bench 206
Message received for room @dev:localhost [!bench:localhost] | sender @dev:localhost [@dev:localhost] | 2026-08-23 18:56:32 | bench 206
2026-08-23 19:00:04,786:    DEBUG: matrix-commander: message_callback(): for room <nio.rooms.MatrixRoom object at 0x7f93c0f8f890> received this event: type: <class 'nio.events.room_events.RoomMessageText'>, event_id: $HK2pMN06hPIpcE8OrVo-RuqyC--Ygsx1bDHg2SWDHHU, event: @dev:localhost: bench 207
2026-08-23 19:00:04,786:    DEBUG: matrix-commander: event.server_timestamp = 1787511392779
2026-08-23 19:00:04,786:    DEBUG: matrix-commander: event_datetime = 2026-08-23 18:56:32
2026-08-23 19:00:04,786:    DEBUG: matrix-commander: type(msg) = <class 'str'>. msg is a string
2026-08-23 19:00:04,787:    DEBUG: matrix-commander: Message received for room @dev:localhost [!bench:localhost] | sender @dev:localhost [@dev:localhost] | 2026-08-23 18:56:32 | bench 207
Message received for room @dev:localhost [!bench:localhost] | sender @dev:localhost [@dev:localhost] | 2026-08-23 18:56:32 | bench 207
2026-08-23 19:00:04,787:    DEBUG: matrix-commander: message_callback(): for room <nio.rooms.MatrixRoom object at 0x7f93c0f8f890> received this event: type: <class 'nio.events.room_events.RoomMessageText'>, event_id: $h3sEgSdP_fS86V5S9YvasA3PAFYHW9dhx5LQwcu-lF0, event: @dev:localhost: bench 208
2026-08-23 19:00:04,787:    DEBUG: matrix-commander: event.server_timestamp = 1787511392973
2026-08-23 19:00:04,787:    DEBUG: matrix-commander: event_datetime = 2026-08-23 18:56:32
2026-08-23 19:00:04,787:    DEBUG: matrix-commander: type(msg) = <class 'str'>. msg is a string
Message received for room @dev:localhost [!bench:localhost] | sender @dev:localhost [@dev:localhost] | 2026-08-23 18:56:32 | bench 208
2026-08-23 19:00:04,787:    DEBUG: matrix-commander: Message received for room @dev:localhost [!bench:localhost] | sender @dev:localhost [@dev:localhost] | 2026-08-23 18:56:32 | bench 208
2026-08-23 19:00:04,787:    DEBUG: matrix-commander: message_callback(): for room <nio.rooms.MatrixRoom object at 0x7f93c0f8f890> received this event: type: <class 'nio.events.room_events.RoomMessageText'>, event_id: $PkA2SL6NfbdTHaTfq6PiksM79ada2_qBWUz8-t5MlVI, event: @dev:localhost: bench 209
2026-08-23 19:00:04,787:    DEBUG: matrix-commander: event.server_timestamp = 1787511393162
2026-08-23 19:00:04,787:    DEBUG: matrix-commander: event_datetime = 2026-08-23 18:56:33
2026-08-23 19:00:04,787:    DEBUG: matrix-commander: type(msg) = <class 'str'>. msg is a string
2026-08-23 19:00:04,787:    DEBUG: matrix-commander: Message received for room @dev:localhost [!bench:localhost] | sender @dev:localhost [@dev:localhost] | 2026-08-23 18:56:33 | bench 209
Message received for room @dev:localhost [!bench:localhost] | sender @dev:localhost [@dev:localhost] | 2026-08-23 18:56:33 | bench 209
2026-08-23 19:00:04,787:    DEBUG: matrix-commander: message_callback(): for room <nio.rooms.MatrixRoom object at 0x7f93c0f8f890> received this event: type: <class 'nio.events.room_events.RoomMessageText'>, event_id: $mXkqRJK8YSCF2NKgWkiwYcoy8uqXURLmXJFT3xAyewE, event: @dev:localhost: bench 210
2026-08-23 19:00:04,787:    DEBUG: matrix-commander: event.server_timestamp = 1787511393346
2026-08-23 19:00:04,787:    DEBUG: matrix-commander: event_datetime = 2026-08-23 18:56:33
2026-08-23 19:00:04,787:    DEBUG: matrix-commander: type(msg) = <class 'str'>. msg is a string
2026-08-23 19:00:04,787:    DEBUG: matrix-commander: Message received for room @dev:localhost [!bench:localhost] | sender @dev:localhost [@dev:localhost] | 2026-08-23 18:56:33 | bench 210
Message received for room @dev:localhost [!bench:localhost] | sender @dev:localhost [@dev:localhost] | 2026-08-23 18:56:33 | bench 210
2026-08-23 19:00:04,787:    DEBUG: matrix-commander: message_callback(): for room <nio.rooms.MatrixRoom object at 0x7f93c0f8f890> received this event: type: <class 'nio.events.room_events.RoomMessageText'>, event_id: $Bwcktl7eSzy7XT9q-erXkmLJeFukRcPee--oi2ILxzs, event: @dev:localhost: bench 211
2026-08-23 19:00:04,787:    DEBUG: matrix-commander: event.server_timestamp = 1787511393529
2026-08-23 19:00:04,787:    DEBUG: matrix-commander: event_datetime = 2026-08-23 18:56:33
2026-08-23 19:00:04,787:    DEBUG: matrix-commander: type(msg) = <class 'str'>. msg is a string
2026-08-23 19:00:04,787:    DEBUG: matrix-commander: Message received for room @dev:localhost [!bench:localhost] | sender @dev:localhost [@dev:localhost] | 2026-08-23 18:56:33 | bench 211
Message received for room @dev:localhost [!bench:localhost] | sender @dev:localhost [@dev:localhost] | 2026-08-23 18:56:33 | bench 211
2026-08-23 19:00:04,787:    DEBUG: matrix-commander: message_callback(): for room <nio.rooms.MatrixRoom object at 0x7f93c0f8f890> received this event: type: <class 'nio.events.room_events.RoomMessageText'>, event_id: $IkuZQnES6uxNpe3aMDvJuagTnWiz8bOerhAh87GAXFQ, event: @dev:localhost: bench 212
2026-08-23 19:00:04,787:    DEBUG: matrix-commander: event.server_timestamp = 1787511393725
2026-08-23 19:00:04,787:    DEBUG: matrix-commander: event_datetime = 2026-08-23 18:56:33
2026-08-23 19:00:04,787:    DEBUG: matrix-commander: type(msg) = <class 'str'>. msg is a string
2026-08-23 19:00:04,787:    DEBUG: matrix-commander: Message received for room @dev:localhost [!bench:localhost] | sender @dev:localhost [@dev:localhost] | 2026-08-23 18:56:33 | bench 212
Message received for room @dev:localhost [!bench:localhost] | sender @dev:localhost [@dev:localhost] | 2026-08-23 18:56:33 | bench 212
2026-08-23 19:00:04,788:    DEBUG: matrix-commander: message_callback(): for room <nio.rooms.MatrixRoom object at 0x7f93c0f8f890> received this event: type: <class 'nio.events.room_events.RoomMessageText'>, event_id: $rKsgJbm3ErJa3fx6NwLgyLNyko9Wt04aYkZq-AdXP7o, event: @dev:localhost: bench 213
2026-08-23 19:00:04,788:    DEBUG: matrix-commander: event.server_timestamp = 1787511393951
2026-08-23 19:00:04,788:    DEBUG: matrix-commander: event_datetime = 2026-08-23 18:56:33
2026-08-23 19:00:04,788:    DEBUG: matrix-commander: type(msg) = <class 'str'>. msg is a string
2026-08-23 19:00:04,788:    DEBUG: matrix-commander: Message received for room @dev:localhost [!bench:localhost] | sender @dev:localhost [@dev:localhost] | 2026-08-23 18:56:33 | bench 213
Message received for room @dev:localhost [!bench:localhost] | sender @dev:localhost [@dev:localhost] | 2026-08-23 18:56:33 | bench 213
2026-08-23 19:00:04,788:    DEBUG: matrix-commander: message_callback(): for room <nio.rooms.MatrixRoom object at 0x7f93c0f8f890> received this event: type: <class 'nio.events.room_events.RoomMessageText'>, event_id: $9DTwzOs8UMv6xIf4S7F9LEYwlkFsiuZRWUQD9KJlGVQ, event: @dev:localhost: bench 214
2026-08-23 19:00:04,788:    DEBUG: matrix-commander: event.server_timestamp = 1787511394147
2026-08-23 19:00:04,788:    DEBUG: matrix-commander: event_datetime = 2026-08-23 18:56:34
2026-08-23 19:00:04,788:    DEBUG: matrix-commander: type(msg) = <class 'str'>. msg is a string
2026-08-23 19:00:04,788:    DEBUG: matrix-commander: Message received for room @dev:localhost [!bench:localhost] | sender @dev:localhost [@dev:localhost] | 2026-08-23 18:56:34 | bench 214
Message received for room @dev:localhost [!bench:localhost] | sender @dev:localhost [@dev:localhost] | 2026-08-23 18:56:34 | bench 214
2026-08-23 19:00:04,788:    DEBUG: matrix-commander: message_callback(): for room <nio.rooms.MatrixRoom object at 0x7f93c0f8f890> received this event: type: <class 'nio.events.room_events.RoomMessageText'>, event_id: $JBrPHSK54r_zFJUeCz7tnWVEwSElx0DRZcleV-zbbVw, event: @dev:localhost: bench 215
2026-08-23 19:00:04,788:    DEBUG: matrix-commander: event.server_timestamp = 1787511394354
2026-08-23 19:00:04,788:    DEBUG: matrix-commander: event_datetime = 2026-08-23 18:56:34
2026-08-23 19:00:04,788:    DEBUG: matrix-commander: type(msg) = <class 'str'>. msg is a string
2026-08-23 19:00:04,788:    DEBUG: matrix-commander: Message received for room @dev:localhost [!bench:localhost] | sender @dev:localhost [@dev:localhost] | 2026-08-23 18:56:34 | bench 215
Message received for room @dev:localhost [!bench:localhost] | sender @dev:localhost [@dev:localhost] | 2026-08-23 18:56:34 | bench 215
2026-08-23 19:00:04,788:    DEBUG: matrix-commander: message_callback(): for room <nio.rooms.MatrixRoom object at 0x7f93c0f8f890> received this event: type: <class 'nio.events.room_events.RoomMessageText'>, event_id: $iw2gMokuz-cTJb4AfTdDHtcIYawFC6o29VSuzFvMmu4, event: @dev:localhost: bench 216
2026-08-23 19:00:04,788:    DEBUG: matrix-commander: event.server_timestamp = 1787511394572
2026-08-23 19:00:04,788:    DEBUG: matrix-commander: event_datetime = 2026-08-23 18:56:34
2026-08-23 19:00:04,788:    DEBUG: matrix-commander: type(msg) = <class 'str'>. msg is a string
2026-08-23 19:00:04,788:    DEBUG: matrix-commander: Message received for room @dev:localhost [!bench:localhost] | sender @dev:localhost [@dev:localhost] | 2026-08-23 18:56:34 | bench 216
Message received for room @dev:localhost [!bench:localhost] | sender @dev:localhost [@dev:localhost] | 2026-08-23 18:56:34 | bench 216
2026-08-23 19:00:04,788:    DEBUG: matrix-commander: message_callback(): for room <nio.rooms.MatrixRoom object at 0x7f93c0f8f890> received this event: type: <class 'nio.events.room_events.RoomMessageText'>, event_id: $2ChIa085Bxzer7v2iLIXteOaP7rJkz-nkzIppftPX6Y, event: @dev:localhost: bench 217
2026-08-23 19:00:04,788:    DEBUG: matrix-commander: event.server_timestamp = 1787511394803
2026-08-23 19:00:04,788:    DEBUG: matrix-commander: event_datetime = 2026-08-23 18:56:34
2026-08-23 19:00:04,788:    DEBUG: matrix-commander: type(msg) = <class 'str'>. msg is a string
2026-08-23 19:00:04,788:    DEBUG: matrix-commander: Message received for room @dev:localhost [!bench:localhost] | sender @dev:localhost [@dev:localhost] | 2026-08-23 18:56:34 | bench 217
Message received for room @dev:localhost [!bench:localhost] | sender @dev:localhost [@dev:localhost] | 2026-08-23 18:56:34 | bench 217
2026-08-23 19:00:04,788:    DEBUG: matrix-commander: message_callback(): for room <nio.rooms.MatrixRoom object at 0x7f93c0f8f890> received this event: type: <class 'nio.events.room_events.RoomMessageText'>, event_id: $3GQD7ln2jklcGSoo6qWGlqQg0PKJgdzqUyi0-5KJku0, event: @dev:localhost: bench 218
2026-08-23 19:00:04,788:    DEBUG: matrix-commander: event.server_timestamp = 1787511395003
2026-08-23 19:00:04,788:    DEBUG: matrix-commander: event_datetime = 2026-08-23 18:56:35
2026-08-23 19:00:04,788:    DEBUG: matrix-commander: type(msg) = <class 'str'>. msg is a string
2026-08-23 19:00:04,788:    DEBUG: matrix-commander: Message received for room @dev:localhost [!bench:localhost] | sender @dev:localhost [@dev:localhost] | 2026-08-23 18:56:35 | bench 218
Message received for room @dev:localhost [!bench:localhost] | sender @dev:localhost [@dev:localhost] | 2026-08-23 18:56:35 | bench 218
2026-08-23 19:00:04,788:    DEBUG: matrix-commander: message_callback(): for room <nio.rooms.MatrixRoom object at 0x7f93c0f8f890> received this event: type: <class 'nio.events.room_events.RoomMessageText'>, event_id: $SSwG_Jr5i2k0sCCc7kBw0YhyxeDrFDnG0GdW5iE9rt0, event: @dev:localhost: bench 219
2026-08-23 19:00:04,788:    DEBUG: matrix-commander: event.server_timestamp = 1787511395199
2026-08-23 19:00:04,788:    DEBUG: matrix-commander: event_datetime = 2026-08-23 18:56:35
2026-08-23 19:00:04,789:    DEBUG: matrix-commander: type(msg) = <class 'str'>. msg is a string
2026-08-23 19:00:04,789:    DEBUG: matrix-commander: Message received for room @dev:localhost [!bench:localhost] | sender @dev:localhost [@dev:localhost] | 2026-08-23 18:56:35 | bench 219
Message received for room @dev:localhost [!bench:localhost] | sender @dev:localhost [@dev:localhost] | 2026-08-23 18:56:35 | bench 219
2026-08-23 19:00:04,789:    DEBUG: matrix-commander: message_callback(): for room <nio.rooms.MatrixRoom object at 0x7f93c0f8f890> received this event: type: <class 'nio.events.room_events.RoomMessageText'>, event_id: $PLyrg8ir4elVdYASVwlEt7EIG9d307RYEa4W4ZCMJnA, event: @dev:localhost: bench 220
2026-08-23 19:00:04,789:    DEBUG: matrix-commander: event.server_timestamp = 1787511395385
2026-08-23 19:00:04,789:    DEBUG: matrix-commander: event_datetime = 2026-08-23 18:56:35
2026-08-23 19:00:04,789:    DEBUG: matrix-commander: type(msg) = <class 'str'>. msg is a string
2026-08-23 19:00:04,789:    DEBUG: matrix-commander: Message received for room @dev:localhost [!bench:localhost] | sender @dev:localhost [@dev:localhost] | 2026-08-23 18:56:35 | bench 220
Message received for room @dev:localhost [!bench:localhost] | sender @dev:localhost [@dev:localhost] | 2026-08-23 18:56:35 | bench 220
2026-08-23 19:00:04,789:    DEBUG: matrix-commander: message_callback(): for room <nio.rooms.MatrixRoom object at 0x7f93c0f8f890> received this event: type: <class 'nio.events.room_events.RoomMessageText'>, event_id: $EG9vgGUq68BJhAfzeE0WxwSvykpX0rT3uloSO4lBfcM, event: @dev:localhost: bench 221
2026-08-23 19:00:04,789:    DEBUG: matrix-commander: event.server_timestamp = 1787511395577
2026-08-23 19:00:04,789:    DEBUG: matrix-commander: event_datetime = 2026-08-23 18:56:35
2026-08-23 19:00:04,789:    DEBUG: matrix-commander: type(msg) = <class 'str'>. msg is a string
2026-08-23 19:00:04,789:    DEBUG: matrix-commander: Message received for room @dev:localhost [!bench:localhost] | sender @dev:localhost [@dev:localhost] | 2026-08-23 18:56:35 | bench 221
Message received for room @dev:localhost [!bench:localhost] | sender @dev:localhost [@dev:localhost] | 2026-08-23 18:56:35 | bench 221
2026-08-23 19:00:04,789:    DEBUG: matrix-commander: message_callback(): for room <nio.rooms.MatrixRoom object at 0x7f93c0f8f890> received this event: type: <class 'nio.events.room_events.RoomMessageText'>, event_id: $Amgs98Tf7AnQQ-xDxOPZlIk5HNe7fmQZ9eA-2mVwW3k, event: @dev:localhost: bench 222
2026-08-23 19:00:04,789:    DEBUG: matrix-commander: event.server_timestamp = 1787511395772
2026-08-23 19:00:04,789:    DEBUG: matrix-commander: event_datetime = 2026-08-23 18:56:35
2026-08-23 19:00:04,789:    DEBUG: matrix-commander: type(msg) = <class 'str'>. msg is a string
2026-08-23 19:00:04,789:    DEBUG: matrix-commander: Message received for room @dev:localhost [!bench:localhost] | sender @dev:localhost [@dev:localhost] | 2026-08-23 18:56:35 | bench 222
Message received for room @dev:localhost [!bench:localhost] | sender @dev:localhost [@dev:localhost] | 2026-08-23 18:56:35 | bench 222
2026-08-23 19:00:04,789:    DEBUG: matrix-commander: message_callback(): for room <nio.rooms.MatrixRoom object at 0x7f93c0f8f890> received this event: type: <class 'nio.events.room_events.RoomMessageText'>, event_id: $e6vnfTiV0rMX7Rnp2NBjpxccIlNEji5zn-rPgitmWco, event: @dev:localhost: bench 223
2026-08-23 19:00:04,789:    DEBUG: matrix-commander: event.server_timestamp = 1787511395952
2026-08-23 19:00:04,789:    DEBUG: matrix-commander: event_datetime = 2026-08-23 18:56:35
2026-08-23 19:00:04,789:    DEBUG: matrix-commander: type(msg) = <class 'str'>. msg is a string
2026-08-23 19:00:04,789:    DEBUG: matrix-commander: Message received for room @dev:localhost [!bench:localhost] | sender @dev:localhost [@dev:localhost] | 2026-08-23 18:56:35 | bench 223
Message received for room @dev:localhost [!bench:localhost] | sender @dev:localhost [@dev:localhost] | 2026-08-23 18:56:35 | bench 223
2026-08-23 19:00:04,789:    DEBUG: matrix-commander: message_callback(): for room <nio.rooms.MatrixRoom object at 0x7f93c0f8f890> received this event: type: <class 'nio.events.room_events.RoomMessageText'>, event_id: $vfyMwAKN6OotI8Jzw2Jn4tVgvaWY5WONi95sfbc95gE, event: @dev:localhost: bench 224
2026-08-23 19:00:04,789:    DEBUG: matrix-commander: event.server_timestamp = 1787511396143
2026-08-23 19:00:04,789:    DEBUG: matrix-commander: event_datetime = 2026-08-23 18:56:36
2026-08-23 19:00:04,789:    DEBUG: matrix-commander: type(msg) = <class 'str'>. msg is a string
2026-08-23 19:00:04,789:    DEBUG: matrix-commander: Message received for room @dev:localhost [!bench:localhost] | sender @dev:localhost [@dev:localhost] | 2026-08-23 18:56:36 | bench 224
Message received for room @dev:localhost [!bench:localhost] | sender @dev:localhost [@dev:localhost] | 2026-08-23 18:56:36 | bench 224
2026-08-23 19:00:04,790:    DEBUG: matrix-commander: message_callback(): for room <nio.rooms.MatrixRoom object at 0x7f93c0f8f890> received this event: type: <class 'nio.events.room_events.RoomMessageText'>, event_id: $BywQ2dxEQKAL6iNahZMytTG1azh_qHVCQWyGhEfjGcw, event: @dev:localhost: bench 225
2026-08-23 19:00:04,790:    DEBUG: matrix-commander: event.server_timestamp = 1787511396348
2026-08-23 19:00:04,790:    DEBUG: matrix-commander: event_datetime = 2026-08-23 18:56:36
2026-08-23 19:00:04,790:    DEBUG: matrix-commander: type(msg) = <class 'str'>. msg is a string
2026-08-23 19:00:04,790:    DEBUG: matrix-commander: Message received for room @dev:localhost [!bench:localhost] | sender @dev:localhost [@dev:localhost] | 2026-08-23 18:56:36 | bench 225
Message received for room @dev:localhost [!bench:localhost] | sender @dev:localhost [@dev:localhost] | 2026-08-23 18:56:36 | bench 225
2026-08-23 19:00:04,790:    DEBUG: matrix-commander: message_callback(): for room <nio.rooms.MatrixRoom object at 0x7f93c0f8f890> received this event: type: <class 'nio.events.room_events.RoomMessageText'>, event_id: $yCUhy381HQmo2ExyglXmCQfXE9Z-4j03N329ie0lyvc, event: @dev:localhost: bench 226
2026-08-23 19:00:04,790:    DEBUG: matrix-commander: event.server_timestamp = 1787511396549
2026-08-23 19:00:04,790:    DEBUG: matrix-commander: event_datetime = 2026-08-23 18:56:36
2026-08-23 19:00:04,790:    DEBUG: matrix-commander: type(msg) = <class 'str'>. msg is a string
2026-08-23 19:00:04,790:    DEBUG: matrix-commander: Message received for room @dev:localhost [!bench:localhost] | sender @dev:localhost [@dev:localhost] | 2026-08-23 18:56:36 | bench 226
Message received for room @dev:localhost [!bench:localhost] | sender @dev:localhost [@dev:localhost] | 2026-08-23 18:56:36 | bench 226
2026-08-23 19:00:04,790:    DEBUG: matrix-commander: message_callback(): for room <nio.rooms.MatrixRoom object at 0x7f93c0f8f890> received this event: type: <class 'nio.events.room_events.RoomMessageText'>, event_id: $7Gd-DTjS25L9_PM2m57EhBesNR8mEyROZMJ9UDHYKGw, event: @dev:localhost: bench 227
2026-08-23 19:00:04,790:    DEBUG: matrix-commander: event.server_timestamp = 1787511396752
2026-08-23 19:00:04,790:    DEBUG: matrix-commander: event_datetime = 2026-08-23 18:56:36
2026-08-23 19:00:04,790:    DEBUG: matrix-commander: type(msg) = <class 'str'>. msg is a string
2026-08-23 19:00:04,790:    DEBUG: matrix-commander: Message received for room @dev:localhost [!bench:localhost] | sender @dev:localhost [@dev:localhost] | 2026-08-23 18:56:36 | bench 227
Message received for room @dev:localhost [!bench:localhost] | sender @dev:localhost [@dev:localhost] | 2026-08-23 18:56:36 | bench 227
2026-08-23 19:00:04,790:    DEBUG: matrix-commander: message_callback(): for room <nio.rooms.MatrixRoom object at 0x7f93c0f8f890> received this event: type: <class 'nio.events.room_events.RoomMessageText'>, event_id: $jREmWN3cRS8sB7bHC6mthkZeQcBIpAaF4T_oYXBqVEY, event: @dev:localhost: bench 228
2026-08-23 19:00:04,790:    DEBUG: matrix-commander: event.server_timestamp = 1787511396947
2026-08-23 19:00:04,790:    DEBUG: matrix-commander: event_datetime = 2026-08-23 18:56:36
Message received for room @dev:localhost [!bench:localhost] | sender @dev:localhost [@dev:localhost] | 2026-08-23 18:56:36 | bench 228
2026-08-23 19:00:04,790:    DEBUG: matrix-commander: type(msg) = <class 'str'>. msg is a string
2026-08-23 19:00:04,790:    DEBUG: matrix-commander: Message received for room @dev:localhost [!bench:localhost] | sender @dev:localhost [@dev:localhost] | 2026-08-23 18:56:36 | bench 228
2026-08-23 19:00:04,790:    DEBUG: matrix-commander: message_callback(): for room <nio.rooms.MatrixRoom object at 0x7f93c0f8f890> received this event: type: <class 'nio.events.room_events.RoomMessageText'>, event_id: $9poKq9wjSY3nSN1YGhlgwROHcdAGeYI_CsQaFVhQtyk, event: @dev:localhost: bench 229
2026-08-23 19:00:04,791:    DEBUG: matrix-commander: event.server_timestamp = 1787511397138
2026-08-23 19:00:04,791:    DEBUG: matrix-commander: event_datetime = 2026-08-23 18:56:37
2026-08-23 19:00:04,791:    DEBUG: matrix-commander: type(msg) = <class 'str'>. msg is a string
2026-08-23 19:00:04,791:    DEBUG: matrix-commander: Message received for room @dev:localhost [!bench:localhost] | sender @dev:localhost [@dev:localhost] | 2026-08-23 18:56:37 | bench 229
Message received for room @dev:localhost [!bench:localhost] | sender @dev:localhost [@dev:localhost] | 2026-08-23 18:56:37 | bench 229
2026-08-23 19:00:04,791:    DEBUG: matrix-commander: message_callback(): for room <nio.rooms.MatrixRoom object at 0x7f93c0f8f890> received this event: type: <class 'nio.events.room_events.RoomMessageText'>, event_id: $JbBwvBcFAYzSOdRrRs8QfJzFyo3s44oBr6X2eHYyNU0, event: @dev:localhost: bench 230
2026-08-23 19:00:04,791:    DEBUG: matrix-commander: event.server_timestamp = 1787511397324
2026-08-23 19:00:04,791:    DEBUG: matrix-commander: event_datetime = 2026-08-23 18:56:37
2026-08-23 19:00:04,791:    DEBUG: matrix-commander: type(msg) = <class 'str'>. msg is a string
2026-08-23 19:00:04,791:    DEBUG: matrix-commander: Message received for room @dev:localhost [!bench:localhost] | sender @dev:localhost [@dev:localhost] | 2026-08-23 18:56:37 | bench 230
Message received for room @dev:localhost [!bench:localhost] | sender @dev:localhost [@dev:localhost] | 2026-08-23 18:56:37 | bench 230
2026-08-23 19:00:04,791:    DEBUG: matrix-commander: message_callback(): for room <nio.rooms.MatrixRoom object at 0x7f93c0f8f890> received this event: type: <class 'nio.events.room_events.RoomMessageText'>, event_id: $ks3sXVK_qN17AgaGKtfBFPY8NK7WQvntS-OjuMBp7Hk, event: @dev:localhost: bench 231
2026-08-23 19:00:04,791:    DEBUG: matrix-commander: event.server_timestamp = 1787511397504
2026-08-23 19:00:04,791:    DEBUG: matrix-commander: event_datetime = 2026-08-23 18:56:37
2026-08-23 19:00:04,791:    DEBUG: matrix-commander: type(msg) = <class 'str'>. msg is a string
2026-08-23 19:00:04,791:    DEBUG: matrix-commander: Message received for room @dev:localhost [!bench:localhost] | sender @dev:localhost [@dev:localhost] | 2026-08-23 18:56:37 | bench 231
Message received for room @dev:localhost [!bench:localhost] | sender @dev:localhost [@dev:localhost] | 2026-08-23 18:56:37 | bench 231
2026-08-23 19:00:04,791:    DEBUG: matrix-commander: message_callback(): for room <nio.rooms.MatrixRoom object at 0x7f93c0f8f890> received this event: type: <class 'nio.events.room_events.RoomMessageText'>, event_id: $BPtYw-sURfFdKN3kDsn62hlSst5sYNrplXXeFddb_v0, event: @dev:localhost: bench 232
2026-08-23 19:00:04,791:    DEBUG: matrix-commander: event.server_timestamp = 1787511397672
2026-08-23 19:00:04,791:    DEBUG: matrix-commander: event_datetime = 2026-08-23 18:56:37
2026-08-23 19:00:04,791:    DEBUG: matrix-commander: type(msg) = <class 'str'>. msg is a string
2026-08-23 19:00:04,791:    DEBUG: matrix-commander: Message received for room @dev:localhost [!bench:localhost] | sender @dev:localhost [@dev:localhost] | 2026-08-23 18:56:37 | bench 232
Message received for room @dev:localhost [!bench:localhost] | sender @dev:localhost [@dev:localhost] | 2026-08-23 18:56:37 | bench 232
2026-08-23 19:00:04,791:    DEBUG: matrix-commander: message_callback(): for room <nio.rooms.MatrixRoom object at 0x7f93c0f8f890> received this event: type: <class 'nio.events.room_events.RoomMessageText'>, event_id: $TmARzQvAZZewXQUI0bYj2TK_PrSyh4tcCUpwyLALr2A, event: @dev:localhost: bench 233
2026-08-23 19:00:04,791:    DEBUG: matrix-commander: event.server_timestamp = 1787511397852
2026-08-23 19:00:04,791:    DEBUG: matrix-commander: event_datetime = 2026-08-23 18:56:37
2026-08-23 19:00:04,791:    DEBUG: matrix-commander: type(msg) = <class 'str'>. msg is a string
2026-08-23 19:00:04,791:    DEBUG: matrix-commander: Message received for room @dev:localhost [!bench:localhost] | sender @dev:localhost [@dev:localhost] | 2026-08-23 18:56:37 | bench 233
Message received for room @dev:localhost [!bench:localhost] | sender @dev:localhost [@dev:localhost] | 2026-08-23 18:56:37 | bench 233
2026-08-23 19:00:04,792:    DEBUG: matrix-commander: message_callback(): for room <nio.rooms.MatrixRoom object at 0x7f93c0f8f890> received this event: type: <class 'nio.events.room_events.RoomMessageText'>, event_id: $V3eO1sdqeehAJCBJcG0Nig22rA7VvP-OfHhvLA3AJGA, event: @dev:localhost: bench 234
2026-08-23 19:00:04,792:    DEBUG: matrix-commander: event.server_timestamp = 1787511398044
2026-08-23 19:00:04,792:    DEBUG: matrix-commander: event_datetime = 2026-08-23 18:56:38
2026-08-23 19:00:04,792:    DEBUG: matrix-commander: type(msg) = <class 'str'>. msg is a string
2026-08-23 19:00:04,792:    DEBUG: matrix-commander: Message received for room @dev:localhost [!bench:localhost] | sender @dev:localhost [@dev:localhost] | 2026-08-23 18:56:38 | bench 234
Message received for room @dev:localhost [!bench:localhost] | sender @dev:localhost [@dev:localhost] | 2026-08-23 18:56:38 | bench 234
2026-08-23 19:00:04,792:    DEBUG: matrix-commander: message_callback(): for room <nio.rooms.MatrixRoom object at 0x7f93c0f8f890> received this event: type: <class 'nio.events.room_events.RoomMessageText'>, event_id: $TDCuUONQmzBMJGu7Zmd0Vcv00CV0Ls1y-7eYk-Lfi-Y, event: @dev:localhost: bench 235
2026-08-23 19:00:04,792:    DEBUG: matrix-commander: event.server_timestamp = 1787511398307
2026-08-23 19:00:04,792:    DEBUG: matrix-commander: event_datetime = 2026-08-23 18:56:38
2026-08-23 19:00:04,792:    DEBUG: matrix-commander: type(msg) = <class 'str'>. msg is a string
2026-08-23 19:00:04,792:    DEBUG: matrix-commander: Message received for room @dev:localhost [!bench:localhost] | sender @dev:localhost [@dev:localhost] | 2026-08-23 18:56:38 | bench 235
Message received for room @dev:localhost [!bench:localhost] | sender @dev:localhost [@dev:localhost] | 2026-08-23 18:56:38 | bench 235
2026-08-23 19:00:04,792:    DEBUG: matrix-commander: message_callback(): for room <nio.rooms.MatrixRoom object at 0x7f93c0f8f890> received this event: type: <class 'nio.events.room_events.RoomMessageText'>, event_id: $4beFpKT0c-NyfOJOHzzE2uYaABx39y1zG1fXhrM514w, event: @dev:localhost: bench 236
2026-08-23 19:00:04,792:    DEBUG: matrix-commander: event.server_timestamp = 1787511398502
2026-08-23 19:00:04,792:    DEBUG: matrix-commander: event_datetime = 2026-08-23 18:56:38
2026-08-23 19:00:04,792:    DEBUG: matrix-commander: type(msg) = <class 'str'>. msg is a string
2026-08-23 19:00:04,792:    DEBUG: matrix-commander: Message received for room @dev:localhost [!bench:localhost] | sender @dev:localhost [@dev:localhost] | 2026-08-23 18:56:38 | bench 236
2026-08-23 19:00:04,792:    DEBUG: matrix-commander: message_callback(): for room <nio.rooms.MatrixRoom object at 0x7f93c0f8f890> received this event: type: <class 'nio.events.room_events.RoomMessageText'>, event_id: $3kfioMjEPjM_xBL9-486mT63rt2lrulxrgAkQVL_w_I, event: @dev:localhost: bench 237
2026-08-23 19:00:04,792:    DEBUG: matrix-commander: event.server_timestamp = 1787511398732
Message received for room @dev:localhost [!bench:localhost] | sender @dev:localhost [@dev:localhost] | 2026-08-23 18:56:38 | bench 236
2026-08-23 19:00:04,792:    DEBUG: matrix-commander: event_datetime = 2026-08-23 18:56:38
2026-08-23 19:00:04,792:    DEBUG: matrix-commander: type(msg) = <class 'str'>. msg is a string
2026-08-23 19:00:04,792:    DEBUG: matrix-commander: Message received for room @dev:localhost [!bench:localhost] | sender @dev:localhost [@dev:localhost] | 2026-08-23 18:56:38 | bench 237
Message received for room @dev:localhost [!bench:localhost] | sender @dev:localhost [@dev:localhost] | 2026-08-23 18:56:38 | bench 237
2026-08-23 19:00:04,792:    DEBUG: matrix-commander: message_callback(): for room <nio.rooms.MatrixRoom object at 0x7f93c0f8f890> received this event: type: <class 'nio.events.room_events.RoomMessageText'>, event_id: $etAvEcq9zlTDcInBZX83VdVSPv04VjW_m28jgB3ptww, event: @dev:localhost: bench 238
2026-08-23 19:00:04,792:    DEBUG: matrix-commander: event.server_timestamp = 1787511398939
2026-08-23 19:00:04,792:    DEBUG: matrix-commander: event_datetime = 2026-08-23 18:56:38
2026-08-23 19:00:04,792:    DEBUG: matrix-commander: type(msg) = <class 'str'>. msg is a string
2026-08-23 19:00:04,792:    DEBUG: matrix-commander: Message received for room @dev:localhost [!bench:localhost] | sender @dev:localhost [@dev:localhost] | 2026-08-23 18:56:38 | bench 238
Message received for room @dev:localhost [!bench:localhost] | sender @dev:localhost [@dev:localhost] | 2026-08-23 18:56:38 | bench 238
Message received for room @dev:localhost [!bench:localhost] | sender @dev:localhost [@dev:localhost] | 2026-08-23 18:56:39 | bench 239
Message received for room @dev:localhost [!bench:localhost] | sender @dev:localhost [@dev:localhost] | 2026-08-23 18:56:39 | bench 240
Message received for room @dev:localhost [!bench:localhost] | sender @dev:localhost [@dev:localhost] | 2026-08-23 18:56:39 | bench 241
Message received for room @dev:localhost [!bench:localhost] | sender @dev:localhost [@dev:localhost] | 2026-08-23 18:56:39 | bench 242
2026-08-23 19:00:04,792:    DEBUG: matrix-commander: message_callback(): for room <nio.rooms.MatrixRoom object at 0x7f93c0f8f890> received this event: type: <class 'nio.events.room_events.RoomMessageText'>, event_id: $p5QRak3oYo5FRaneHuind-DOV6fs-SWSIdswGUTj4Lc, event: @dev:localhost: bench 239
2026-08-23 19:00:04,793:    DEBUG: matrix-commander: event.server_timestamp = 1787511399134
2026-08-23 19:00:04,793:    DEBUG: matrix-commander: event_datetime = 2026-08-23 18:56:39
2026-08-23 19:00:04,793:    DEBUG: matrix-commander: type(msg) = <class 'str'>. msg is a string
2026-08-23 19:00:04,793:    DEBUG: matrix-commander: Message received for room @dev:localhost [!bench:localhost] | sender @dev:localhost [@dev:localhost] | 2026-08-23 18:56:39 | bench 239
2026-08-23 19:00:04,793:    DEBUG: matrix-commander: message_callback(): for room <nio.rooms.MatrixRoom object at 0x7f93c0f8f890> received this event: type: <class 'nio.events.room_events.RoomMessageText'>, event_id: $2IMqUMuPr7-vaUOLsNJT-J8O0-WiZdkBUex1rXdeH24, event: @dev:localhost: bench 240
2026-08-23 19:00:04,793:    DEBUG: matrix-commander: event.server_timestamp = 1787511399314
2026-08-23 19:00:04,793:    DEBUG: matrix-commander: event_datetime = 2026-08-23 18:56:39
2026-08-23 19:00:04,793:    DEBUG: matrix-commander: type(msg) = <class 'str'>. msg is a string
2026-08-23 19:00:04,793:    DEBUG: matrix-commander: Message received for room @dev:localhost [!bench:localhost] | sender @dev:localhost [@dev:localhost] | 2026-08-23 18:56:39 | bench 240
2026-08-23 19:00:04,793:    DEBUG: matrix-commander: message_callback(): for room <nio.rooms.MatrixRoom object at 0x7f93c0f8f890> received this event: type: <class 'nio.events.room_events.RoomMessageText'>, event_id: $tMXI7ZhPHGIAw8j6gkk8IO8Y66SG45AFfZIfd3AAm90, event: @dev:localhost: bench 241
2026-08-23 19:00:04,793:    DEBUG: matrix-commander: event.server_timestamp = 1787511399492
2026-08-23 19:00:04,793:    DEBUG: matrix-commander: event_datetime = 2026-08-23 18:56:39
2026-08-23 19:00:04,793:    DEBUG: matrix-commander: type(msg) = <class 'str'>. msg is a string
2026-08-23 19:00:04,793:    DEBUG: matrix-commander: Message received for room @dev:localhost [!bench:localhost] | sender @dev:localhost [@dev:localhost] | 2026-08-23 18:56:39 | bench 241
2026-08-23 19:00:04,793:    DEBUG: matrix-commander: message_callback(): for room <nio.rooms.MatrixRoom object at 0x7f93c0f8f890> received this event: type: <class 'nio.events.room_events.RoomMessageText'>, event_id: $M8nJofz0ouQgQHcjmZf9HHKhIvNSebOzZkC8CU-QKrw, event: @dev:localhost: bench 242
2026-08-23 19:00:04,793:    DEBUG: matrix-commander: event.server_timestamp = 1787511399680
2026-08-23 19:00:04,793:    DEBUG: matrix-commander: event_datetime = 2026-08-23 18:56:39
2026-08-23 19:00:04,793:    DEBUG: matrix-commander: type(msg) = <class 'str'>. msg is a string
2026-08-23 19:00:04,793:    DEBUG: matrix-commander: Message received for room @dev:localhost [!bench:localhost] | sender @dev:localhost [@dev:localhost] | 2026-08-23 18:56:39 | bench 242
2026-08-23 19:00:04,793:    DEBUG: matrix-commander: message_callback(): for room <nio.rooms.MatrixRoom object at 0x7f93c0f8f890> received this event: type: <class 'nio.events.room_events.RoomMessageText'>, event_id: $TCSTkYKXekKjY5L3W4LUMPATHc2I_MEv1lap6c9nXdw, event: @dev:localhost: bench 243
2026-08-23 19:00:04,793:    DEBUG: matrix-commander: event.server_timestamp = 1787511399859
2026-08-23 19:00:04,793:    DEBUG: matrix-commander: event_datetime = 2026-08-23 18:56:39
2026-08-23 19:00:04,793:    DEBUG: matrix-commander: type(msg) = <class 'str'>. msg is a string
Message received for room @dev:localhost [!bench:localhost] | sender @dev:localhost [@dev:localhost] | 2026-08-23 18:56:39 | bench 243
2026-08-23 19:00:04,794:    DEBUG: matrix-commander: Message received for room @dev:localhost [!bench:localhost] | sender @dev:localhost [@dev:localhost] | 2026-08-23 18:56:39 | bench 243
2026-08-23 19:00:04,794:    DEBUG: matrix-commander: message_callback(): for room <nio.rooms.MatrixRoom object at 0x7f93c0f8f890> received this event: type: <class 'nio.events.room_events.RoomMessageText'>, event_id: $GN-bBgeSjagkzxd4K7lblPQ7cWUgWSOoE4hSeBP1hcc, event: @dev:localhost: bench 244
2026-08-23 19:00:04,794:    DEBUG: matrix-commander: event.server_timestamp = 1787511400062
2026-08-23 19:00:04,794:    DEBUG: matrix-commander: event_datetime = 2026-08-23 18:56:40
2026-08-23 19:00:04,794:    DEBUG: matrix-commander: type(msg) = <class 'str'>. msg is a string
2026-08-23 19:00:04,794:    DEBUG: matrix-commander: Message received for room @dev:localhost [!bench:localhost] | sender @dev:localhost [@dev:localhost] | 2026-08-23 18:56:40 | bench 244
Message received for room @dev:localhost [!bench:localhost] | sender @dev:localhost [@dev:localhost] | 2026-08-23 18:56:40 | bench 244
2026-08-23 19:00:04,794:    DEBUG: matrix-commander: message_callback(): for room <nio.rooms.MatrixRoom object at 0x7f93c0f8f890> received this event: type: <class 'nio.events.room_events.RoomMessageText'>, event_id: $e3A3B4BmICNwgXdPVjfguWdp2VSQoHlW8IceIlvdt4A, event: @dev:localhost: bench 245
2026-08-23 19:00:04,794:    DEBUG: matrix-commander: event.server_timestamp = 1787511400260
2026-08-23 19:00:04,794:    DEBUG: matrix-commander: event_datetime = 2026-08-23 18:56:40
2026-08-23 19:00:04,794:    DEBUG: matrix-commander: type(msg) = <class 'str'>. msg is a string
2026-08-23 19:00:04,794:    DEBUG: matrix-commander: Message received for room @dev:localhost [!bench:localhost] | sender @dev:localhost [@dev:localhost] | 2026-08-23 18:56:40 | bench 245
Message received for room @dev:localhost [!bench:localhost] | sender @dev:localhost [@dev:localhost] | 2026-08-23 18:56:40 | bench 245
2026-08-23 19:00:04,794:    DEBUG: matrix-commander: message_callback(): for room <nio.rooms.MatrixRoom object at 0x7f93c0f8f890> received this event: type: <class 'nio.events.room_events.RoomMessageText'>, event_id: $pN-sL3rHCw0wUV2MjzG6atXbmEVgsjEBmbXfHLAKg8E, event: @dev:localhost: bench 246
2026-08-23 19:00:04,794:    DEBUG: matrix-commander: event.server_timestamp = 1787511400453
2026-08-23 19:00:04,794:    DEBUG: matrix-commander: event_datetime = 2026-08-23 18:56:40
2026-08-23 19:00:04,794:    DEBUG: matrix-commander: type(msg) = <class 'str'>. msg is a string
2026-08-23 19:00:04,794:    DEBUG: matrix-commander: Message received for room @dev:localhost [!bench:localhost] | sender @dev:localhost [@dev:localhost] | 2026-08-23 18:56:40 | bench 246
Message received for room @dev:localhost [!bench:localhost] | sender @dev:localhost [@dev:localhost] | 2026-08-23 18:56:40 | bench 246
2026-08-23 19:00:04,794:    DEBUG: matrix-commander: message_callback(): for room <nio.rooms.MatrixRoom object at 0x7f93c0f8f890> received this event: type: <class 'nio.events.room_events.RoomMessageText'>, event_id: $Vyv9bbGmad3IOpI3BkhsWrvv4BDGP9SvKnnFdomDcAg, event: @dev:localhost: bench 247
2026-08-23 19:00:04,794:    DEBUG: matrix-commander: event.server_timestamp = 1787511400650
2026-08-23 19:00:04,794:    DEBUG: matrix-commander: event_datetime = 2026-08-23 18:56:40
2026-08-23 19:00:04,795:    DEBUG: matrix-commander: type(msg) = <class 'str'>. msg is a string
2026-08-23 19:00:04,795:    DEBUG: matrix-commander: Message received for room @dev:localhost [!bench:localhost] | sender @dev:localhost [@dev:localhost] | 2026-08-23 18:56:40 | bench 247
Message received for room @dev:localhost [!bench:localhost] | sender @dev:localhost [@dev:localhost] | 2026-08-23 18:56:40 | bench 247
2026-08-23 19:00:04,795:    DEBUG: matrix-commander: message_callback(): for room <nio.rooms.MatrixRoom object at 0x7f93c0f8f890> received this event: type: <class 'nio.events.room_events.RoomMessageText'>, event_id: $WAb-MydCnvCYUgkl2bCEc4Rb3RRYmH9tJNy1S1Oq9DY, event: @dev:localhost: bench 248
2026-08-23 19:00:04,795:    DEBUG: matrix-commander: event.server_timestamp = 1787511400848
2026-08-23 19:00:04,795:    DEBUG: matrix-commander: event_datetime = 2026-08-23 18:56:40
2026-08-23 19:00:04,795:    DEBUG: matrix-commander: type(msg) = <class 'str'>. msg is a string
2026-08-23 19:00:04,795:    DEBUG: matrix-commander: Message received for room @dev:localhost [!bench:localhost] | sender @dev:localhost [@dev:localhost] | 2026-08-23 18:56:40 | bench 248
Message received for room @dev:localhost [!bench:localhost] | sender @dev:localhost [@dev:localhost] | 2026-08-23 18:56:40 | bench 248
2026-08-23 19:00:04,795:    DEBUG: matrix-commander: message_callback(): for room <nio.rooms.MatrixRoom object at 0x7f93c0f8f890> received this event: type: <class 'nio.events.room_events.RoomMessageText'>, event_id: $fyqz-LoKB_I0N3j3NWrHfWWQnyMygFcrJS9xrSctRUs, event: @dev:localhost: bench 249
2026-08-23 19:00:04,795:    DEBUG: matrix-commander: event.server_timestamp = 1787511401047
2026-08-23 19:00:04,795:    DEBUG: matrix-commander: event_datetime = 2026-08-23 18:56:41
2026-08-23 19:00:04,795:    DEBUG: matrix-commander: type(msg) = <class 'str'>. msg is a string
2026-08-23 19:00:04,795:    DEBUG: matrix-commander: Message received for room @dev:localhost [!bench:localhost] | sender @dev:localhost [@dev:localhost] | 2026-08-23 18:56:41 | bench 249
Message received for room @dev:localhost [!bench:localhost] | sender @dev:localhost [@dev:localhost] | 2026-08-23 18:56:41 | bench 249
2026-08-23 19:00:04,795:    DEBUG: matrix-commander: message_callback(): for room <nio.rooms.MatrixRoom object at 0x7f93c0f8f890> received this event: type: <class 'nio.events.room_events.RoomMessageText'>, event_id: $DGBzO31FqEjIAQEqRzpWnPyxOftyu6Bf60TtlD-Fu6s, event: @dev:localhost: bench 250
2026-08-23 19:00:04,795:    DEBUG: matrix-commander: event.server_timestamp = 1787511401253
2026-08-23 19:00:04,795:    DEBUG: matrix-commander: event_datetime = 2026-08-23 18:56:41
2026-08-23 19:00:04,795:    DEBUG: matrix-commander: type(msg) = <class 'str'>. msg is a string
2026-08-23 19:00:04,795:    DEBUG: matrix-commander: Message received for room @dev:localhost [!bench:localhost] | sender @dev:localhost [@dev:localhost] | 2026-08-23 18:56:41 | bench 250
Message received for room @dev:localhost [!bench:localhost] | sender @dev:localhost [@dev:localhost] | 2026-08-23 18:56:41 | bench 250
2026-08-23 19:00:04,795:    DEBUG: matrix-commander: message_callback(): for room <nio.rooms.MatrixRoom object at 0x7f93c0f8f890> received this event: type: <class 'nio.events.room_events.RoomMessageText'>, event_id: $r1eXL8n-VeVYoL-NOan_I8uqCsSr-dQ7hWHxPp1XTjY, event: @dev:localhost: bench 251
2026-08-23 19:00:04,795:    DEBUG: matrix-commander: event.server_timestamp = 1787511401462
2026-08-23 19:00:04,796:    DEBUG: matrix-commander: event_datetime = 2026-08-23 18:56:41
2026-08-23 19:00:04,796:    DEBUG: matrix-commander: type(msg) = <class 'str'>. msg is a string
2026-08-23 19:00:04,796:    DEBUG: matrix-commander: Message received for room @dev:localhost [!bench:localhost] | sender @dev:localhost [@dev:localhost] | 2026-08-23 18:56:41 | bench 251
Message received for room @dev:localhost [!bench:localhost] | sender @dev:localhost [@dev:localhost] | 2026-08-23 18:56:41 | bench 251
2026-08-23 19:00:04,796:    DEBUG: matrix-commander: message_callback(): for room <nio.rooms.MatrixRoom object at 0x7f93c0f8f890> received this event: type: <class 'nio.events.room_events.RoomMessageText'>, event_id: $QIEjSPpIsFpWAsoy-JNs5axDU96Ht1SLTi9vdjwTLzc, event: @dev:localhost: bench 252
2026-08-23 19:00:04,796:    DEBUG: matrix-commander: event.server_timestamp = 1787511401672
2026-08-23 19:00:04,796:    DEBUG: matrix-commander: event_datetime = 2026-08-23 18:56:41
2026-08-23 19:00:04,796:    DEBUG: matrix-commander: type(msg) = <class 'str'>. msg is a string
Message received for room @dev:localhost [!bench:localhost] | sender @dev:localhost [@dev:localhost] | 2026-08-23 18:56:41 | bench 252
2026-08-23 19:00:04,796:    DEBUG: matrix-commander: Message received for room @dev:localhost [!bench:localhost] | sender @dev:localhost [@dev:localhost] | 2026-08-23 18:56:41 | bench 252
2026-08-23 19:00:04,796:    DEBUG: matrix-commander: message_callback(): for room <nio.rooms.MatrixRoom object at 0x7f93c0f8f890> received this event: type: <class 'nio.events.room_events.RoomMessageText'>, event_id: $BR_MK4pfXdpMDuXBCzZx94KDWeDCnYoQEF7yYRppINE, event: @dev:localhost: bench 253
2026-08-23 19:00:04,796:    DEBUG: matrix-commander: event.server_timestamp = 1787511401868
2026-08-23 19:00:04,796:    DEBUG: matrix-commander: event_datetime = 2026-08-23 18:56:41
2026-08-23 19:00:04,796:    DEBUG: matrix-commander: type(msg) = <class 'str'>. msg is a string
2026-08-23 19:00:04,796:    DEBUG: matrix-commander: Message received for room @dev:localhost [!bench:localhost] | sender @dev:localhost [@dev:localhost] | 2026-08-23 18:56:41 | bench 253
Message received for room @dev:localhost [!bench:localhost] | sender @dev:localhost [@dev:localhost] | 2026-08-23 18:56:41 | bench 253
2026-08-23 19:00:04,796:    DEBUG: matrix-commander: message_callback(): for room <nio.rooms.MatrixRoom object at 0x7f93c0f8f890> received this event: type: <class 'nio.events.room_events.RoomMessageText'>, event_id: $2DKqjV38ZX0r7aCPc3sqG_EeZatdRiAQLGZj9kXCfGc, event: @dev:localhost: bench 254
2026-08-23 19:00:04,796:    DEBUG: matrix-commander: event.server_timestamp = 1787511402066
2026-08-23 19:00:04,796:    DEBUG: matrix-commander: event_datetime = 2026-08-23 18:56:42
2026-08-23 19:00:04,796:    DEBUG: matrix-commander: type(msg) = <class 'str'>. msg is a string
2026-08-23 19:00:04,796:    DEBUG: matrix-commander: Message received for room @dev:localhost [!bench:localhost] | sender @dev:localhost [@dev:localhost] | 2026-08-23 18:56:42 | bench 254
Message received for room @dev:localhost [!bench:localhost] | sender @dev:localhost [@dev:localhost] | 2026-08-23 18:56:42 | bench 254
2026-08-23 19:00:04,796:    DEBUG: matrix-commander: message_callback(): for room <nio.rooms.MatrixRoom object at 0x7f93c0f8f890> received this event: type: <class 'nio.events.room_events.RoomMessageText'>, event_id: $PDJ61CjfNsWZdZN9nG9UF93kQZeT7DBgjTSfu3WRdQk, event: @dev:localhost: bench 255
2026-08-23 19:00:04,796:    DEBUG: matrix-commander: event.server_timestamp = 1787511402242
2026-08-23 19:00:04,796:    DEBUG: matrix-commander: event_datetime = 2026-08-23 18:56:42
2026-08-23 19:00:04,796:    DEBUG: matrix-commander: type(msg) = <class 'str'>. msg is a string
2026-08-23 19:00:04,796:    DEBUG: matrix-commander: Message received for room @dev:localhost [!bench:localhost] | sender @dev:localhost [@dev:localhost] | 2026-08-23 18:56:42 | bench 255
Message received for room @dev:localhost [!bench:localhost] | sender @dev:localhost [@dev:localhost] | 2026-08-23 18:56:42 | bench 255
2026-08-23 19:00:04,796:    DEBUG: matrix-commander: message_callback(): for room <nio.rooms.MatrixRoom object at 0x7f93c0f8f890> received this event: type: <class 'nio.events.room_events.RoomMessageText'>, event_id: $62ZXKdTBDGLKYrHSH-OSPm59k2MFCRAFHFSSsPdL9Zw, event: @dev:localhost: bench 256
2026-08-23 19:00:04,796:    DEBUG: matrix-commander: event.server_timestamp = 1787511402427
2026-08-23 19:00:04,796:    DEBUG: matrix-commander: event_datetime = 2026-08-23 18:56:42
2026-08-23 19:00:04,796:    DEBUG: matrix-commander: type(msg) = <class 'str'>. msg is a string
2026-08-23 19:00:04,796:    DEBUG: matrix-commander: Message received for room @dev:localhost [!bench:localhost] | sender @dev:localhost [@dev:localhost] | 2026-08-23 18:56:42 | bench 256
Message received for room @dev:localhost [!bench:localhost] | sender @dev:localhost [@dev:localhost] | 2026-08-23 18:56:42 | bench 256
2026-08-23 19:00:04,796:    DEBUG: matrix-commander: message_callback(): for room <nio.rooms.MatrixRoom object at 0x7f93c0f8f890> received this event: type: <class 'nio.events.room_events.RoomMessageText'>, event_id: $7VzCoyxNnGiSuMv1XRuJ6yWe4-wj8CK27hT27ywu3l4, event: @dev:localhost: bench 257
2026-08-23 19:00:04,796:    DEBUG: matrix-commander: event.server_timestamp = 1787511402620
2026-08-23 19:00:04,796:    DEBUG: matrix-commander: event_datetime = 2026-08-23 18:56:42
2026-08-23 19:00:04,797:    DEBUG: matrix-commander: type(msg) = <class 'str'>. msg is a string
2026-08-23 19:00:04,797:    DEBUG: matrix-commander: Message received for room @dev:localhost [!bench:localhost] | sender @dev:localhost [@dev:localhost] | 2026-08-23 18:56:42 | bench 257
Message received for room @dev:localhost [!bench:localhost] | sender @dev:localhost [@dev:localhost] | 2026-08-23 18:56:42 | bench 257
2026-08-23 19:00:04,797:    DEBUG: matrix-commander: message_callback(): for room <nio.rooms.MatrixRoom object at 0x7f93c0f8f890> received this event: type: <class 'nio.events.room_events.RoomMessageText'>, event_id: $4KlfjU-GjkhCJig5vNOJ9KRrL3nGIWWsARBt5M3Tn0k, event: @dev:localhost: bench 258
2026-08-23 19:00:04,797:    DEBUG: matrix-commander: event.server_timestamp = 1787511402821
2026-08-23 19:00:04,797:    DEBUG: matrix-commander: event_datetime = 2026-08-23 18:56:42
2026-08-23 19:00:04,797:    DEBUG: matrix-commander: type(msg) = <class 'str'>. msg is a string
2026-08-23 19:00:04,797:    DEBUG: matrix-commander: Message received for room @dev:localhost [!bench:localhost] | sender @dev:localhost [@dev:localhost] | 2026-08-23 18:56:42 | bench 258
2026-08-23 19:00:04,797:    DEBUG: matrix-commander: message_callback(): for room <nio.rooms.MatrixRoom object at 0x7f93c0f8f890> received this event: type: <class 'nio.events.room_events.RoomMessageText'>, event_id: $SMVh2Kyzo136N4kTbZ5hHpAUkY-NRZCSIDLKVAggjcM, event: @dev:localhost: bench 259
Message received for room @dev:localhost [!bench:localhost] | sender @dev:localhost [@dev:localhost] | 2026-08-23 18:56:42 | bench 258
2026-08-23 19:00:04,797:    DEBUG: matrix-commander: event.server_timestamp = 1787511403030
2026-08-23 19:00:04,797:    DEBUG: matrix-commander: event_datetime = 2026-08-23 18:56:43
2026-08-23 19:00:04,797:    DEBUG: matrix-commander: type(msg) = <class 'str'>. msg is a string
2026-08-23 19:00:04,797:    DEBUG: matrix-commander: Message received for room @dev:localhost [!bench:localhost] | sender @dev:localhost [@dev:localhost] | 2026-08-23 18:56:43 | bench 259
Message received for room @dev:localhost [!bench:localhost] | sender @dev:localhost [@dev:localhost] | 2026-08-23 18:56:43 | bench 259
2026-08-23 19:00:04,797:    DEBUG: matrix-commander: message_callback(): for room <nio.rooms.MatrixRoom object at 0x7f93c0f8f890> received this event: type: <class 'nio.events.room_events.RoomMessageText'>, event_id: $7C9epc46JUgW13pxsl_FCTyyrKTZy9awZMEUENFELPs, event: @dev:localhost: bench 260
2026-08-23 19:00:04,797:    DEBUG: matrix-commander: event.server_timestamp = 1787511403240
2026-08-23 19:00:04,797:    DEBUG: matrix-commander: event_datetime = 2026-08-23 18:56:43
2026-08-23 19:00:04,797:    DEBUG: matrix-commander: type(msg) = <class 'str'>. msg is a string
2026-08-23 19:00:04,797:    DEBUG: matrix-commander: Message received for room @dev:localhost [!bench:localhost] | sender @dev:localhost [@dev:localhost] | 2026-08-23 18:56:43 | bench 260
Message received for room @dev:localhost [!bench:localhost] | sender @dev:localhost [@dev:localhost] | 2026-08-23 18:56:43 | bench 260
2026-08-23 19:00:04,797:    DEBUG: matrix-commander: message_callback(): for room <nio.rooms.MatrixRoom object at 0x7f93c0f8f890> received this event: type: <class 'nio.events.room_events.RoomMessageText'>, event_id: $5ZR9eIaUOETPY2huxG8Uy2f79KOJHnad_OPu7IJxZnM, event: @dev:localhost: bench 261
2026-08-23 19:00:04,797:    DEBUG: matrix-commander: event.server_timestamp = 1787511403443
2026-08-23 19:00:04,797:    DEBUG: matrix-commander: event_datetime = 2026-08-23 18:56:43
2026-08-23 19:00:04,797:    DEBUG: matrix-commander: type(msg) = <class 'str'>. msg is a string
2026-08-23 19:00:04,797:    DEBUG: matrix-commander: Message received for room @dev:localhost [!bench:localhost] | sender @dev:localhost [@dev:localhost] | 2026-08-23 18:56:43 | bench 261
Message received for room @dev:localhost [!bench:localhost] | sender @dev:localhost [@dev:localhost] | 2026-08-23 18:56:43 | bench 261
2026-08-23 19:00:04,797:    DEBUG: matrix-commander: message_callback(): for room <nio.rooms.MatrixRoom object at 0x7f93c0f8f890> received this event: type: <class 'nio.events.room_events.RoomMessageText'>, event_id: $KXYxksd1YmwOlz3Sxg7sixlgD0BL4kJezi2U1FfZGog, event: @dev:localhost: bench 262
2026-08-23 19:00:04,797:    DEBUG: matrix-commander: event.server_timestamp = 1787511403631
2026-08-23 19:00:04,797:    DEBUG: matrix-commander: event_datetime = 2026-08-23 18:56:43
2026-08-23 19:00:04,797:    DEBUG: matrix-commander: type(msg) = <class 'str'>. msg is a string
2026-08-23 19:00:04,798:    DEBUG: matrix-commander: Message received for room @dev:localhost [!bench:localhost] | sender @dev:localhost [@dev:localhost] | 2026-08-23 18:56:43 | bench 262
Message received for room @dev:localhost [!bench:localhost] | sender @dev:localhost [@dev:localhost] | 2026-08-23 18:56:43 | bench 262
2026-08-23 19:00:04,798:    DEBUG: matrix-commander: message_callback(): for room <nio.rooms.MatrixRoom object at 0x7f93c0f8f890> received this event: type: <class 'nio.events.room_events.RoomMessageText'>, event_id: $owN699T2eoCb7RtMj62nhGcOABSQeV1s997aWfe8NsA, event: @dev:localhost: bench 263
2026-08-23 19:00:04,798:    DEBUG: matrix-commander: event.server_timestamp = 1787511403842
2026-08-23 19:00:04,798:    DEBUG: matrix-commander: event_datetime = 2026-08-23 18:56:43
2026-08-23 19:00:04,798:    DEBUG: matrix-commander: type(msg) = <class 'str'>. msg is a string
2026-08-23 19:00:04,798:    DEBUG: matrix-commander: Message received for room @dev:localhost [!bench:localhost] | sender @dev:localhost [@dev:localhost] | 2026-08-23 18:56:43 | bench 263
Message received for room @dev:localhost [!bench:localhost] | sender @dev:localhost [@dev:localhost] | 2026-08-23 18:56:43 | bench 263
2026-08-23 19:00:04,798:    DEBUG: matrix-commander: message_callback(): for room <nio.rooms.MatrixRoom object at 0x7f93c0f8f890> received this event: type: <class 'nio.events.room_events.RoomMessageText'>, event_id: $0rRaqY4PStRkk8SurB-y4lO9FzWgS9Zlo4IubzZAqPg, event: @dev:localhost: bench 264
2026-08-23 19:00:04,798:    DEBUG: matrix-commander: event.server_timestamp = 1787511404047
2026-08-23 19:00:04,798:    DEBUG: matrix-commander: event_datetime = 2026-08-23 18:56:44
2026-08-23 19:00:04,798:    DEBUG: matrix-commander: type(msg) = <class 'str'>. msg is a string
2026-08-23 19:00:04,798:    DEBUG: matrix-commander: Message received for room @dev:localhost [!bench:localhost] | sender @dev:localhost [@dev:localhost] | 2026-08-23 18:56:44 | bench 264
Message received for room @dev:localhost [!bench:localhost] | sender @dev:localhost [@dev:localhost] | 2026-08-23 18:56:44 | bench 264
2026-08-23 19:00:04,798:    DEBUG: matrix-commander: message_callback(): for room <nio.rooms.MatrixRoom object at 0x7f93c0f8f890> received this event: type: <class 'nio.events.room_events.RoomMessageText'>, event_id: $JWyrUS47Fe4ITmjOiTFjPoPNPYSNX_p5rK1gPZLyAwY, event: @dev:localhost: bench 265
2026-08-23 19:00:04,798:    DEBUG: matrix-commander: event.server_timestamp = 1787511404253
2026-08-23 19:00:04,798:    DEBUG: matrix-commander: event_datetime = 2026-08-23 18:56:44
2026-08-23 19:00:04,798:    DEBUG: matrix-commander: type(msg) = <class 'str'>. msg is a string
2026-08-23 19:00:04,798:    DEBUG: matrix-commander: Message received for room @dev:localhost [!bench:localhost] | sender @dev:localhost [@dev:localhost] | 2026-08-23 18:56:44 | bench 265
Message received for room @dev:localhost [!bench:localhost] | sender @dev:localhost [@dev:localhost] | 2026-08-23 18:56:44 | bench 265
2026-08-23 19:00:04,798:    DEBUG: matrix-commander: message_callback(): for room <nio.rooms.MatrixRoom object at 0x7f93c0f8f890> received this event: type: <class 'nio.events.room_events.RoomMessageText'>, event_id: $zbWnwvfcyMAEdVIJ3RvHP99rCY6Jd8DhMTknpg3QLNo, event: @dev:localhost: bench 266
2026-08-23 19:00:04,798:    DEBUG: matrix-commander: event.server_timestamp = 1787511404452
2026-08-23 19:00:04,798:    DEBUG: matrix-commander: event_datetime = 2026-08-23 18:56:44
2026-08-23 19:00:04,798:    DEBUG: matrix-commander: type(msg) = <class 'str'>. msg is a string
2026-08-23 19:00:04,798:    DEBUG: matrix-commander: Message received for room @dev:localhost [!bench:localhost] | sender @dev:localhost [@dev:localhost] | 2026-08-23 18:56:44 | bench 266
Message received for room @dev:localhost [!bench:localhost] | sender @dev:localhost [@dev:localhost] | 2026-08-23 18:56:44 | bench 266
2026-08-23 19:00:04,798:    DEBUG: matrix-commander: message_callback(): for room <nio.rooms.MatrixRoom object at 0x7f93c0f8f890> received this event: type: <class 'nio.events.room_events.RoomMessageText'>, event_id: $5aLyXSWmfhqZLK2KemawprNJPTqK3AcOf6Q6Mw1ICAg, event: @dev:localhost: bench 267
2026-08-23 19:00:04,798:    DEBUG: matrix-commander: event.server_timestamp = 1787511404635
2026-08-23 19:00:04,798:    DEBUG: matrix-commander: event_datetime = 2026-08-23 18:56:44
2026-08-23 19:00:04,798:    DEBUG: matrix-commander: type(msg) = <class 'str'>. msg is a string
2026-08-23 19:00:04,798:    DEBUG: matrix-commander: Message received for room @dev:localhost [!bench:localhost] | sender @dev:localhost [@dev:localhost] | 2026-08-23 18:56:44 | bench 267
Message received for room @dev:localhost [!bench:localhost] | sender @dev:localhost [@dev:localhost] | 2026-08-23 18:56:44 | bench 267
2026-08-23 19:00:04,799:    DEBUG: matrix-commander: message_callback(): for room <nio.rooms.MatrixRoom object at 0x7f93c0f8f890> received this event: type: <class 'nio.events.room_events.RoomMessageText'>, event_id: $yiTK0hgZMBAHFh_k-e06xM5XCZtXnHEXxnfPNmITdGQ, event: @dev:localhost: bench 268
2026-08-23 19:00:04,799:    DEBUG: matrix-commander: event.server_timestamp = 1787511404828
2026-08-23 19:00:04,799:    DEBUG: matrix-commander: event_datetime = 2026-08-23 18:56:44
2026-08-23 19:00:04,799:    DEBUG: matrix-commander: type(msg) = <class 'str'>. msg is a string
2026-08-23 19:00:04,799:    DEBUG: matrix-commander: Message received for room @dev:localhost [!bench:localhost] | sender @dev:localhost [@dev:localhost] | 2026-08-23 18:56:44 | bench 268
Message received for room @dev:localhost [!bench:localhost] | sender @dev:localhost [@dev:localhost] | 2026-08-23 18:56:44 | bench 268
2026-08-23 19:00:04,799:    DEBUG: matrix-commander: message_callback(): for room <nio.rooms.MatrixRoom object at 0x7f93c0f8f890> received this event: type: <class 'nio.events.room_events.RoomMessageText'>, event_id: $k2nKI25_IZPMFoGVe5emY-ieB8DwD7myVFwRPux7FlI, event: @dev:localhost: bench 269
2026-08-23 19:00:04,799:    DEBUG: matrix-commander: event.server_timestamp = 1787511405012
2026-08-23 19:00:04,799:    DEBUG: matrix-commander: event_datetime = 2026-08-23 18:56:45
2026-08-23 19:00:04,799:    DEBUG: matrix-commander: type(msg) = <class 'str'>. msg is a string
2026-08-23 19:00:04,799:    DEBUG: matrix-commander: Message received for room @dev:localhost [!bench:localhost] | sender @dev:localhost [@dev:localhost] | 2026-08-23 18:56:45 | bench 269
Message received for room @dev:localhost [!bench:localhost] | sender @dev:localhost [@dev:localhost] | 2026-08-23 18:56:45 | bench 269
2026-08-23 19:00:04,799:    DEBUG: matrix-commander: message_callback(): for room <nio.rooms.MatrixRoom object at 0x7f93c0f8f890> received this event: type: <class 'nio.events.room_events.RoomMessageText'>, event_id: $egB2XFfsZJdB8jjd2cBjuo8smgh4TgpTqkvWTL1rVVo, event: @dev:localhost: bench 270
2026-08-23 19:00:04,799:    DEBUG: matrix-commander: event.server_timestamp = 1787511405207
2026-08-23 19:00:04,799:    DEBUG: matrix-commander: event_datetime = 2026-08-23 18:56:45
2026-08-23 19:00:04,799:    DEBUG: matrix-commander: type(msg) = <class 'str'>. msg is a string
2026-08-23 19:00:04,799:    DEBUG: matrix-commander: Message received for room @dev:localhost [!bench:localhost] | sender @dev:localhost [@dev:localhost] | 2026-08-23 18:56:45 | bench 270
Message received for room @dev:localhost [!bench:localhost] | sender @dev:localhost [@dev:localhost] | 2026-08-23 18:56:45 | bench 270
2026-08-23 19:00:04,799:    DEBUG: matrix-commander: message_callback(): for room <nio.rooms.MatrixRoom object at 0x7f93c0f8f890> received this event: type: <class 'nio.events.room_events.RoomMessageText'>, event_id: $mb3FkPZoDO3US15sbOhaos3y2Kpx2MCg5wCovdjfcjE, event: @dev:localhost: bench 271
2026-08-23 19:00:04,799:    DEBUG: matrix-commander: event.server_timestamp = 1787511405419
2026-08-23 19:00:04,799:    DEBUG: matrix-commander: event_datetime = 2026-08-23 18:56:45
2026-08-23 19:00:04,799:    DEBUG: matrix-commander: type(msg) = <class 'str'>. msg is a string
2026-08-23 19:00:04,799:    DEBUG: matrix-commander: Message received for room @dev:localhost [!bench:localhost] | sender @dev:localhost [@dev:localhost] | 2026-08-23 18:56:45 | bench 271
Message received for room @dev:localhost [!bench:localhost] | sender @dev:localhost [@dev:localhost] | 2026-08-23 18:56:45 | bench 271
2026-08-23 19:00:04,799:    DEBUG: matrix-commander: message_callback(): for room <nio.rooms.MatrixRoom object at 0x7f93c0f8f890> received this event: type: <class 'nio.events.room_events.RoomMessageText'>, event_id: $pDG1mwdMcBa9ju-HCyRfFRYeoMs_zo0QgEApHORhUV4, event: @dev:localhost: bench 272
2026-08-23 19:00:04,799:    DEBUG: matrix-commander: event.server_timestamp = 1787511405632
2026-08-23 19:00:04,799:    DEBUG: matrix-commander: event_datetime = 2026-08-23 18:56:45
2026-08-23 19:00:04,799:    DEBUG: matrix-commander: type(msg) = <class 'str'>. msg is a string
2026-08-23 19:00:04,799:    DEBUG: matrix-commander: Message received for room @dev:localhost [!bench:localhost] | sender @dev:localhost [@dev:localhost] | 2026-08-23 18:56:45 | bench 272
Message received for room @dev:localhost [!bench:localhost] | sender @dev:localhost [@dev:localhost] | 2026-08-23 18:56:45 | bench 272
2026-08-23 19:00:04,799:    DEBUG: matrix-commander: message_callback(): for room <nio.rooms.MatrixRoom object at 0x7f93c0f8f890> received this event: type: <class 'nio.events.room_events.RoomMessageText'>, event_id: $rTyikicDtdB06HkmOWjvLb1dZhGUGWpaK5xB1S_NO2k, event: @dev:localhost: bench 273
2026-08-23 19:00:04,799:    DEBUG: matrix-commander: event.server_timestamp = 1787511405866
2026-08-23 19:00:04,799:    DEBUG: matrix-commander: event_datetime = 2026-08-23 18:56:45
2026-08-23 19:00:04,799:    DEBUG: matrix-commander: type(msg) = <class 'str'>. msg is a string
2026-08-23 19:00:04,799:    DEBUG: matrix-commander: Message received for room @dev:localhost [!bench:localhost] | sender @dev:localhost [@dev:localhost] | 2026-08-23 18:56:45 | bench 273
Message received for room @dev:localhost [!bench:localhost] | sender @dev:localhost [@dev:localhost] | 2026-08-23 18:56:45 | bench 273
2026-08-23 19:00:04,800:    DEBUG: matrix-commander: message_callback(): for room <nio.rooms.MatrixRoom object at 0x7f93c0f8f890> received this event: type: <class 'nio.events.room_events.RoomMessageText'>, event_id: $AfUsjIdALgqs1X2opPu3NRJJqjiOhbp3xluq8ZlEVHI, event: @dev:localhost: bench 274
2026-08-23 19:00:04,800:    DEBUG: matrix-commander: event.server_timestamp = 1787511406104
2026-08-23 19:00:04,800:    DEBUG: matrix-commander: event_datetime = 2026-08-23 18:56:46
2026-08-23 19:00:04,800:    DEBUG: matrix-commander: type(msg) = <class 'str'>. msg is a string
2026-08-23 19:00:04,800:    DEBUG: matrix-commander: Message received for room @dev:localhost [!bench:localhost] | sender @dev:localhost [@dev:localhost] | 2026-08-23 18:56:46 | bench 274
Message received for room @dev:localhost [!bench:localhost] | sender @dev:localhost [@dev:localhost] | 2026-08-23 18:56:46 | bench 274
2026-08-23 19:00:04,800:    DEBUG: matrix-commander: message_callback(): for room <nio.rooms.MatrixRoom object at 0x7f93c0f8f890> received this event: type: <class 'nio.events.room_events.RoomMessageText'>, event_id: $lDLmy8864aIRRV3tMSXrXFUHevX3_J8jKpHk31WwaUE, event: @dev:localhost: bench 275
2026-08-23 19:00:04,800:    DEBUG: matrix-commander: event.server_timestamp = 1787511406349
2026-08-23 19:00:04,800:    DEBUG: matrix-commander: event_datetime = 2026-08-23 18:56:46
2026-08-23 19:00:04,800:    DEBUG: matrix-commander: type(msg) = <class 'str'>. msg is a string
2026-08-23 19:00:04,800:    DEBUG: matrix-commander: Message received for room @dev:localhost [!bench:localhost] | sender @dev:localhost [@dev:localhost] | 2026-08-23 18:56:46 | bench 275
Message received for room @dev:localhost [!bench:localhost] | sender @dev:localhost [@dev:localhost] | 2026-08-23 18:56:46 | bench 275
2026-08-23 19:00:04,800:    DEBUG: matrix-commander: message_callback(): for room <nio.rooms.MatrixRoom object at 0x7f93c0f8f890> received this event: type: <class 'nio.events.room_events.RoomMessageText'>, event_id: $jP5NAs1PrSqaMUEcdVefzVtJbCJFkdlGSagBH4c9QgE, event: @dev:localhost: bench 276
2026-08-23 19:00:04,800:    DEBUG: matrix-commander: event.server_timestamp = 1787511406544
2026-08-23 19:00:04,800:    DEBUG: matrix-commander: event_datetime = 2026-08-23 18:56:46
2026-08-23 19:00:04,800:    DEBUG: matrix-commander: type(msg) = <class 'str'>. msg is a string
2026-08-23 19:00:04,800:    DEBUG: matrix-commander: Message received for room @dev:localhost [!bench:localhost] | sender @dev:localhost [@dev:localhost] | 2026-08-23 18:56:46 | bench 276
Message received for room @dev:localhost [!bench:localhost] | sender @dev:localhost [@dev:localhost] | 2026-08-23 18:56:46 | bench 276
2026-08-23 19:00:04,800:    DEBUG: matrix-commander: message_callback(): for room <nio.rooms.MatrixRoom object at 0x7f93c0f8f890> received this event: type: <class 'nio.events.room_events.RoomMessageText'>, event_id: $YBmxd2X7JBPqgUzRS-l5lRIuSQCfEYyUbqyBfXkDxps, event: @dev:localhost: bench 277
2026-08-23 19:00:04,800:    DEBUG: matrix-commander: event.server_timestamp = 1787511406745
2026-08-23 19:00:04,800:    DEBUG: matrix-commander: event_datetime = 2026-08-23 18:56:46
2026-08-23 19:00:04,800:    DEBUG: matrix-commander: type(msg) = <class 'str'>. msg is a string
2026-08-23 19:00:04,800:    DEBUG: matrix-commander: Message received for room @dev:localhost [!bench:localhost] | sender @dev:localhost [@dev:localhost] | 2026-08-23 18:56:46 | bench 277
Message received for room @dev:localhost [!bench:localhost] | sender @dev:localhost [@dev:localhost] | 2026-08-23 18:56:46 | bench 277
2026-08-23 19:00:04,800:    DEBUG: matrix-commander: message_callback(): for room <nio.rooms.MatrixRoom object at 0x7f93c0f8f890> received this event: type: <class 'nio.events.room_events.RoomMessageText'>, event_id: $ed6D_lCMA5eqZco7vpbKG2po06ckl3a-ZqvpoQaoxks, event: @dev:localhost: bench 278
2026-08-23 19:00:04,800:    DEBUG: matrix-commander: event.server_timestamp = 1787511406935
2026-08-23 19:00:04,800:    DEBUG: matrix-commander: event_datetime = 2026-08-23 18:56:46
2026-08-23 19:00:04,800:    DEBUG: matrix-commander: type(msg) = <class 'str'>. msg is a string
2026-08-23 19:00:04,800:    DEBUG: matrix-commander: Message received for room @dev:localhost [!bench:localhost] | sender @dev:localhost [@dev:localhost] | 2026-08-23 18:56:46 | bench 278
Message received for room @dev:localhost [!bench:localhost] | sender @dev:localhost [@dev:localhost] | 2026-08-23 18:56:46 | bench 278
2026-08-23 19:00:04,801:    DEBUG: matrix-commander: message_callback(): for room <nio.rooms.MatrixRoom object at 0x7f93c0f8f890> received this event: type: <class 'nio.events.room_events.RoomMessageText'>, event_id: $NcbDSUN7JnTKjwZXGVYXigqUFeIP1VlvNxGviojaWLo, event: @dev:localhost: bench 279
2026-08-23 19:00:04,801:    DEBUG: matrix-commander: event.server_timestamp = 1787511407118
2026-08-23 19:00:04,801:    DEBUG: matrix-commander: event_datetime = 2026-08-23 18:56:47
2026-08-23 19:00:04,801:    DEBUG: matrix-commander: type(msg) = <class 'str'>. msg is a string
2026-08-23 19:00:04,801:    DEBUG: matrix-commander: Message received for room @dev:localhost [!bench:localhost] | sender @dev:localhost [@dev:localhost] | 2026-08-23 18:56:47 | bench 279
2026-08-23 19:00:04,801:    DEBUG: matrix-commander: message_callback(): for room <nio.rooms.MatrixRoom object at 0x7f93c0f8f890> received this event: type: <class 'nio.events.room_events.RoomMessageText'>, event_id: $xPuBpqizUOeKyWDm7vdIYjZjjCeWYZLardsCrtu5b1g, event: @dev:localhost: bench 280
2026-08-23 19:00:04,801:    DEBUG: matrix-commander: event.server_timestamp = 1787511407296
2026-08-23 19:00:04,801:    DEBUG: matrix-commander: event_datetime = 2026-08-23 18:56:47
2026-08-23 19:00:04,801:    DEBUG: matrix-commander: type(msg) = <class 'str'>. msg is a string
2026-08-23 19:00:04,801:    DEBUG: matrix-commander: Message received for room @dev:localhost [!bench:localhost] | sender @dev:localhost [@dev:localhost] | 2026-08-23 18:56:47 | bench 280
2026-08-23 19:00:04,801:    DEBUG: matrix-commander: message_callback(): for room <nio.rooms.MatrixRoom object at 0x7f93c0f8f890> received this event: type: <class 'nio.events.room_events.RoomMessageText'>, event_id: $MIKJKcTb3PjWK6793uHhiMSiWgat9Ep484r9m0a0894, event: @dev:localhost: bench 281
2026-08-23 19:00:04,801:    DEBUG: matrix-commander: event.server_timestamp = 1787511407474
2026-08-23 19:00:04,801:    DEBUG: matrix-commander: event_datetime = 2026-08-23 18:56:47
2026-08-23 19:00:04,801:    DEBUG: matrix-commander: type(msg) = <class 'str'>. msg is a string
Message received for room @dev:localhost [!bench:localhost] | sender @dev:localhost [@dev:localhost] | 2026-08-23 18:56:47 | bench 279
Message received for room @dev:localhost [!bench:localhost] | sender @dev:localhost [@dev:localhost] | 2026-08-23 18:56:47 | bench 280
2026-08-23 19:00:04,801:    DEBUG: matrix-commander: Message received for room @dev:localhost [!bench:localhost] | sender @dev:localhost [@dev:localhost] | 2026-08-23 18:56:47 | bench 281
Message received for room @dev:localhost [!bench:localhost] | sender @dev:localhost [@dev:localhost] | 2026-08-23 18:56:47 | bench 281
2026-08-23 19:00:04,801:    DEBUG: matrix-commander: message_callback(): for room <nio.rooms.MatrixRoom object at 0x7f93c0f8f890> received this event: type: <class 'nio.events.room_events.RoomMessageText'>, event_id: $6x6oUlpPT_RCK0I1aDMXvI8YiMzos9EnGXspL97BkNc, event: @dev:localhost: bench 282
2026-08-23 19:00:04,801:    DEBUG: matrix-commander: event.server_timestamp = 1787511407654
2026-08-23 19:00:04,801:    DEBUG: matrix-commander: event_datetime = 2026-08-23 18:56:47
2026-08-23 19:00:04,801:    DEBUG: matrix-commander: type(msg) = <class 'str'>. msg is a string
2026-08-23 19:00:04,801:    DEBUG: matrix-commander: Message received for room @dev:localhost [!bench:localhost] | sender @dev:localhost [@dev:localhost] | 2026-08-23 18:56:47 | bench 282
Message received for room @dev:localhost [!bench:localhost] | sender @dev:localhost [@dev:localhost] | 2026-08-23 18:56:47 | bench 282
2026-08-23 19:00:04,801:    DEBUG: matrix-commander: message_callback(): for room <nio.rooms.MatrixRoom object at 0x7f93c0f8f890> received this event: type: <class 'nio.events.room_events.RoomMessageText'>, event_id: $6oNCUeXEa_K6m07BMDsAoGyzvTUHYEzazhG_guQTv3I, event: @dev:localhost: bench 283
2026-08-23 19:00:04,801:    DEBUG: matrix-commander: event.server_timestamp = 1787511407840
2026-08-23 19:00:04,801:    DEBUG: matrix-commander: event_datetime = 2026-08-23 18:56:47
2026-08-23 19:00:04,801:    DEBUG: matrix-commander: type(msg) = <class 'str'>. msg is a string
2026-08-23 19:00:04,801:    DEBUG: matrix-commander: Message received for room @dev:localhost [!bench:localhost] | sender @dev:localhost [@dev:localhost] | 2026-08-23 18:56:47 | bench 283
Message received for room @dev:localhost [!bench:localhost] | sender @dev:localhost [@dev:localhost] | 2026-08-23 18:56:47 | bench 283
2026-08-23 19:00:04,801:    DEBUG: matrix-commander: message_callback(): for room <nio.rooms.MatrixRoom object at 0x7f93c0f8f890> received this event: type: <class 'nio.events.room_events.RoomMessageText'>, event_id: $vB6tmOHeV8SaoVMryE9ho5fiyPubffTiAWi6EoBDFx0, event: @dev:localhost: bench 284
2026-08-23 19:00:04,801:    DEBUG: matrix-commander: event.server_timestamp = 1787511408036
2026-08-23 19:00:04,801:    DEBUG: matrix-commander: event_datetime = 2026-08-23 18:56:48
2026-08-23 19:00:04,801:    DEBUG: matrix-commander: type(msg) = <class 'str'>. msg is a string
Message received for room @dev:localhost [!bench:localhost] | sender @dev:localhost [@dev:localhost] | 2026-08-23 18:56:48 | bench 284
2026-08-23 19:00:04,801:    DEBUG: matrix-commander: Message received for room @dev:localhost [!bench:localhost] | sender @dev:localhost [@dev:localhost] | 2026-08-23 18:56:48 | bench 284
2026-08-23 19:00:04,802:    DEBUG: matrix-commander: message_callback(): for room <nio.rooms.MatrixRoom object at 0x7f93c0f8f890> received this event: type: <class 'nio.events.room_events.RoomMessageText'>, event_id: $lDc2yKJ1Hi4jUMo2pKcmAkFx0QOM7cpnJEx74x4MM6U, event: @dev:localhost: bench 285
2026-08-23 19:00:04,802:    DEBUG: matrix-commander: event.server_timestamp = 1787511408227
2026-08-23 19:00:04,802:    DEBUG: matrix-commander: event_datetime = 2026-08-23 18:56:48
2026-08-23 19:00:04,802:    DEBUG: matrix-commander: type(msg) = <class 'str'>. msg is a string
2026-08-23 19:00:04,802:    DEBUG: matrix-commander: Message received for room @dev:localhost [!bench:localhost] | sender @dev:localhost [@dev:localhost] | 2026-08-23 18:56:48 | bench 285
Message received for room @dev:localhost [!bench:localhost] | sender @dev:localhost [@dev:localhost] | 2026-08-23 18:56:48 | bench 285
2026-08-23 19:00:04,802:    DEBUG: matrix-commander: message_callback(): for room <nio.rooms.MatrixRoom object at 0x7f93c0f8f890> received this event: type: <class 'nio.events.room_events.RoomMessageText'>, event_id: $wF1wpGdwnrs3Eqg87_EhVSqlH5AvMo-17ldxai0r_5s, event: @dev:localhost: bench 286
2026-08-23 19:00:04,802:    DEBUG: matrix-commander: event.server_timestamp = 1787511408432
2026-08-23 19:00:04,802:    DEBUG: matrix-commander: event_datetime = 2026-08-23 18:56:48
2026-08-23 19:00:04,802:    DEBUG: matrix-commander: type(msg) = <class 'str'>. msg is a string
2026-08-23 19:00:04,802:    DEBUG: matrix-commander: Message received for room @dev:localhost [!bench:localhost] | sender @dev:localhost [@dev:localhost] | 2026-08-23 18:56:48 | bench 286
2026-08-23 19:00:04,802:    DEBUG: matrix-commander: message_callback(): for room <nio.rooms.MatrixRoom object at 0x7f93c0f8f890> received this event: type: <class 'nio.events.room_events.RoomMessageText'>, event_id: $uXZieAIdInblGTIZNvUXGay2mZOL4yMwVWF-8NKwz2s, event: @dev:localhost: bench 287
Message received for room @dev:localhost [!bench:localhost] | sender @dev:localhost [@dev:localhost] | 2026-08-23 18:56:48 | bench 286
2026-08-23 19:00:04,802:    DEBUG: matrix-commander: event.server_timestamp = 1787511408632
2026-08-23 19:00:04,802:    DEBUG: matrix-commander: event_datetime = 2026-08-23 18:56:48
2026-08-23 19:00:04,802:    DEBUG: matrix-commander: type(msg) = <class 'str'>. msg is a string
2026-08-23 19:00:04,802:    DEBUG: matrix-commander: Message received for room @dev:localhost [!bench:localhost] | sender @dev:localhost [@dev:localhost] | 2026-08-23 18:56:48 | bench 287
Message received for room @dev:localhost [!bench:localhost] | sender @dev:localhost [@dev:localhost] | 2026-08-23 18:56:48 | bench 287
2026-08-23 19:00:04,802:    DEBUG: matrix-commander: message_callback(): for room <nio.rooms.MatrixRoom object at 0x7f93c0f8f890> received this event: type: <class 'nio.events.room_events.RoomMessageText'>, event_id: $O-BNNTRtRcA_T7C0xDMIrOL-t5Pa6fhlJ-Km9V3vPAg, event: @dev:localhost: bench 288
2026-08-23 19:00:04,802:    DEBUG: matrix-commander: event.server_timestamp = 1787511408836
2026-08-23 19:00:04,802:    DEBUG: matrix-commander: event_datetime = 2026-08-23 18:56:48
2026-08-23 19:00:04,802:    DEBUG: matrix-commander: type(msg) = <class 'str'>. msg is a string
Message received for room @dev:localhost [!bench:localhost] | sender @dev:localhost [@dev:localhost] | 2026-08-23 18:56:48 | bench 288
2026-08-23 19:00:04,802:    DEBUG: matrix-commander: Message received for room @dev:localhost [!bench:localhost] | sender @dev:localhost [@dev:localhost] | 2026-08-23 18:56:48 | bench 288
2026-08-23 19:00:04,802:    DEBUG: matrix-commander: message_callback(): for room <nio.rooms.MatrixRoom object at 0x7f93c0f8f890> received this event: type: <class 'nio.events.room_events.RoomMessageText'>, event_id: $TmaZzzPDnSkwO8sK_SZBC8m-EHASRfKuFLyNnxKts0E, event: @dev:localhost: bench 289
2026-08-23 19:00:04,802:    DEBUG: matrix-commander: event.server_timestamp = 1787511409038
2026-08-23 19:00:04,802:    DEBUG: matrix-commander: event_datetime = 2026-08-23 18:56:49
2026-08-23 19:00:04,802:    DEBUG: matrix-commander: type(msg) = <class 'str'>. msg is a string
2026-08-23 19:00:04,802:    DEBUG: matrix-commander: Message received for room @dev:localhost [!bench:localhost] | sender @dev:localhost [@dev:localhost] | 2026-08-23 18:56:49 | bench 289
Message received for room @dev:localhost [!bench:localhost] | sender @dev:localhost [@dev:localhost] | 2026-08-23 18:56:49 | bench 289
2026-08-23 19:00:04,802:    DEBUG: matrix-commander: message_callback(): for room <nio.rooms.MatrixRoom object at 0x7f93c0f8f890> received this event: type: <class 'nio.events.room_events.RoomMessageText'>, event_id: $2d-BNBaSvezHEMuO45uX92CpAwF4iReDSxoQUkqph44, event: @dev:localhost: bench 290
2026-08-23 19:00:04,802:    DEBUG: matrix-commander: event.server_timestamp = 1787511409257
2026-08-23 19:00:04,802:    DEBUG: matrix-commander: event_datetime = 2026-08-23 18:56:49
2026-08-23 19:00:04,802:    DEBUG: matrix-commander: type(msg) = <class 'str'>. msg is a string
2026-08-23 19:00:04,802:    DEBUG: matrix-commander: Message received for room @dev:localhost [!bench:localhost] | sender @dev:localhost [@dev:localhost] | 2026-08-23 18:56:49 | bench 290
2026-08-23 19:00:04,802:    DEBUG: matrix-commander: message_callback(): for room <nio.rooms.MatrixRoom object at 0x7f93c0f8f890> received this event: type: <class 'nio.events.room_events.RoomMessageText'>, event_id: $QwXYV7kH6CuBE_2EUxA4TYPT1xAKwHsXdj-v3dtCVLI, event: @dev:localhost: bench 291
Message received for room @dev:localhost [!bench:localhost] | sender @dev:localhost [@dev:localhost] | 2026-08-23 18:56:49 | bench 290
2026-08-23 19:00:04,803:    DEBUG: matrix-commander: event.server_timestamp = 1787511409455
2026-08-23 19:00:04,803:    DEBUG: matrix-commander: event_datetime = 2026-08-23 18:56:49
2026-08-23 19:00:04,803:    DEBUG: matrix-commander: type(msg) = <class 'str'>. msg is a string
2026-08-23 19:00:04,803:    DEBUG: matrix-commander: Message received for room @dev:localhost [!bench:localhost] | sender @dev:localhost [@dev:localhost] | 2026-08-23 18:56:49 | bench 291
Message received for room @dev:localhost [!bench:localhost] | sender @dev:localhost [@dev:localhost] | 2026-08-23 18:56:49 | bench 291
2026-08-23 19:00:04,803:    DEBUG: matrix-commander: message_callback(): for room <nio.rooms.MatrixRoom object at 0x7f93c0f8f890> received this event: type: <class 'nio.events.room_events.RoomMessageText'>, event_id: $TUHbalO6PaCt-OU10OgJen5RFjgHgN3SLA9xK9Vddf4, event: @dev:localhost: bench 292
2026-08-23 19:00:04,803:    DEBUG: matrix-commander: event.server_timestamp = 1787511409675
2026-08-23 19:00:04,803:    DEBUG: matrix-commander: event_datetime = 2026-08-23 18:56:49
2026-08-23 19:00:04,803:    DEBUG: matrix-commander: type(msg) = <class 'str'>. msg is a string
2026-08-23 19:00:04,803:    DEBUG: matrix-commander: Message received for room @dev:localhost [!bench:localhost] | sender @dev:localhost [@dev:localhost] | 2026-08-23 18:56:49 | bench 292
Message received for room @dev:localhost [!bench:localhost] | sender @dev:localhost [@dev:localhost] | 2026-08-23 18:56:49 | bench 292
2026-08-23 19:00:04,803:    DEBUG: matrix-commander: message_callback(): for room <nio.rooms.MatrixRoom object at 0x7f93c0f8f890> received this event: type: <class 'nio.events.room_events.RoomMessageText'>, event_id: $HWpkjCZVUElft7MEACrcjnvmXeWcXm474PyDaOu3xcE, event: @dev:localhost: bench 293
2026-08-23 19:00:04,803:    DEBUG: matrix-commander: event.server_timestamp = 1787511409864
2026-08-23 19:00:04,803:    DEBUG: matrix-commander: event_datetime = 2026-08-23 18:56:49
2026-08-23 19:00:04,803:    DEBUG: matrix-commander: type(msg) = <class 'str'>. msg is a string
2026-08-23 19:00:04,803:    DEBUG: matrix-commander: Message received for room @dev:localhost [!bench:localhost] | sender @dev:localhost [@dev:localhost] | 2026-08-23 18:56:49 | bench 293
Message received for room @dev:localhost [!bench:localhost] | sender @dev:localhost [@dev:localhost] | 2026-08-23 18:56:49 | bench 293
2026-08-23 19:00:04,803:    DEBUG: matrix-commander: message_callback(): for room <nio.rooms.MatrixRoom object at 0x7f93c0f8f890> received this event: type: <class 'nio.events.room_events.RoomMessageText'>, event_id: $1NJ3gvL6Xdu0LBvPoP3sENI-7GNz68ow1bLnNBQdkH8, event: @dev:localhost: bench 294
2026-08-23 19:00:04,803:    DEBUG: matrix-commander: event.server_timestamp = 1787511410050
2026-08-23 19:00:04,803:    DEBUG: matrix-commander: event_datetime = 2026-08-23 18:56:50
2026-08-23 19:00:04,803:    DEBUG: matrix-commander: type(msg) = <class 'str'>. msg is a string
2026-08-23 19:00:04,803:    DEBUG: matrix-commander: Message received for room @dev:localhost [!bench:localhost] | sender @dev:localhost [@dev:localhost] | 2026-08-23 18:56:50 | bench 294
Message received for room @dev:localhost [!bench:localhost] | sender @dev:localhost [@dev:localhost] | 2026-08-23 18:56:50 | bench 294
2026-08-23 19:00:04,803:    DEBUG: matrix-commander: message_callback(): for room <nio.rooms.MatrixRoom object at 0x7f93c0f8f890> received this event: type: <class 'nio.events.room_events.RoomMessageText'>, event_id: $2B0HoHa5rqqCUQJLrgjPdDoD-wtxfOugA-3g3NWNxas, event: @dev:localhost: bench 295
2026-08-23 19:00:04,803:    DEBUG: matrix-commander: event.server_timestamp = 1787511410233
2026-08-23 19:00:04,803:    DEBUG: matrix-commander: event_datetime = 2026-08-23 18:56:50
2026-08-23 19:00:04,803:    DEBUG: matrix-commander: type(msg) = <class 'str'>. msg is a string
2026-08-23 19:00:04,803:    DEBUG: matrix-commander: Message received for room @dev:localhost [!bench:localhost] | sender @dev:localhost [@dev:localhost] | 2026-08-23 18:56:50 | bench 295
2026-08-23 19:00:04,804:    DEBUG: matrix-commander: message_callback(): for room <nio.rooms.MatrixRoom object at 0x7f93c0f8f890> received this event: type: <class 'nio.events.room_events.RoomMessageText'>, event_id: $zVdW1KiSMRjvTdEioXolEvHnfftIy0b5m9wfLDJnOfE, event: @dev:localhost: bench 296
2026-08-23 19:00:04,804:    DEBUG: matrix-commander: event.server_timestamp = 1787511410429
Message received for room @dev:localhost [!bench:localhost] | sender @dev:localhost [@dev:localhost] | 2026-08-23 18:56:50 | bench 295
2026-08-23 19:00:04,804:    DEBUG: matrix-commander: event_datetime = 2026-08-23 18:56:50
2026-08-23 19:00:04,804:    DEBUG: matrix-commander: type(msg) = <class 'str'>. msg is a string
2026-08-23 19:00:04,804:    DEBUG: matrix-commander: Message received for room @dev:localhost [!bench:localhost] | sender @dev:localhost [@dev:localhost] | 2026-08-23 18:56:50 | bench 296
Message received for room @dev:localhost [!bench:localhost] | sender @dev:localhost [@dev:localhost] | 2026-08-23 18:56:50 | bench 296
2026-08-23 19:00:04,804:    DEBUG: matrix-commander: message_callback(): for room <nio.rooms.MatrixRoom object at 0x7f93c0f8f890> received this event: type: <class 'nio.events.room_events.RoomMessageText'>, event_id: $r4eb4m5B6XXWIOPOZYZxrbBwYav6NanOeO80fagwBiw, event: @dev:localhost: bench 297
2026-08-23 19:00:04,804:    DEBUG: matrix-commander: event.server_timestamp = 1787511410630
2026-08-23 19:00:04,804:    DEBUG: matrix-commander: event_datetime = 2026-08-23 18:56:50
2026-08-23 19:00:04,804:    DEBUG: matrix-commander: type(msg) = <class 'str'>. msg is a string
Message received for room @dev:localhost [!bench:localhost] | sender @dev:localhost [@dev:localhost] | 2026-08-23 18:56:50 | bench 297
2026-08-23 19:00:04,804:    DEBUG: matrix-commander: Message received for room @dev:localhost [!bench:localhost] | sender @dev:localhost [@dev:localhost] | 2026-08-23 18:56:50 | bench 297
2026-08-23 19:00:04,804:    DEBUG: matrix-commander: message_callback(): for room <nio.rooms.MatrixRoom object at 0x7f93c0f8f890> received this event: type: <class 'nio.events.room_events.RoomMessageText'>, event_id: $CsQANkLjyz5BAKtqBG9RXYVEHxQSnL_7oHiNaR_6SPw, event: @dev:localhost: bench 298
2026-08-23 19:00:04,804:    DEBUG: matrix-commander: event.server_timestamp = 1787511410846
2026-08-23 19:00:04,804:    DEBUG: matrix-commander: event_datetime = 2026-08-23 18:56:50
2026-08-23 19:00:04,804:    DEBUG: matrix-commander: type(msg) = <class 'str'>. msg is a string
2026-08-23 19:00:04,804:    DEBUG: matrix-commander: Message received for room @dev:localhost [!bench:localhost] | sender @dev:localhost [@dev:localhost] | 2026-08-23 18:56:50 | bench 298
Message received for room @dev:localhost [!bench:localhost] | sender @dev:localhost [@dev:localhost] | 2026-08-23 18:56:50 | bench 298
2026-08-23 19:00:04,804:    DEBUG: matrix-commander: message_callback(): for room <nio.rooms.MatrixRoom object at 0x7f93c0f8f890> received this event: type: <class 'nio.events.room_events.RoomMessageText'>, event_id: $tvZylMwr_57ZmdUPxXwDxbB1HK5miRYcTgp9ncTqVVE, event: @dev:localhost: bench 299
2026-08-23 19:00:04,804:    DEBUG: matrix-commander: event.server_timestamp = 1787511411081
2026-08-23 19:00:04,804:    DEBUG: matrix-commander: event_datetime = 2026-08-23 18:56:51
2026-08-23 19:00:04,804:    DEBUG: matrix-commander: type(msg) = <class 'str'>. msg is a string
2026-08-23 19:00:04,804:    DEBUG: matrix-commander: Message received for room @dev:localhost [!bench:localhost] | sender @dev:localhost [@dev:localhost] | 2026-08-23 18:56:51 | bench 299
Message received for room @dev:localhost [!bench:localhost] | sender @dev:localhost [@dev:localhost] | 2026-08-23 18:56:51 | bench 299
2026-08-23 19:00:04,804:    DEBUG: matrix-commander: message_callback(): for room <nio.rooms.MatrixRoom object at 0x7f93c0f8f890> received this event: type: <class 'nio.events.room_events.RoomMessageText'>, event_id: $oVfslfkgv4E5K4Lbs1taGYqDcFFLiyWrPUQhz1JyTdY, event: @dev:localhost: bench 300
2026-08-23 19:00:04,804:    DEBUG: matrix-commander: event.server_timestamp = 1787511411307
2026-08-23 19:00:04,804:    DEBUG: matrix-commander: event_datetime = 2026-08-23 18:56:51
2026-08-23 19:00:04,804:    DEBUG: matrix-commander: type(msg) = <class 'str'>. msg is a string
2026-08-23 19:00:04,804:    DEBUG: matrix-commander: Message received for room @dev:localhost [!bench:localhost] | sender @dev:localhost [@dev:localhost] | 2026-08-23 18:56:51 | bench 300
Message received for room @dev:localhost [!bench:localhost] | sender @dev:localhost [@dev:localhost] | 2026-08-23 18:56:51 | bench 300
2026-08-23 19:00:04,804:    DEBUG: matrix-commander: message_callback(): for room <nio.rooms.MatrixRoom object at 0x7f93c0f8f890> received this event: type: <class 'nio.events.room_events.RoomMessageText'>, event_id: $qYkJf_R0kh5MhwrfZlBEBsBUctpvYDV8evBR4PX4iOo, event: @dev:localhost: bench 301
2026-08-23 19:00:04,804:    DEBUG: matrix-commander: event.server_timestamp = 1787511411497
2026-08-23 19:00:04,804:    DEBUG: matrix-commander: event_datetime = 2026-08-23 18:56:51
2026-08-23 19:00:04,805:    DEBUG: matrix-commander: type(msg) = <class 'str'>. msg is a string
2026-08-23 19:00:04,805:    DEBUG: matrix-commander: Message received for room @dev:localhost [!bench:localhost] | sender @dev:localhost [@dev:localhost] | 2026-08-23 18:56:51 | bench 301
Message received for room @dev:localhost [!bench:localhost] | sender @dev:localhost [@dev:localhost] | 2026-08-23 18:56:51 | bench 301
2026-08-23 19:00:04,805:    DEBUG: matrix-commander: message_callback(): for room <nio.rooms.MatrixRoom object at 0x7f93c0f8f890> received this event: type: <class 'nio.events.room_events.RoomMessageText'>, event_id: $j3v3saU1FwPhUlfV9CoD--SgU9bjq1oaMfETlTI3QBg, event: @dev:localhost: bench 302
2026-08-23 19:00:04,805:    DEBUG: matrix-commander: event.server_timestamp = 1787511411694
2026-08-23 19:00:04,805:    DEBUG: matrix-commander: event_datetime = 2026-08-23 18:56:51
2026-08-23 19:00:04,805:    DEBUG: matrix-commander: type(msg) = <class 'str'>. msg is a string
2026-08-23 19:00:04,805:    DEBUG: matrix-commander: Message received for room @dev:localhost [!bench:localhost] | sender @dev:localhost [@dev:localhost] | 2026-08-23 18:56:51 | bench 302
Message received for room @dev:localhost [!bench:localhost] | sender @dev:localhost [@dev:localhost] | 2026-08-23 18:56:51 | bench 302
2026-08-23 19:00:04,805:    DEBUG: matrix-commander: message_callback(): for room <nio.rooms.MatrixRoom object at 0x7f93c0f8f890> received this event: type: <class 'nio.events.room_events.RoomMessageText'>, event_id: $Xw9sLqiQSAo-GdSJeiTqs7bHOtoybW0bcGO0edvdFeo, event: @dev:localhost: bench 303
2026-08-23 19:00:04,805:    DEBUG: matrix-commander: event.server_timestamp = 1787511411906
2026-08-23 19:00:04,805:    DEBUG: matrix-commander: event_datetime = 2026-08-23 18:56:51
2026-08-23 19:00:04,805:    DEBUG: matrix-commander: type(msg) = <class 'str'>. msg is a string
2026-08-23 19:00:04,805:    DEBUG: matrix-commander: Message received for room @dev:localhost [!bench:localhost] | sender @dev:localhost [@dev:localhost] | 2026-08-23 18:56:51 | bench 303
Message received for room @dev:localhost [!bench:localhost] | sender @dev:localhost [@dev:localhost] | 2026-08-23 18:56:51 | bench 303
2026-08-23 19:00:04,805:    DEBUG: matrix-commander: message_callback(): for room <nio.rooms.MatrixRoom object at 0x7f93c0f8f890> received this event: type: <class 'nio.events.room_events.RoomMessageText'>, event_id: $ENEUJiYwc87KWB6PYjypCvaUKSc_99L_xrs7C-nvwQA, event: @dev:localhost: bench 304
2026-08-23 19:00:04,805:    DEBUG: matrix-commander: event.server_timestamp = 1787511412102
2026-08-23 19:00:04,805:    DEBUG: matrix-commander: event_datetime = 2026-08-23 18:56:52
2026-08-23 19:00:04,805:    DEBUG: matrix-commander: type(msg) = <class 'str'>. msg is a string
2026-08-23 19:00:04,805:    DEBUG: matrix-commander: Message received for room @dev:localhost [!bench:localhost] | sender @dev:localhost [@dev:localhost] | 2026-08-23 18:56:52 | bench 304
Message received for room @dev:localhost [!bench:localhost] | sender @dev:localhost [@dev:localhost] | 2026-08-23 18:56:52 | bench 304
2026-08-23 19:00:04,805:    DEBUG: matrix-commander: message_callback(): for room <nio.rooms.MatrixRoom object at 0x7f93c0f8f890> received this event: type: <class 'nio.events.room_events.RoomMessageText'>, event_id: $yY0lrAEHZ14GYoWTqSxk0UhWJUpmP3gLg8-EdWOqz24, event: @dev:localhost: bench 305
2026-08-23 19:00:04,805:    DEBUG: matrix-commander: event.server_timestamp = 1787511412302
2026-08-23 19:00:04,805:    DEBUG: matrix-commander: event_datetime = 2026-08-23 18:56:52
2026-08-23 19:00:04,805:    DEBUG: matrix-commander: type(msg) = <class 'str'>. msg is a string
2026-08-23 19:00:04,805:    DEBUG: matrix-commander: Message received for room @dev:localhost [!bench:localhost] | sender @dev:localhost [@dev:localhost] | 2026-08-23 18:56:52 | bench 305
Message received for room @dev:localhost [!bench:localhost] | sender @dev:localhost [@dev:localhost] | 2026-08-23 18:56:52 | bench 305
2026-08-23 19:00:04,805:    DEBUG: matrix-commander: message_callback(): for room <nio.rooms.MatrixRoom object at 0x7f93c0f8f890> received this event: type: <class 'nio.events.room_events.RoomMessageText'>, event_id: $8hYdlvxQ7U3TJVZrRTG0sVhIwpeT_KZa8Fdk_qWN9wo, event: @dev:localhost: bench 306
2026-08-23 19:00:04,805:    DEBUG: matrix-commander: event.server_timestamp = 1787511412497
2026-08-23 19:00:04,805:    DEBUG: matrix-commander: event_datetime = 2026-08-23 18:56:52
2026-08-23 19:00:04,805:    DEBUG: matrix-commander: type(msg) = <class 'str'>. msg is a string
2026-08-23 19:00:04,805:    DEBUG: matrix-commander: Message received for room @dev:localhost [!bench:localhost] | sender @dev:localhost [@dev:localhost] | 2026-08-23 18:56:52 | bench 306
Message received for room @dev:localhost [!bench:localhost] | sender @dev:localhost [@dev:localhost] | 2026-08-23 18:56:52 | bench 306
2026-08-23 19:00:04,806:    DEBUG: matrix-commander: message_callback(): for room <nio.rooms.MatrixRoom object at 0x7f93c0f8f890> received this event: type: <class 'nio.events.room_events.RoomMessageText'>, event_id: $-BCNi0zT71tka4XjRIBAESCgUquh9t6hhQT5o1wtnUg, event: @dev:localhost: bench 307
2026-08-23 19:00:04,806:    DEBUG: matrix-commander: event.server_timestamp = 1787511412699
2026-08-23 19:00:04,806:    DEBUG: matrix-commander: event_datetime = 2026-08-23 18:56:52
2026-08-23 19:00:04,806:    DEBUG: matrix-commander: type(msg) = <class 'str'>. msg is a string
Message received for room @dev:localhost [!bench:localhost] | sender @dev:localhost [@dev:localhost] | 2026-08-23 18:56:52 | bench 307
2026-08-23 19:00:04,806:    DEBUG: matrix-commander: Message received for room @dev:localhost [!bench:localhost] | sender @dev:localhost [@dev:localhost] | 2026-08-23 18:56:52 | bench 307
2026-08-23 19:00:04,806:    DEBUG: matrix-commander: message_callback(): for room <nio.rooms.MatrixRoom object at 0x7f93c0f8f890> received this event: type: <class 'nio.events.room_events.RoomMessageText'>, event_id: $PhRTGTR1MApi_tXFvIC7VH-yK7-1oko8daks1IOvWxY, event: @dev:localhost: bench 308
2026-08-23 19:00:04,806:    DEBUG: matrix-commander: event.server_timestamp = 1787511412911
2026-08-23 19:00:04,806:    DEBUG: matrix-commander: event_datetime = 2026-08-23 18:56:52
2026-08-23 19:00:04,806:    DEBUG: matrix-commander: type(msg) = <class 'str'>. msg is a string
2026-08-23 19:00:04,806:    DEBUG: matrix-commander: Message received for room @dev:localhost [!bench:localhost] | sender @dev:localhost [@dev:localhost] | 2026-08-23 18:56:52 | bench 308
Message received for room @dev:localhost [!bench:localhost] | sender @dev:localhost [@dev:localhost] | 2026-08-23 18:56:52 | bench 308
2026-08-23 19:00:04,806:    DEBUG: matrix-commander: message_callback(): for room <nio.rooms.MatrixRoom object at 0x7f93c0f8f890> received this event: type: <class 'nio.events.room_events.RoomMessageText'>, event_id: $9fNOd6pXuj1w37G_UBpFDsP-oZT5KpXc5uoaRlo61NA, event: @dev:localhost: bench 309
2026-08-23 19:00:04,806:    DEBUG: matrix-commander: event.server_timestamp = 1787511413106
2026-08-23 19:00:04,806:    DEBUG: matrix-commander: event_datetime = 2026-08-23 18:56:53
2026-08-23 19:00:04,806:    DEBUG: matrix-commander: type(msg) = <class 'str'>. msg is a string
2026-08-23 19:00:04,806:    DEBUG: matrix-commander: Message received for room @dev:localhost [!bench:localhost] | sender @dev:localhost [@dev:localhost] | 2026-08-23 18:56:53 | bench 309
Message received for room @dev:localhost [!bench:localhost] | sender @dev:localhost [@dev:localhost] | 2026-08-23 18:56:53 | bench 309
2026-08-23 19:00:04,806:    DEBUG: matrix-commander: message_callback(): for room <nio.rooms.MatrixRoom object at 0x7f93c0f8f890> received this event: type: <class 'nio.events.room_events.RoomMessageText'>, event_id: $9V00-53FziULwhZOBtQXN9dMKe-oQx8tJCTvBjHWBD0, event: @dev:localhost: bench 310
2026-08-23 19:00:04,806:    DEBUG: matrix-commander: event.server_timestamp = 1787511413299
2026-08-23 19:00:04,806:    DEBUG: matrix-commander: event_datetime = 2026-08-23 18:56:53
2026-08-23 19:00:04,806:    DEBUG: matrix-commander: type(msg) = <class 'str'>. msg is a string
2026-08-23 19:00:04,806:    DEBUG: matrix-commander: Message received for room @dev:localhost [!bench:localhost] | sender @dev:localhost [@dev:localhost] | 2026-08-23 18:56:53 | bench 310
Message received for room @dev:localhost [!bench:localhost] | sender @dev:localhost [@dev:localhost] | 2026-08-23 18:56:53 | bench 310
2026-08-23 19:00:04,806:    DEBUG: matrix-commander: message_callback(): for room <nio.rooms.MatrixRoom object at 0x7f93c0f8f890> received this event: type: <class 'nio.events.room_events.RoomMessageText'>, event_id: $XDajt-nIbwKh5SWlcQSKxAxc7dLlZ78V5lNJOyRhEX0, event: @dev:localhost: bench 311
2026-08-23 19:00:04,806:    DEBUG: matrix-commander: event.server_timestamp = 1787511413485
2026-08-23 19:00:04,806:    DEBUG: matrix-commander: event_datetime = 2026-08-23 18:56:53
2026-08-23 19:00:04,806:    DEBUG: matrix-commander: type(msg) = <class 'str'>. msg is a string
2026-08-23 19:00:04,806:    DEBUG: matrix-commander: Message received for room @dev:localhost [!bench:localhost] | sender @dev:localhost [@dev:localhost] | 2026-08-23 18:56:53 | bench 311
Message received for room @dev:localhost [!bench:localhost] | sender @dev:localhost [@dev:localhost] | 2026-08-23 18:56:53 | bench 311
2026-08-23 19:00:04,806:    DEBUG: matrix-commander: message_callback(): for room <nio.rooms.MatrixRoom object at 0x7f93c0f8f890> received this event: type: <class 'nio.events.room_events.RoomMessageText'>, event_id: $YbqvoSae9ci66Kkb6p0JeDqUCZLK8RsjAKXCMs1UvZ8, event: @dev:localhost: bench 312
2026-08-23 19:00:04,807:    DEBUG: matrix-commander: event.server_timestamp = 1787511413653
2026-08-23 19:00:04,807:    DEBUG: matrix-commander: event_datetime = 2026-08-23 18:56:53
2026-08-23 19:00:04,807:    DEBUG: matrix-commander: type(msg) = <class 'str'>. msg is a string
2026-08-23 19:00:04,807:    DEBUG: matrix-commander: Message received for room @dev:localhost [!bench:localhost] | sender @dev:localhost [@dev:localhost] | 2026-08-23 18:56:53 | bench 312
Message received for room @dev:localhost [!bench:localhost] | sender @dev:localhost [@dev:localhost] | 2026-08-23 18:56:53 | bench 312
2026-08-23 19:00:04,807:    DEBUG: matrix-commander: message_callback(): for room <nio.rooms.MatrixRoom object at 0x7f93c0f8f890> received this event: type: <class 'nio.events.room_events.RoomMessageText'>, event_id: $4J08t1Ows9Nj1iaS-Oj8UXASxSaap9im3wL_E04znmY, event: @dev:localhost: bench 313
2026-08-23 19:00:04,807:    DEBUG: matrix-commander: event.server_timestamp = 1787511413841
2026-08-23 19:00:04,807:    DEBUG: matrix-commander: event_datetime = 2026-08-23 18:56:53
2026-08-23 19:00:04,807:    DEBUG: matrix-commander: type(msg) = <class 'str'>. msg is a string
2026-08-23 19:00:04,807:    DEBUG: matrix-commander: Message received for room @dev:localhost [!bench:localhost] | sender @dev:localhost [@dev:localhost] | 2026-08-23 18:56:53 | bench 313
Message received for room @dev:localhost [!bench:localhost] | sender @dev:localhost [@dev:localhost] | 2026-08-23 18:56:53 | bench 313
2026-08-23 19:00:04,807:    DEBUG: matrix-commander: message_callback(): for room <nio.rooms.MatrixRoom object at 0x7f93c0f8f890> received this event: type: <class 'nio.events.room_events.RoomMessageText'>, event_id: $TyZbAi-h65JFxmZ-YirJ_-MaNjrB26xVfLvLNTSoFIk, event: @dev:localhost: bench 314
2026-08-23 19:00:04,807:    DEBUG: matrix-commander: event.server_timestamp = 1787511414035
2026-08-23 19:00:04,807:    DEBUG: matrix-commander: event_datetime = 2026-08-23 18:56:54
2026-08-23 19:00:04,807:    DEBUG: matrix-commander: type(msg) = <class 'str'>. msg is a string
2026-08-23 19:00:04,807:    DEBUG: matrix-commander: Message received for room @dev:localhost [!bench:localhost] | sender @dev:localhost [@dev:localhost] | 2026-08-23 18:56:54 | bench 314
Message received for room @dev:localhost [!bench:localhost] | sender @dev:localhost [@dev:localhost] | 2026-08-23 18:56:54 | bench 314
2026-08-23 19:00:04,807:    DEBUG: matrix-commander: message_callback(): for room <nio.rooms.MatrixRoom object at 0x7f93c0f8f890> received this event: type: <class 'nio.events.room_events.RoomMessageText'>, event_id: $1h1KPFC9ZOF8dRNOPZWxWHS-ZJIzFHvD1X8EfmlELIw, event: @dev:localhost: bench 315
2026-08-23 19:00:04,807:    DEBUG: matrix-commander: event.server_timestamp = 1787511414212
2026-08-23 19:00:04,807:    DEBUG: matrix-commander: event_datetime = 2026-08-23 18:56:54
2026-08-23 19:00:04,807:    DEBUG: matrix-commander: type(msg) = <class 'str'>. msg is a string
2026-08-23 19:00:04,807:    DEBUG: matrix-commander: Message received for room @dev:localhost [!bench:localhost] | sender @dev:localhost [@dev:localhost] | 2026-08-23 18:56:54 | bench 315
Message received for room @dev:localhost [!bench:localhost] | sender @dev:localhost [@dev:localhost] | 2026-08-23 18:56:54 | bench 315
2026-08-23 19:00:04,807:    DEBUG: matrix-commander: message_callback(): for room <nio.rooms.MatrixRoom object at 0x7f93c0f8f890> received this event: type: <class 'nio.events.room_events.RoomMessageText'>, event_id: $Sq0sqzQSH_JR5sQpnLO-ypcv_yhASIGoUi6vDWKqsqw, event: @dev:localhost: bench 316
2026-08-23 19:00:04,807:    DEBUG: matrix-commander: event.server_timestamp = 1787511414405
2026-08-23 19:00:04,807:    DEBUG: matrix-commander: event_datetime = 2026-08-23 18:56:54
2026-08-23 19:00:04,807:    DEBUG: matrix-commander: type(msg) = <class 'str'>. msg is a string
2026-08-23 19:00:04,807:    DEBUG: matrix-commander: Message received for room @dev:localhost [!bench:localhost] | sender @dev:localhost [@dev:localhost] | 2026-08-23 18:56:54 | bench 316
Message received for room @dev:localhost [!bench:localhost] | sender @dev:localhost [@dev:localhost] | 2026-08-23 18:56:54 | bench 316
2026-08-23 19:00:04,807:    DEBUG: matrix-commander: message_callback(): for room <nio.rooms.MatrixRoom object at 0x7f93c0f8f890> received this event: type: <class 'nio.events.room_events.RoomMessageText'>, event_id: $TT01W_2huhU5O2tE6FuWor9CA2_YbIiZhcVzqq4hsKI, event: @dev:localhost: bench 317
2026-08-23 19:00:04,807:    DEBUG: matrix-commander: event.server_timestamp = 1787511414597
2026-08-23 19:00:04,807:    DEBUG: matrix-commander: event_datetime = 2026-08-23 18:56:54
2026-08-23 19:00:04,808:    DEBUG: matrix-commander: type(msg) = <class 'str'>. msg is a string
2026-08-23 19:00:04,808:    DEBUG: matrix-commander: Message received for room @dev:localhost [!bench:localhost] | sender @dev:localhost [@dev:localhost] | 2026-08-23 18:56:54 | bench 317
Message received for room @dev:localhost [!bench:localhost] | sender @dev:localhost [@dev:localhost] | 2026-08-23 18:56:54 | bench 317
2026-08-23 19:00:04,808:    DEBUG: matrix-commander: message_callback(): for room <nio.rooms.MatrixRoom object at 0x7f93c0f8f890> received this event: type: <class 'nio.events.room_events.RoomMessageText'>, event_id: $95si2-9BW1kn01iLA8OGr19wcGp1BXwtFQDSilOiLZ4, event: @dev:localhost: bench 318
2026-08-23 19:00:04,808:    DEBUG: matrix-commander: event.server_timestamp = 1787511414789
2026-08-23 19:00:04,808:    DEBUG: matrix-commander: event_datetime = 2026-08-23 18:56:54
2026-08-23 19:00:04,808:    DEBUG: matrix-commander: type(msg) = <class 'str'>. msg is a string
2026-08-23 19:00:04,808:    DEBUG: matrix-commander: Message received for room @dev:localhost [!bench:localhost] | sender @dev:localhost [@dev:localhost] | 2026-08-23 18:56:54 | bench 318
Message received for room @dev:localhost [!bench:localhost] | sender @dev:localhost [@dev:localhost] | 2026-08-23 18:56:54 | bench 318
2026-08-23 19:00:04,808:    DEBUG: matrix-commander: message_callback(): for room <nio.rooms.MatrixRoom object at 0x7f93c0f8f890> received this event: type: <class 'nio.events.room_events.RoomMessageText'>, event_id: $Fff6-Vpm9aDRoACb4DOvm-OAkToca8m4JdUtaV1qvz4, event: @dev:localhost: bench 319
2026-08-23 19:00:04,808:    DEBUG: matrix-commander: event.server_timestamp = 1787511414983
2026-08-23 19:00:04,808:    DEBUG: matrix-commander: event_datetime = 2026-08-23 18:56:54
2026-08-23 19:00:04,808:    DEBUG: matrix-commander: type(msg) = <class 'str'>. msg is a string
2026-08-23 19:00:04,808:    DEBUG: matrix-commander: Message received for room @dev:localhost [!bench:localhost] | sender @dev:localhost [@dev:localhost] | 2026-08-23 18:56:54 | bench 319
Message received for room @dev:localhost [!bench:localhost] | sender @dev:localhost [@dev:localhost] | 2026-08-23 18:56:54 | bench 319
2026-08-23 19:00:04,808:    DEBUG: matrix-commander: message_callback(): for room <nio.rooms.MatrixRoom object at 0x7f93c0f8f890> received this event: type: <class 'nio.events.room_events.RoomMessageText'>, event_id: $PREQGn5pceqoOwFnm07ZRZBQj_E8zMyDAmVm5SRTC2E, event: @dev:localhost: bench 320
2026-08-23 19:00:04,808:    DEBUG: matrix-commander: event.server_timestamp = 1787511415186
2026-08-23 19:00:04,808:    DEBUG: matrix-commander: event_datetime = 2026-08-23 18:56:55
2026-08-23 19:00:04,808:    DEBUG: matrix-commander: type(msg) = <class 'str'>. msg is a string
2026-08-23 19:00:04,808:    DEBUG: matrix-commander: Message received for room @dev:localhost [!bench:localhost] | sender @dev:localhost [@dev:localhost] | 2026-08-23 18:56:55 | bench 320
Message received for room @dev:localhost [!bench:localhost] | sender @dev:localhost [@dev:localhost] | 2026-08-23 18:56:55 | bench 320
2026-08-23 19:00:04,808:    DEBUG: matrix-commander: message_callback(): for room <nio.rooms.MatrixRoom object at 0x7f93c0f8f890> received this event: type: <class 'nio.events.room_events.RoomMessageText'>, event_id: $UQfPyJJJm0DpHnj9o6MjCIamOV_WKlf8Wp59lAmMEBw, event: @dev:localhost: bench 321
2026-08-23 19:00:04,808:    DEBUG: matrix-commander: event.server_timestamp = 1787511415382
2026-08-23 19:00:04,808:    DEBUG: matrix-commander: event_datetime = 2026-08-23 18:56:55
2026-08-23 19:00:04,808:    DEBUG: matrix-commander: type(msg) = <class 'str'>. msg is a string
2026-08-23 19:00:04,808:    DEBUG: matrix-commander: Message received for room @dev:localhost [!bench:localhost] | sender @dev:localhost [@dev:localhost] | 2026-08-23 18:56:55 | bench 321
Message received for room @dev:localhost [!bench:localhost] | sender @dev:localhost [@dev:localhost] | 2026-08-23 18:56:55 | bench 321
2026-08-23 19:00:04,808:    DEBUG: matrix-commander: message_callback(): for room <nio.rooms.MatrixRoom object at 0x7f93c0f8f890> received this event: type: <class 'nio.events.room_events.RoomMessageText'>, event_id: $qOdei9kz3GbIvObG5qgjyofjFkIscN4QP_B8w5C-glg, event: @dev:localhost: bench 322
2026-08-23 19:00:04,808:    DEBUG: matrix-commander: event.server_timestamp = 1787511415593
2026-08-23 19:00:04,808:    DEBUG: matrix-commander: event_datetime = 2026-08-23 18:56:55
2026-08-23 19:00:04,808:    DEBUG: matrix-commander: type(msg) = <class 'str'>. msg is a string
2026-08-23 19:00:04,808:    DEBUG: matrix-commander: Message received for room @dev:localhost [!bench:localhost] | sender @dev:localhost [@dev:localhost] | 2026-08-23 18:56:55 | bench 322
Message received for room @dev:localhost [!bench:localhost] | sender @dev:localhost [@dev:localhost] | 2026-08-23 18:56:55 | bench 322
2026-08-23 19:00:04,809:    DEBUG: matrix-commander: message_callback(): for room <nio.rooms.MatrixRoom object at 0x7f93c0f8f890> received this event: type: <class 'nio.events.room_events.RoomMessageText'>, event_id: $AFPsM0wG9zerswGJdg4g1gWCxqJXsZyESd8iH8vGPNI, event: @dev:localhost: bench 323
2026-08-23 19:00:04,809:    DEBUG: matrix-commander: event.server_timestamp = 1787511415784
2026-08-23 19:00:04,809:    DEBUG: matrix-commander: event_datetime = 2026-08-23 18:56:55
2026-08-23 19:00:04,809:    DEBUG: matrix-commander: type(msg) = <class 'str'>. msg is a string
2026-08-23 19:00:04,809:    DEBUG: matrix-commander: Message received for room @dev:localhost [!bench:localhost] | sender @dev:localhost [@dev:localhost] | 2026-08-23 18:56:55 | bench 323
Message received for room @dev:localhost [!bench:localhost] | sender @dev:localhost [@dev:localhost] | 2026-08-23 18:56:55 | bench 323
2026-08-23 19:00:04,809:    DEBUG: matrix-commander: message_callback(): for room <nio.rooms.MatrixRoom object at 0x7f93c0f8f890> received this event: type: <class 'nio.events.room_events.RoomMessageText'>, event_id: $xOzj4pvb8lNjR-fMQTuFCLDWkF7iCBePsFrUGdCHJ1I, event: @dev:localhost: bench 324
2026-08-23 19:00:04,809:    DEBUG: matrix-commander: event.server_timestamp = 1787511416031
2026-08-23 19:00:04,809:    DEBUG: matrix-commander: event_datetime = 2026-08-23 18:56:56
2026-08-23 19:00:04,809:    DEBUG: matrix-commander: type(msg) = <class 'str'>. msg is a string
2026-08-23 19:00:04,809:    DEBUG: matrix-commander: Message received for room @dev:localhost [!bench:localhost] | sender @dev:localhost [@dev:localhost] | 2026-08-23 18:56:56 | bench 324
Message received for room @dev:localhost [!bench:localhost] | sender @dev:localhost [@dev:localhost] | 2026-08-23 18:56:56 | bench 324
2026-08-23 19:00:04,809:    DEBUG: matrix-commander: message_callback(): for room <nio.rooms.MatrixRoom object at 0x7f93c0f8f890> received this event: type: <class 'nio.events.room_events.RoomMessageText'>, event_id: $L_WRzIiQSPuaQMQOs5RJUt43MRi2E4QDeCrUYjdtAg4, event: @dev:localhost: bench 325
2026-08-23 19:00:04,809:    DEBUG: matrix-commander: event.server_timestamp = 1787511416223
2026-08-23 19:00:04,809:    DEBUG: matrix-commander: event_datetime = 2026-08-23 18:56:56
2026-08-23 19:00:04,809:    DEBUG: matrix-commander: type(msg) = <class 'str'>. msg is a string
2026-08-23 19:00:04,809:    DEBUG: matrix-commander: Message received for room @dev:localhost [!bench:localhost] | sender @dev:localhost [@dev:localhost] | 2026-08-23 18:56:56 | bench 325
Message received for room @dev:localhost [!bench:localhost] | sender @dev:localhost [@dev:localhost] | 2026-08-23 18:56:56 | bench 325
2026-08-23 19:00:04,809:    DEBUG: matrix-commander: message_callback(): for room <nio.rooms.MatrixRoom object at 0x7f93c0f8f890> received this event: type: <class 'nio.events.room_events.RoomMessageText'>, event_id: $39oi4EImhLHWvpGNI8WFB6jRPOyEm0mmXDLRxpwGqfM, event: @dev:localhost: bench 326
2026-08-23 19:00:04,809:    DEBUG: matrix-commander: event.server_timestamp = 1787511416405
2026-08-23 19:00:04,809:    DEBUG: matrix-commander: event_datetime = 2026-08-23 18:56:56
2026-08-23 19:00:04,809:    DEBUG: matrix-commander: type(msg) = <class 'str'>. msg is a string
2026-08-23 19:00:04,809:    DEBUG: matrix-commander: Message received for room @dev:localhost [!bench:localhost] | sender @dev:localhost [@dev:localhost] | 2026-08-23 18:56:56 | bench 326
Message received for room @dev:localhost [!bench:localhost] | sender @dev:localhost [@dev:localhost] | 2026-08-23 18:56:56 | bench 326
2026-08-23 19:00:04,809:    DEBUG: matrix-commander: message_callback(): for room <nio.rooms.MatrixRoom object at 0x7f93c0f8f890> received this event: type: <class 'nio.events.room_events.RoomMessageText'>, event_id: $veDxP8FXAdHq4Ll8kYnQxPUH4gZ-BLnc_wn96osCIHI, event: @dev:localhost: bench 327
2026-08-23 19:00:04,809:    DEBUG: matrix-commander: event.server_timestamp = 1787511416596
2026-08-23 19:00:04,809:    DEBUG: matrix-commander: event_datetime = 2026-08-23 18:56:56
2026-08-23 19:00:04,809:    DEBUG: matrix-commander: type(msg) = <class 'str'>. msg is a string
2026-08-23 19:00:04,809:    DEBUG: matrix-commander: Message received for room @dev:localhost [!bench:localhost] | sender @dev:localhost [@dev:localhost] | 2026-08-23 18:56:56 | bench 327
Message received for room @dev:localhost [!bench:localhost] | sender @dev:localhost [@dev:localhost] | 2026-08-23 18:56:56 | bench 327
2026-08-23 19:00:04,809:    DEBUG: matrix-commander: message_callback(): for room <nio.rooms.MatrixRoom object at 0x7f93c0f8f890> received this event: type: <class 'nio.events.room_events.RoomMessageText'>, event_id: $Mj9fxNxWsZshWfNQ2KG_Jg1Z5JUZCY21nXLkGQ1Kg7s, event: @dev:localhost: bench 328
2026-08-23 19:00:04,810:    DEBUG: matrix-commander: event.server_timestamp = 1787511416818
2026-08-23 19:00:04,810:    DEBUG: matrix-commander: event_datetime = 2026-08-23 18:56:56
2026-08-23 19:00:04,810:    DEBUG: matrix-commander: type(msg) = <class 'str'>. msg is a string
2026-08-23 19:00:04,810:    DEBUG: matrix-commander: Message received for room @dev:localhost [!bench:localhost] | sender @dev:localhost [@dev:localhost] | 2026-08-23 18:56:56 | bench 328
Message received for room @dev:localhost [!bench:localhost] | sender @dev:localhost [@dev:localhost] | 2026-08-23 18:56:56 | bench 328
2026-08-23 19:00:04,810:    DEBUG: matrix-commander: message_callback(): for room <nio.rooms.MatrixRoom object at 0x7f93c0f8f890> received this event: type: <class 'nio.events.room_events.RoomMessageText'>, event_id: $c43kVnyxMxMgB4AL2Uc2NQNiAiXseRo1UbXGfypOMH4, event: @dev:localhost: bench 329
2026-08-23 19:00:04,810:    DEBUG: matrix-commander: event.server_timestamp = 1787511417019
2026-08-23 19:00:04,810:    DEBUG: matrix-commander: event_datetime = 2026-08-23 18:56:57
2026-08-23 19:00:04,810:    DEBUG: matrix-commander: type(msg) = <class 'str'>. msg is a string
2026-08-23 19:00:04,810:    DEBUG: matrix-commander: Message received for room @dev:localhost [!bench:localhost] | sender @dev:localhost [@dev:localhost] | 2026-08-23 18:56:57 | bench 329
Message received for room @dev:localhost [!bench:localhost] | sender @dev:localhost [@dev:localhost] | 2026-08-23 18:56:57 | bench 329
2026-08-23 19:00:04,810:    DEBUG: matrix-commander: message_callback(): for room <nio.rooms.MatrixRoom object at 0x7f93c0f8f890> received this event: type: <class 'nio.events.room_events.RoomMessageText'>, event_id: $ws4jzMjejWkxe6gNlDm4IGSVDmKsmukUe6YEYib84QI, event: @dev:localhost: bench 330
2026-08-23 19:00:04,810:    DEBUG: matrix-commander: event.server_timestamp = 1787511417233
2026-08-23 19:00:04,810:    DEBUG: matrix-commander: event_datetime = 2026-08-23 18:56:57
2026-08-23 19:00:04,810:    DEBUG: matrix-commander: type(msg) = <class 'str'>. msg is a string
2026-08-23 19:00:04,810:    DEBUG: matrix-commander: Message received for room @dev:localhost [!bench:localhost] | sender @dev:localhost [@dev:localhost] | 2026-08-23 18:56:57 | bench 330
Message received for room @dev:localhost [!bench:localhost] | sender @dev:localhost [@dev:localhost] | 2026-08-23 18:56:57 | bench 330
2026-08-23 19:00:04,810:    DEBUG: matrix-commander: message_callback(): for room <nio.rooms.MatrixRoom object at 0x7f93c0f8f890> received this event: type: <class 'nio.events.room_events.RoomMessageText'>, event_id: $KRJ3rhdhIBNcx5y2FbdaOSC9wH6I8yihkYaGcb367G0, event: @dev:localhost: bench 331
2026-08-23 19:00:04,810:    DEBUG: matrix-commander: event.server_timestamp = 1787511417439
2026-08-23 19:00:04,810:    DEBUG: matrix-commander: event_datetime = 2026-08-23 18:56:57
2026-08-23 19:00:04,810:    DEBUG: matrix-commander: type(msg) = <class 'str'>. msg is a string
2026-08-23 19:00:04,810:    DEBUG: matrix-commander: Message received for room @dev:localhost [!bench:localhost] | sender @dev:localhost [@dev:localhost] | 2026-08-23 18:56:57 | bench 331
Message received for room @dev:localhost [!bench:localhost] | sender @dev:localhost [@dev:localhost] | 2026-08-23 18:56:57 | bench 331
2026-08-23 19:00:04,810:    DEBUG: matrix-commander: message_callback(): for room <nio.rooms.MatrixRoom object at 0x7f93c0f8f890> received this event: type: <class 'nio.events.room_events.RoomMessageText'>, event_id: $JBWlojPZ5tTqfddmI0c0lxFYOGGXDh4MGrVBvVsuW6E, event: @dev:localhost: bench 332
2026-08-23 19:00:04,810:    DEBUG: matrix-commander: event.server_timestamp = 1787511417721
2026-08-23 19:00:04,810:    DEBUG: matrix-commander: event_datetime = 2026-08-23 18:56:57
2026-08-23 19:00:04,810:    DEBUG: matrix-commander: type(msg) = <class 'str'>. msg is a string
2026-08-23 19:00:04,810:    DEBUG: matrix-commander: Message received for room @dev:localhost [!bench:localhost] | sender @dev:localhost [@dev:localhost] | 2026-08-23 18:56:57 | bench 332
2026-08-23 19:00:04,810:    DEBUG: matrix-commander: message_callback(): for room <nio.rooms.MatrixRoom object at 0x7f93c0f8f890> received this event: type: <class 'nio.events.room_events.RoomMessageText'>, event_id: $UMeaSguFMZH2h6bHxUB0k2PkoqIgK95xN0C15Mgz4XI, event: @dev:localhost: bench 333
2026-08-23 19:00:04,810:    DEBUG: matrix-commander: event.server_timestamp = 1787511417994
Message received for room @dev:localhost [!bench:localhost] | sender @dev:localhost [@dev:localhost] | 2026-08-23 18:56:57 | bench 332
2026-08-23 19:00:04,810:    DEBUG: matrix-commander: event_datetime = 2026-08-23 18:56:57
2026-08-23 19:00:04,811:    DEBUG: matrix-commander: type(msg) = <class 'str'>. msg is a string
2026-08-23 19:00:04,811:    DEBUG: matrix-commander: Message received for room @dev:localhost [!bench:localhost] | sender @dev:localhost [@dev:localhost] | 2026-08-23 18:56:57 | bench 333
Message received for room @dev:localhost [!bench:localhost] | sender @dev:localhost [@dev:localhost] | 2026-08-23 18:56:57 | bench 333
2026-08-23 19:00:04,811:    DEBUG: matrix-commander: message_callback(): for room <nio.rooms.MatrixRoom object at 0x7f93c0f8f890> received this event: type: <class 'nio.events.room_events.RoomMessageText'>, event_id: $TSmLkCCXYjhWpK0flHJAoDk1-uGdj2gROlBBjjQuoaQ, event: @dev:localhost: bench 334
2026-08-23 19:00:04,811:    DEBUG: matrix-commander: event.server_timestamp = 1787511418229
2026-08-23 19:00:04,811:    DEBUG: matrix-commander: event_datetime = 2026-08-23 18:56:58
2026-08-23 19:00:04,811:    DEBUG: matrix-commander: type(msg) = <class 'str'>. msg is a string
2026-08-23 19:00:04,811:    DEBUG: matrix-commander: Message received for room @dev:localhost [!bench:localhost] | sender @dev:localhost [@dev:localhost] | 2026-08-23 18:56:58 | bench 334
Message received for room @dev:localhost [!bench:localhost] | sender @dev:localhost [@dev:localhost] | 2026-08-23 18:56:58 | bench 334
2026-08-23 19:00:04,811:    DEBUG: matrix-commander: message_callback(): for room <nio.rooms.MatrixRoom object at 0x7f93c0f8f890> received this event: type: <class 'nio.events.room_events.RoomMessageText'>, event_id: $aWxNM9KRFe1XwokyaqPtMFFVfYxxMJa7FADNwHwKeJc, event: @dev:localhost: bench 335
2026-08-23 19:00:04,811:    DEBUG: matrix-commander: event.server_timestamp = 1787511418423
2026-08-23 19:00:04,811:    DEBUG: matrix-commander: event_datetime = 2026-08-23 18:56:58
2026-08-23 19:00:04,811:    DEBUG: matrix-commander: type(msg) = <class 'str'>. msg is a string
2026-08-23 19:00:04,811:    DEBUG: matrix-commander: Message received for room @dev:localhost [!bench:localhost] | sender @dev:localhost [@dev:localhost] | 2026-08-23 18:56:58 | bench 335
2026-08-23 19:00:04,811:    DEBUG: matrix-commander: message_callback(): for room <nio.rooms.MatrixRoom object at 0x7f93c0f8f890> received this event: type: <class 'nio.events.room_events.RoomMessageText'>, event_id: $XFbQLXoK-HoZQz8w2ErBkf_0lbhMZO7-sbXyfD4wsvA, event: @dev:localhost: bench 336
Message received for room @dev:localhost [!bench:localhost] | sender @dev:localhost [@dev:localhost] | 2026-08-23 18:56:58 | bench 335
2026-08-23 19:00:04,811:    DEBUG: matrix-commander: event.server_timestamp = 1787511418626
2026-08-23 19:00:04,811:    DEBUG: matrix-commander: event_datetime = 2026-08-23 18:56:58
Message received for room @dev:localhost [!bench:localhost] | sender @dev:localhost [@dev:localhost] | 2026-08-23 18:56:58 | bench 336
2026-08-23 19:00:04,811:    DEBUG: matrix-commander: type(msg) = <class 'str'>. msg is a string
2026-08-23 19:00:04,811:    DEBUG: matrix-commander: Message received for room @dev:localhost [!bench:localhost] | sender @dev:localhost [@dev:localhost] | 2026-08-23 18:56:58 | bench 336
2026-08-23 19:00:04,811:    DEBUG: matrix-commander: message_callback(): for room <nio.rooms.MatrixRoom object at 0x7f93c0f8f890> received this event: type: <class 'nio.events.room_events.RoomMessageText'>, event_id: $mcA8mvAtijX9TUDMSqO3dgVTbd6wZa0FaGvl4Hq4H3Y, event: @dev:localhost: bench 337
2026-08-23 19:00:04,811:    DEBUG: matrix-commander: event.server_timestamp = 1787511418825
2026-08-23 19:00:04,811:    DEBUG: matrix-commander: event_datetime = 2026-08-23 18:56:58
2026-08-23 19:00:04,811:    DEBUG: matrix-commander: type(msg) = <class 'str'>. msg is a string
2026-08-23 19:00:04,811:    DEBUG: matrix-commander: Message received for room @dev:localhost [!bench:localhost] | sender @dev:localhost [@dev:localhost] | 2026-08-23 18:56:58 | bench 337
Message received for room @dev:localhost [!bench:localhost] | sender @dev:localhost [@dev:localhost] | 2026-08-23 18:56:58 | bench 337
2026-08-23 19:00:04,811:    DEBUG: matrix-commander: message_callback(): for room <nio.rooms.MatrixRoom object at 0x7f93c0f8f890> received this event: type: <class 'nio.events.room_events.RoomMessageText'>, event_id: $JdxOs1ywIiXWE1nMah5YcNMNrztSXbVONPf--Po1wlQ, event: @dev:localhost: bench 338
2026-08-23 19:00:04,811:    DEBUG: matrix-commander: event.server_timestamp = 1787511419019
2026-08-23 19:00:04,811:    DEBUG: matrix-commander: event_datetime = 2026-08-23 18:56:59
2026-08-23 19:00:04,811:    DEBUG: matrix-commander: type(msg) = <class 'str'>. msg is a string
2026-08-23 19:00:04,811:    DEBUG: matrix-commander: Message received for room @dev:localhost [!bench:localhost] | sender @dev:localhost [@dev:localhost] | 2026-08-23 18:56:59 | bench 338
Message received for room @dev:localhost [!bench:localhost] | sender @dev:localhost [@dev:localhost] | 2026-08-23 18:56:59 | bench 338
2026-08-23 19:00:04,811:    DEBUG: matrix-commander: message_callback(): for room <nio.rooms.MatrixRoom object at 0x7f93c0f8f890> received this event: type: <class 'nio.events.room_events.RoomMessageText'>, event_id: $tmNg4Lexsu12zTkPulcSL4nmcvqnG5kTgfsr0Pthkuc, event: @dev:localhost: bench 339
2026-08-23 19:00:04,811:    DEBUG: matrix-commander: event.server_timestamp = 1787511419207
2026-08-23 19:00:04,811:    DEBUG: matrix-commander: event_datetime = 2026-08-23 18:56:59
2026-08-23 19:00:04,812:    DEBUG: matrix-commander: type(msg) = <class 'str'>. msg is a string
2026-08-23 19:00:04,812:    DEBUG: matrix-commander: Message received for room @dev:localhost [!bench:localhost] | sender @dev:localhost [@dev:localhost] | 2026-08-23 18:56:59 | bench 339
Message received for room @dev:localhost [!bench:localhost] | sender @dev:localhost [@dev:localhost] | 2026-08-23 18:56:59 | bench 339
2026-08-23 19:00:04,812:    DEBUG: matrix-commander: message_callback(): for room <nio.rooms.MatrixRoom object at 0x7f93c0f8f890> received this event: type: <class 'nio.events.room_events.RoomMessageText'>, event_id: $C1arhMJqugGtxiJkhVar7fhNDGxKGhKcjwVnlqif8fI, event: @dev:localhost: bench 340
2026-08-23 19:00:04,812:    DEBUG: matrix-commander: event.server_timestamp = 1787511419398
2026-08-23 19:00:04,812:    DEBUG: matrix-commander: event_datetime = 2026-08-23 18:56:59
2026-08-23 19:00:04,812:    DEBUG: matrix-commander: type(msg) = <class 'str'>. msg is a string
2026-08-23 19:00:04,812:    DEBUG: matrix-commander: Message received for room @dev:localhost [!bench:localhost] | sender @dev:localhost [@dev:localhost] | 2026-08-23 18:56:59 | bench 340
Message received for room @dev:localhost [!bench:localhost] | sender @dev:localhost [@dev:localhost] | 2026-08-23 18:56:59 | bench 340
2026-08-23 19:00:04,812:    DEBUG: matrix-commander: message_callback(): for room <nio.rooms.MatrixRoom object at 0x7f93c0f8f890> received this event: type: <class 'nio.events.room_events.RoomMessageText'>, event_id: $e-v10SfdIJyLdindBldugKblSDoQXqTWYkL1OL7WivQ, event: @dev:localhost: bench 341
2026-08-23 19:00:04,812:    DEBUG: matrix-commander: event.server_timestamp = 1787511419607
2026-08-23 19:00:04,812:    DEBUG: matrix-commander: event_datetime = 2026-08-23 18:56:59
2026-08-23 19:00:04,812:    DEBUG: matrix-commander: type(msg) = <class 'str'>. msg is a string
2026-08-23 19:00:04,812:    DEBUG: matrix-commander: Message received for room @dev:localhost [!bench:localhost] | sender @dev:localhost [@dev:localhost] | 2026-08-23 18:56:59 | bench 341
Message received for room @dev:localhost [!bench:localhost] | sender @dev:localhost [@dev:localhost] | 2026-08-23 18:56:59 | bench 341
2026-08-23 19:00:04,812:    DEBUG: matrix-commander: message_callback(): for room <nio.rooms.MatrixRoom object at 0x7f93c0f8f890> received this event: type: <class 'nio.events.room_events.RoomMessageText'>, event_id: $OKPKtF0SgrcgRgBQfuPiBljjdDHqb-7lR4Hxbqsk0X4, event: @dev:localhost: bench 342
2026-08-23 19:00:04,812:    DEBUG: matrix-commander: event.server_timestamp = 1787511419800
2026-08-23 19:00:04,812:    DEBUG: matrix-commander: event_datetime = 2026-08-23 18:56:59
2026-08-23 19:00:04,812:    DEBUG: matrix-commander: type(msg) = <class 'str'>. msg is a string
2026-08-23 19:00:04,812:    DEBUG: matrix-commander: Message received for room @dev:localhost [!bench:localhost] | sender @dev:localhost [@dev:localhost] | 2026-08-23 18:56:59 | bench 342
2026-08-23 19:00:04,812:    DEBUG: matrix-commander: message_callback(): for room <nio.rooms.MatrixRoom object at 0x7f93c0f8f890> received this event: type: <class 'nio.events.room_events.RoomMessageText'>, event_id: $45PMMSlDWz-IsIS1I6Zi9bCpkRXgOwaAx5AQVAZE2OQ, event: @dev:localhost: bench 343
2026-08-23 19:00:04,812:    DEBUG: matrix-commander: event.server_timestamp = 1787511419985
Message received for room @dev:localhost [!bench:localhost] | sender @dev:localhost [@dev:localhost] | 2026-08-23 18:56:59 | bench 342
2026-08-23 19:00:04,812:    DEBUG: matrix-commander: event_datetime = 2026-08-23 18:56:59
2026-08-23 19:00:04,812:    DEBUG: matrix-commander: type(msg) = <class 'str'>. msg is a string
2026-08-23 19:00:04,812:    DEBUG: matrix-commander: Message received for room @dev:localhost [!bench:localhost] | sender @dev:localhost [@dev:localhost] | 2026-08-23 18:56:59 | bench 343
Message received for room @dev:localhost [!bench:localhost] | sender @dev:localhost [@dev:localhost] | 2026-08-23 18:56:59 | bench 343
2026-08-23 19:00:04,812:    DEBUG: matrix-commander: message_callback(): for room <nio.rooms.MatrixRoom object at 0x7f93c0f8f890> received this event: type: <class 'nio.events.room_events.RoomMessageText'>, event_id: $5qmpQ8j7I4aWLC-7W-rqINbYLLiYCCw0mG0y3I1jfiA, event: @dev:localhost: bench 344
2026-08-23 19:00:04,812:    DEBUG: matrix-commander: event.server_timestamp = 1787511420179
2026-08-23 19:00:04,812:    DEBUG: matrix-commander: event_datetime = 2026-08-23 18:57:00
2026-08-23 19:00:04,812:    DEBUG: matrix-commander: type(msg) = <class 'str'>. msg is a string
2026-08-23 19:00:04,812:    DEBUG: matrix-commander: Message received for room @dev:localhost [!bench:localhost] | sender @dev:localhost [@dev:localhost] | 2026-08-23 18:57:00 | bench 344
Message received for room @dev:localhost [!bench:localhost] | sender @dev:localhost [@dev:localhost] | 2026-08-23 18:57:00 | bench 344
2026-08-23 19:00:04,813:    DEBUG: matrix-commander: message_callback(): for room <nio.rooms.MatrixRoom object at 0x7f93c0f8f890> received this event: type: <class 'nio.events.room_events.RoomMessageText'>, event_id: $YKva62kZYEuBkiPwyk7CaFH2xujITWtNy_seE6se5M0, event: @dev:localhost: bench 345
2026-08-23 19:00:04,813:    DEBUG: matrix-commander: event.server_timestamp = 1787511420365
2026-08-23 19:00:04,813:    DEBUG: matrix-commander: event_datetime = 2026-08-23 18:57:00
2026-08-23 19:00:04,813:    DEBUG: matrix-commander: type(msg) = <class 'str'>. msg is a string
2026-08-23 19:00:04,813:    DEBUG: matrix-commander: Message received for room @dev:localhost [!bench:localhost] | sender @dev:localhost [@dev:localhost] | 2026-08-23 18:57:00 | bench 345
Message received for room @dev:localhost [!bench:localhost] | sender @dev:localhost [@dev:localhost] | 2026-08-23 18:57:00 | bench 345
2026-08-23 19:00:04,813:    DEBUG: matrix-commander: message_callback(): for room <nio.rooms.MatrixRoom object at 0x7f93c0f8f890> received this event: type: <class 'nio.events.room_events.RoomMessageText'>, event_id: $2jCoOBt-IpxJ2YypICKmY8BsHcX5u7oqLVT9uEuY7r4, event: @dev:localhost: bench 346
2026-08-23 19:00:04,813:    DEBUG: matrix-commander: event.server_timestamp = 1787511420575
2026-08-23 19:00:04,813:    DEBUG: matrix-commander: event_datetime = 2026-08-23 18:57:00
2026-08-23 19:00:04,813:    DEBUG: matrix-commander: type(msg) = <class 'str'>. msg is a string
2026-08-23 19:00:04,813:    DEBUG: matrix-commander: Message received for room @dev:localhost [!bench:localhost] | sender @dev:localhost [@dev:localhost] | 2026-08-23 18:57:00 | bench 346
Message received for room @dev:localhost [!bench:localhost] | sender @dev:localhost [@dev:localhost] | 2026-08-23 18:57:00 | bench 346
2026-08-23 19:00:04,813:    DEBUG: matrix-commander: message_callback(): for room <nio.rooms.MatrixRoom object at 0x7f93c0f8f890> received this event: type: <class 'nio.events.room_events.RoomMessageText'>, event_id: $Qs8DROz6ZEM9l6aX4yTWbuYc3yCLzxH-9c3yzbO1UfY, event: @dev:localhost: bench 347
2026-08-23 19:00:04,813:    DEBUG: matrix-commander: event.server_timestamp = 1787511420772
2026-08-23 19:00:04,813:    DEBUG: matrix-commander: event_datetime = 2026-08-23 18:57:00
2026-08-23 19:00:04,813:    DEBUG: matrix-commander: type(msg) = <class 'str'>. msg is a string
2026-08-23 19:00:04,813:    DEBUG: matrix-commander: Message received for room @dev:localhost [!bench:localhost] | sender @dev:localhost [@dev:localhost] | 2026-08-23 18:57:00 | bench 347
Message received for room @dev:localhost [!bench:localhost] | sender @dev:localhost [@dev:localhost] | 2026-08-23 18:57:00 | bench 347
2026-08-23 19:00:04,813:    DEBUG: matrix-commander: message_callback(): for room <nio.rooms.MatrixRoom object at 0x7f93c0f8f890> received this event: type: <class 'nio.events.room_events.RoomMessageText'>, event_id: $bdMRlThkSAkne__Q4HBqIVOrVxUVwjoeiNvqP1PG124, event: @dev:localhost: bench 348
2026-08-23 19:00:04,813:    DEBUG: matrix-commander: event.server_timestamp = 1787511420980
2026-08-23 19:00:04,814:    DEBUG: matrix-commander: event_datetime = 2026-08-23 18:57:00
2026-08-23 19:00:04,814:    DEBUG: matrix-commander: type(msg) = <class 'str'>. msg is a string
Message received for room @dev:localhost [!bench:localhost] | sender @dev:localhost [@dev:localhost] | 2026-08-23 18:57:00 | bench 348
2026-08-23 19:00:04,814:    DEBUG: matrix-commander: Message received for room @dev:localhost [!bench:localhost] | sender @dev:localhost [@dev:localhost] | 2026-08-23 18:57:00 | bench 348
2026-08-23 19:00:04,814:    DEBUG: matrix-commander: message_callback(): for room <nio.rooms.MatrixRoom object at 0x7f93c0f8f890> received this event: type: <class 'nio.events.room_events.RoomMessageText'>, event_id: $K_rN8s9r2EOEjKxiloekhyJpRBPqlyqTShxJy8-cKFw, event: @dev:localhost: bench 349
2026-08-23 19:00:04,814:    DEBUG: matrix-commander: event.server_timestamp = 1787511421182
2026-08-23 19:00:04,814:    DEBUG: matrix-commander: event_datetime = 2026-08-23 18:57:01
Message received for room @dev:localhost [!bench:localhost] | sender @dev:localhost [@dev:localhost] | 2026-08-23 18:57:01 | bench 349
2026-08-23 19:00:04,814:    DEBUG: matrix-commander: type(msg) = <class 'str'>. msg is a string
2026-08-23 19:00:04,814:    DEBUG: matrix-commander: Message received for room @dev:localhost [!bench:localhost] | sender @dev:localhost [@dev:localhost] | 2026-08-23 18:57:01 | bench 349
2026-08-23 19:00:04,814:    DEBUG: matrix-commander: message_callback(): for room <nio.rooms.MatrixRoom object at 0x7f93c0f8f890> received this event: type: <class 'nio.events.room_events.RoomMessageText'>, event_id: $V1fQnh6CfO_HxzNXuKoS_Y04DOeQurvAJZQWA9SPawg, event: @dev:localhost: bench 350
2026-08-23 19:00:04,814:    DEBUG: matrix-commander: event.server_timestamp = 1787511421404
2026-08-23 19:00:04,814:    DEBUG: matrix-commander: event_datetime = 2026-08-23 18:57:01
2026-08-23 19:00:04,814:    DEBUG: matrix-commander: type(msg) = <class 'str'>. msg is a string
2026-08-23 19:00:04,814:    DEBUG: matrix-commander: Message received for room @dev:localhost [!bench:localhost] | sender @dev:localhost [@dev:localhost] | 2026-08-23 18:57:01 | bench 350
Message received for room @dev:localhost [!bench:localhost] | sender @dev:localhost [@dev:localhost] | 2026-08-23 18:57:01 | bench 350
2026-08-23 19:00:04,814:    DEBUG: matrix-commander: message_callback(): for room <nio.rooms.MatrixRoom object at 0x7f93c0f8f890> received this event: type: <class 'nio.events.room_events.RoomMessageText'>, event_id: $6SeOqILSVa3Qwrar8MGhAe_KUjtvfgDgKPXwE3CHw-4, event: @dev:localhost: bench 351
2026-08-23 19:00:04,814:    DEBUG: matrix-commander: event.server_timestamp = 1787511421624
2026-08-23 19:00:04,814:    DEBUG: matrix-commander: event_datetime = 2026-08-23 18:57:01
2026-08-23 19:00:04,814:    DEBUG: matrix-commander: type(msg) = <class 'str'>. msg is a string
2026-08-23 19:00:04,815:    DEBUG: matrix-commander: Message received for room @dev:localhost [!bench:localhost] | sender @dev:localhost [@dev:localhost] | 2026-08-23 18:57:01 | bench 351
Message received for room @dev:localhost [!bench:localhost] | sender @dev:localhost [@dev:localhost] | 2026-08-23 18:57:01 | bench 351
2026-08-23 19:00:04,815:    DEBUG: matrix-commander: message_callback(): for room <nio.rooms.MatrixRoom object at 0x7f93c0f8f890> received this event: type: <class 'nio.events.room_events.RoomMessageText'>, event_id: $JQNjA1eASoqNi9m2VpHI2G7S6p4-TCZKrHnklZ5AofU, event: @dev:localhost: bench 352
2026-08-23 19:00:04,815:    DEBUG: matrix-commander: event.server_timestamp = 1787511421886
2026-08-23 19:00:04,815:    DEBUG: matrix-commander: event_datetime = 2026-08-23 18:57:01
2026-08-23 19:00:04,815:    DEBUG: matrix-commander: type(msg) = <class 'str'>. msg is a string
2026-08-23 19:00:04,815:    DEBUG: matrix-commander: Message received for room @dev:localhost [!bench:localhost] | sender @dev:localhost [@dev:localhost] | 2026-08-23 18:57:01 | bench 352
Message received for room @dev:localhost [!bench:localhost] | sender @dev:localhost [@dev:localhost] | 2026-08-23 18:57:01 | bench 352
2026-08-23 19:00:04,815:    DEBUG: matrix-commander: message_callback(): for room <nio.rooms.MatrixRoom object at 0x7f93c0f8f890> received this event: type: <class 'nio.events.room_events.RoomMessageText'>, event_id: $hDEdA1Eft7EqPgSLgj18jypIO_1mwbIZ45A9BVo1Vbs, event: @dev:localhost: bench 353
2026-08-23 19:00:04,815:    DEBUG: matrix-commander: event.server_timestamp = 1787511422115
2026-08-23 19:00:04,815:    DEBUG: matrix-commander: event_datetime = 2026-08-23 18:57:02
2026-08-23 19:00:04,815:    DEBUG: matrix-commander: type(msg) = <class 'str'>. msg is a string
Message received for room @dev:localhost [!bench:localhost] | sender @dev:localhost [@dev:localhost] | 2026-08-23 18:57:02 | bench 353
2026-08-23 19:00:04,815:    DEBUG: matrix-commander: Message received for room @dev:localhost [!bench:localhost] | sender @dev:localhost [@dev:localhost] | 2026-08-23 18:57:02 | bench 353
2026-08-23 19:00:04,815:    DEBUG: matrix-commander: message_callback(): for room <nio.rooms.MatrixRoom object at 0x7f93c0f8f890> received this event: type: <class 'nio.events.room_events.RoomMessageText'>, event_id: $w9yHVRHNK4yaULouPQVcWhcS9tF-JLJl-AT_OQyRHV8, event: @dev:localhost: bench 354
2026-08-23 19:00:04,815:    DEBUG: matrix-commander: event.server_timestamp = 1787511422320
2026-08-23 19:00:04,815:    DEBUG: matrix-commander: event_datetime = 2026-08-23 18:57:02
2026-08-23 19:00:04,815:    DEBUG: matrix-commander: type(msg) = <class 'str'>. msg is a string
2026-08-23 19:00:04,815:    DEBUG: matrix-commander: Message received for room @dev:localhost [!bench:localhost] | sender @dev:localhost [@dev:localhost] | 2026-08-23 18:57:02 | bench 354
Message received for room @dev:localhost [!bench:localhost] | sender @dev:localhost [@dev:localhost] | 2026-08-23 18:57:02 | bench 354
2026-08-23 19:00:04,815:    DEBUG: matrix-commander: message_callback(): for room <nio.rooms.MatrixRoom object at 0x7f93c0f8f890> received this event: type: <class 'nio.events.room_events.RoomMessageText'>, event_id: $Wz-WAaLpcQXDb6dW3MNyeYIUkqUXZlBrvHv1kswacsU, event: @dev:localhost: bench 355
2026-08-23 19:00:04,815:    DEBUG: matrix-commander: event.server_timestamp = 1787511422506
2026-08-23 19:00:04,816:    DEBUG: matrix-commander: event_datetime = 2026-08-23 18:57:02
2026-08-23 19:00:04,816:    DEBUG: matrix-commander: type(msg) = <class 'str'>. msg is a string
Message received for room @dev:localhost [!bench:localhost] | sender @dev:localhost [@dev:localhost] | 2026-08-23 18:57:02 | bench 355
2026-08-23 19:00:04,816:    DEBUG: matrix-commander: Message received for room @dev:localhost [!bench:localhost] | sender @dev:localhost [@dev:localhost] | 2026-08-23 18:57:02 | bench 355
2026-08-23 19:00:04,816:    DEBUG: matrix-commander: message_callback(): for room <nio.rooms.MatrixRoom object at 0x7f93c0f8f890> received this event: type: <class 'nio.events.room_events.RoomMessageText'>, event_id: $o1OGxWUnL_Fn98nwucHJjG_jZZfhKOnRVEloeuOy9Rc, event: @dev:localhost: bench 356
2026-08-23 19:00:04,816:    DEBUG: matrix-commander: event.server_timestamp = 1787511422704
2026-08-23 19:00:04,816:    DEBUG: matrix-commander: event_datetime = 2026-08-23 18:57:02
2026-08-23 19:00:04,816:    DEBUG: matrix-commander: type(msg) = <class 'str'>. msg is a string
Message received for room @dev:localhost [!bench:localhost] | sender @dev:localhost [@dev:localhost] | 2026-08-23 18:57:02 | bench 356
2026-08-23 19:00:04,816:    DEBUG: matrix-commander: Message received for room @dev:localhost [!bench:localhost] | sender @dev:localhost [@dev:localhost] | 2026-08-23 18:57:02 | bench 356
2026-08-23 19:00:04,816:    DEBUG: matrix-commander: message_callback(): for room <nio.rooms.MatrixRoom object at 0x7f93c0f8f890> received this event: type: <class 'nio.events.room_events.RoomMessageText'>, event_id: $OqoIQzjYNV9pLh8EoUFI3Af1XzzijAs5IEH4AwuU2H4, event: @dev:localhost: bench 357
2026-08-23 19:00:04,816:    DEBUG: matrix-commander: event.server_timestamp = 1787511422902
2026-08-23 19:00:04,816:    DEBUG: matrix-commander: event_datetime = 2026-08-23 18:57:02
2026-08-23 19:00:04,816:    DEBUG: matrix-commander: type(msg) = <class 'str'>. msg is a string
2026-08-23 19:00:04,816:    DEBUG: matrix-commander: Message received for room @dev:localhost [!bench:localhost] | sender @dev:localhost [@dev:localhost] | 2026-08-23 18:57:02 | bench 357
Message received for room @dev:localhost [!bench:localhost] | sender @dev:localhost [@dev:localhost] | 2026-08-23 18:57:02 | bench 357
2026-08-23 19:00:04,816:    DEBUG: matrix-commander: message_callback(): for room <nio.rooms.MatrixRoom object at 0x7f93c0f8f890> received this event: type: <class 'nio.events.room_events.RoomMessageText'>, event_id: $TBxz8OQsPndQVnyRrEzalJ5gN8l_KNrlV6LOAVysGSA, event: @dev:localhost: bench 358
2026-08-23 19:00:04,816:    DEBUG: matrix-commander: event.server_timestamp = 1787511423102
2026-08-23 19:00:04,816:    DEBUG: matrix-commander: event_datetime = 2026-08-23 18:57:03
2026-08-23 19:00:04,817:    DEBUG: matrix-commander: type(msg) = <class 'str'>. msg is a string
2026-08-23 19:00:04,817:    DEBUG: matrix-commander: Message received for room @dev:localhost [!bench:localhost] | sender @dev:localhost [@dev:localhost] | 2026-08-23 18:57:03 | bench 358
Message received for room @dev:localhost [!bench:localhost] | sender @dev:localhost [@dev:localhost] | 2026-08-23 18:57:03 | bench 358
2026-08-23 19:00:04,817:    DEBUG: matrix-commander: message_callback(): for room <nio.rooms.MatrixRoom object at 0x7f93c0f8f890> received this event: type: <class 'nio.events.room_events.RoomMessageText'>, event_id: $TinlVZaE0wPe6jfsjSekiAsdv0gupEuE25g4cIl0hSg, event: @dev:localhost: bench 359
2026-08-23 19:00:04,817:    DEBUG: matrix-commander: event.server_timestamp = 1787511423321
2026-08-23 19:00:04,817:    DEBUG: matrix-commander: event_datetime = 2026-08-23 18:57:03
2026-08-23 19:00:04,817:    DEBUG: matrix-commander: type(msg) = <class 'str'>. msg is a string
2026-08-23 19:00:04,818:    DEBUG: matrix-commander: Message received for room @dev:localhost [!bench:localhost] | sender @dev:localhost [@dev:localhost] | 2026-08-23 18:57:03 | bench 359
2026-08-23 19:00:04,818:    DEBUG: matrix-commander: message_callback(): for room <nio.rooms.MatrixRoom object at 0x7f93c0f8f890> received this event: type: <class 'nio.events.room_events.RoomMessageText'>, event_id: $Ous_WdebbG35jlotsoV_zu4WkmwXhrx5Vbqx89FCzhc, event: @dev:localhost: bench 360
2026-08-23 19:00:04,818:    DEBUG: matrix-commander: event.server_timestamp = 1787511423536
2026-08-23 19:00:04,818:    DEBUG: matrix-commander: event_datetime = 2026-08-23 18:57:03
2026-08-23 19:00:04,818:    DEBUG: matrix-commander: type(msg) = <class 'str'>. msg is a string
2026-08-23 19:00:04,818:    DEBUG: matrix-commander: Message received for room @dev:localhost [!bench:localhost] | sender @dev:localhost [@dev:localhost] | 2026-08-23 18:57:03 | bench 360
2026-08-23 19:00:04,818:    DEBUG: matrix-commander: message_callback(): for room <nio.rooms.MatrixRoom object at 0x7f93c0f8f890> received this event: type: <class 'nio.events.room_events.RoomMessageText'>, event_id: $FfIuO645e6U0Jf_ic5wjTPo1y2TpyUXGSdEb_Fc4PRY, event: @dev:localhost: bench 361
2026-08-23 19:00:04,818:    DEBUG: matrix-commander: event.server_timestamp = 1787511423734
2026-08-23 19:00:04,818:    DEBUG: matrix-commander: event_datetime = 2026-08-23 18:57:03
2026-08-23 19:00:04,818:    DEBUG: matrix-commander: type(msg) = <class 'str'>. msg is a string
Message received for room @dev:localhost [!bench:localhost] | sender @dev:localhost [@dev:localhost] | 2026-08-23 18:57:03 | bench 359
Message received for room @dev:localhost [!bench:localhost] | sender @dev:localhost [@dev:localhost] | 2026-08-23 18:57:03 | bench 360
2026-08-23 19:00:04,819:    DEBUG: matrix-commander: Message received for room @dev:localhost [!bench:localhost] | sender @dev:localhost [@dev:localhost] | 2026-08-23 18:57:03 | bench 361
Message received for room @dev:localhost [!bench:localhost] | sender @dev:localhost [@dev:localhost] | 2026-08-23 18:57:03 | bench 361
2026-08-23 19:00:04,819:    DEBUG: matrix-commander: message_callback(): for room <nio.rooms.MatrixRoom object at 0x7f93c0f8f890> received this event: type: <class 'nio.events.room_events.RoomMessageText'>, event_id: $44NhTCeMzSk0VelwNH9F7FcSkJqsqj_ZP7Uhw0YVA8Y, event: @dev:localhost: bench 362
2026-08-23 19:00:04,819:    DEBUG: matrix-commander: event.server_timestamp = 1787511423936
2026-08-23 19:00:04,819:    DEBUG: matrix-commander: event_datetime = 2026-08-23 18:57:03
2026-08-23 19:00:04,819:    DEBUG: matrix-commander: type(msg) = <class 'str'>. msg is a string
Message received for room @dev:localhost [!bench:localhost] | sender @dev:localhost [@dev:localhost] | 2026-08-23 18:57:03 | bench 362
2026-08-23 19:00:04,819:    DEBUG: matrix-commander: Message received for room @dev:localhost [!bench:localhost] | sender @dev:localhost [@dev:localhost] | 2026-08-23 18:57:03 | bench 362
2026-08-23 19:00:04,819:    DEBUG: matrix-commander: message_callback(): for room <nio.rooms.MatrixRoom object at 0x7f93c0f8f890> received this event: type: <class 'nio.events.room_events.RoomMessageText'>, event_id: $TfUOb_egrmzmhsXIsiBkFR-2GU13q5C5awGErYguvno, event: @dev:localhost: bench 363
2026-08-23 19:00:04,819:    DEBUG: matrix-commander: event.server_timestamp = 1787511424125
2026-08-23 19:00:04,819:    DEBUG: matrix-commander: event_datetime = 2026-08-23 18:57:04
2026-08-23 19:00:04,820:    DEBUG: matrix-commander: type(msg) = <class 'str'>. msg is a string
2026-08-23 19:00:04,820:    DEBUG: matrix-commander: Message received for room @dev:localhost [!bench:localhost] | sender @dev:localhost [@dev:localhost] | 2026-08-23 18:57:04 | bench 363
Message received for room @dev:localhost [!bench:localhost] | sender @dev:localhost [@dev:localhost] | 2026-08-23 18:57:04 | bench 363
2026-08-23 19:00:04,820:    DEBUG: matrix-commander: message_callback(): for room <nio.rooms.MatrixRoom object at 0x7f93c0f8f890> received this event: type: <class 'nio.events.room_events.RoomMessageText'>, event_id: $53p6hyYPjNlZ6QyiY3DVDbEXQ4PP9Ke5q_2VBgDl0cM, event: @dev:localhost: bench 364
2026-08-23 19:00:04,820:    DEBUG: matrix-commander: event.server_timestamp = 1787511424326
Message received for room @dev:localhost [!bench:localhost] | sender @dev:localhost [@dev:localhost] | 2026-08-23 18:57:04 | bench 364
2026-08-23 19:00:04,820:    DEBUG: matrix-commander: event_datetime = 2026-08-23 18:57:04
2026-08-23 19:00:04,820:    DEBUG: matrix-commander: type(msg) = <class 'str'>. msg is a string
2026-08-23 19:00:04,820:    DEBUG: matrix-commander: Message received for room @dev:localhost [!bench:localhost] | sender @dev:localhost [@dev:localhost] | 2026-08-23 18:57:04 | bench 364
2026-08-23 19:00:04,820:    DEBUG: matrix-commander: message_callback(): for room <nio.rooms.MatrixRoom object at 0x7f93c0f8f890> received this event: type: <class 'nio.events.room_events.RoomMessageText'>, event_id: $I9g48ISutsq7dj-wS40ZHO8YWMVEAAAhGlepV41zjv8, event: @dev:localhost: bench 365
2026-08-23 19:00:04,820:    DEBUG: matrix-commander: event.server_timestamp = 1787511424530
2026-08-23 19:00:04,820:    DEBUG: matrix-commander: event_datetime = 2026-08-23 18:57:04
2026-08-23 19:00:04,821:    DEBUG: matrix-commander: type(msg) = <class 'str'>. msg is a string
2026-08-23 19:00:04,821:    DEBUG: matrix-commander: Message received for room @dev:localhost [!bench:localhost] | sender @dev:localhost [@dev:localhost] | 2026-08-23 18:57:04 | bench 365
Message received for room @dev:localhost [!bench:localhost] | sender @dev:localhost [@dev:localhost] | 2026-08-23 18:57:04 | bench 365
2026-08-23 19:00:04,821:    DEBUG: matrix-commander: message_callback(): for room <nio.rooms.MatrixRoom object at 0x7f93c0f8f890> received this event: type: <class 'nio.events.room_events.RoomMessageText'>, event_id: $1IQ-MhGq8w3CFTr67TJU93NvutaQkCymlqUof99qWa8, event: @dev:localhost: bench 366
2026-08-23 19:00:04,821:    DEBUG: matrix-commander: event.server_timestamp = 1787511424736
2026-08-23 19:00:04,821:    DEBUG: matrix-commander: event_datetime = 2026-08-23 18:57:04
2026-08-23 19:00:04,821:    DEBUG: matrix-commander: type(msg) = <class 'str'>. msg is a string
2026-08-23 19:00:04,821:    DEBUG: matrix-commander: Message received for room @dev:localhost [!bench:localhost] | sender @dev:localhost [@dev:localhost] | 2026-08-23 18:57:04 | bench 366
Message received for room @dev:localhost [!bench:localhost] | sender @dev:localhost [@dev:localhost] | 2026-08-23 18:57:04 | bench 366
2026-08-23 19:00:04,821:    DEBUG: matrix-commander: message_callback(): for room <nio.rooms.MatrixRoom object at 0x7f93c0f8f890> received this event: type: <class 'nio.events.room_events.RoomMessageText'>, event_id: $vwY--QB5sBytU8GS3_JokwS1YuD_O-6erbPVD9fcmZo, event: @dev:localhost: bench 367
2026-08-23 19:00:04,821:    DEBUG: matrix-commander: event.server_timestamp = 1787511424933
2026-08-23 19:00:04,822:    DEBUG: matrix-commander: event_datetime = 2026-08-23 18:57:04
2026-08-23 19:00:04,822:    DEBUG: matrix-commander: type(msg) = <class 'str'>. msg is a string
2026-08-23 19:00:04,822:    DEBUG: matrix-commander: Message received for room @dev:localhost [!bench:localhost] | sender @dev:localhost [@dev:localhost] | 2026-08-23 18:57:04 | bench 367
Message received for room @dev:localhost [!bench:localhost] | sender @dev:localhost [@dev:localhost] | 2026-08-23 18:57:04 | bench 367
2026-08-23 19:00:04,822:    DEBUG: matrix-commander: message_callback(): for room <nio.rooms.MatrixRoom object at 0x7f93c0f8f890> received this event: type: <class 'nio.events.room_events.RoomMessageText'>, event_id: $h1Znm46QPo4Ctp6dTGUz5M2n4VH_2MMQBTaPppGE95A, event: @dev:localhost: bench 368
2026-08-23 19:00:04,822:    DEBUG: matrix-commander: event.server_timestamp = 1787511425119
2026-08-23 19:00:04,822:    DEBUG: matrix-commander: event_datetime = 2026-08-23 18:57:05
2026-08-23 19:00:04,822:    DEBUG: matrix-commander: type(msg) = <class 'str'>. msg is a string
2026-08-23 19:00:04,822:    DEBUG: matrix-commander: Message received for room @dev:localhost [!bench:localhost] | sender @dev:localhost [@dev:localhost] | 2026-08-23 18:57:05 | bench 368
Message received for room @dev:localhost [!bench:localhost] | sender @dev:localhost [@dev:localhost] | 2026-08-23 18:57:05 | bench 368
2026-08-23 19:00:04,822:    DEBUG: matrix-commander: message_callback(): for room <nio.rooms.MatrixRoom object at 0x7f93c0f8f890> received this event: type: <class 'nio.events.room_events.RoomMessageText'>, event_id: $e6Ixb8RfaUsT7hqv7LhMZfN-jk0spdwJTTh22CR_MtM, event: @dev:localhost: bench 369
2026-08-23 19:00:04,823:    DEBUG: matrix-commander: event.server_timestamp = 1787511425331
2026-08-23 19:00:04,823:    DEBUG: matrix-commander: event_datetime = 2026-08-23 18:57:05
2026-08-23 19:00:04,823:    DEBUG: matrix-commander: type(msg) = <class 'str'>. msg is a string
2026-08-23 19:00:04,823:    DEBUG: matrix-commander: Message received for room @dev:localhost [!bench:localhost] | sender @dev:localhost [@dev:localhost] | 2026-08-23 18:57:05 | bench 369
Message received for room @dev:localhost [!bench:localhost] | sender @dev:localhost [@dev:localhost] | 2026-08-23 18:57:05 | bench 369
2026-08-23 19:00:04,823:    DEBUG: matrix-commander: message_callback(): for room <nio.rooms.MatrixRoom object at 0x7f93c0f8f890> received this event: type: <class 'nio.events.room_events.RoomMessageText'>, event_id: $im0eMOHnN-YkJG7h4Os080X-DpwQL8lwTVCmsnYBw4k, event: @dev:localhost: bench 370
2026-08-23 19:00:04,823:    DEBUG: matrix-commander: event.server_timestamp = 1787511425522
2026-08-23 19:00:04,823:    DEBUG: matrix-commander: event_datetime = 2026-08-23 18:57:05
2026-08-23 19:00:04,823:    DEBUG: matrix-commander: type(msg) = <class 'str'>. msg is a string
2026-08-23 19:00:04,823:    DEBUG: matrix-commander: Message received for room @dev:localhost [!bench:localhost] | sender @dev:localhost [@dev:localhost] | 2026-08-23 18:57:05 | bench 370
Message received for room @dev:localhost [!bench:localhost] | sender @dev:localhost [@dev:localhost] | 2026-08-23 18:57:05 | bench 370
2026-08-23 19:00:04,823:    DEBUG: matrix-commander: message_callback(): for room <nio.rooms.MatrixRoom object at 0x7f93c0f8f890> received this event: type: <class 'nio.events.room_events.RoomMessageText'>, event_id: $CMAhs0-o6LQqwSzwpeuLYCzgfFVPZjPmYblQqcHdabU, event: @dev:localhost: bench 371
2026-08-23 19:00:04,824:    DEBUG: matrix-commander: event.server_timestamp = 1787511425748
2026-08-23 19:00:04,824:    DEBUG: matrix-commander: event_datetime = 2026-08-23 18:57:05
2026-08-23 19:00:04,824:    DEBUG: matrix-commander: type(msg) = <class 'str'>. msg is a string
2026-08-23 19:00:04,824:    DEBUG: matrix-commander: Message received for room @dev:localhost [!bench:localhost] | sender @dev:localhost [@dev:localhost] | 2026-08-23 18:57:05 | bench 371
Message received for room @dev:localhost [!bench:localhost] | sender @dev:localhost [@dev:localhost] | 2026-08-23 18:57:05 | bench 371
2026-08-23 19:00:04,824:    DEBUG: matrix-commander: message_callback(): for room <nio.rooms.MatrixRoom object at 0x7f93c0f8f890> received this event: type: <class 'nio.events.room_events.RoomMessageText'>, event_id: $IaQHCrRxtVrincGG47uM_fkKIOGEo8Iy0uF0a5LjkoI, event: @dev:localhost: bench 372
2026-08-23 19:00:04,824:    DEBUG: matrix-commander: event.server_timestamp = 1787511425960
2026-08-23 19:00:04,824:    DEBUG: matrix-commander: event_datetime = 2026-08-23 18:57:05
2026-08-23 19:00:04,824:    DEBUG: matrix-commander: type(msg) = <class 'str'>. msg is a string
2026-08-23 19:00:04,824:    DEBUG: matrix-commander: Message received for room @dev:localhost [!bench:localhost] | sender @dev:localhost [@dev:localhost] | 2026-08-23 18:57:05 | bench 372
Message received for room @dev:localhost [!bench:localhost] | sender @dev:localhost [@dev:localhost] | 2026-08-23 18:57:05 | bench 372
2026-08-23 19:00:04,824:    DEBUG: matrix-commander: message_callback(): for room <nio.rooms.MatrixRoom object at 0x7f93c0f8f890> received this event: type: <class 'nio.events.room_events.RoomMessageText'>, event_id: $8datzb0JkSKXnackxLNaxsjNGS4Y79Oo0DNIy1SYp9c, event: @dev:localhost: bench 373
2026-08-23 19:00:04,824:    DEBUG: matrix-commander: event.server_timestamp = 1787511426142
2026-08-23 19:00:04,825:    DEBUG: matrix-commander: event_datetime = 2026-08-23 18:57:06
2026-08-23 19:00:04,825:    DEBUG: matrix-commander: type(msg) = <class 'str'>. msg is a string
2026-08-23 19:00:04,825:    DEBUG: matrix-commander: Message received for room @dev:localhost [!bench:localhost] | sender @dev:localhost [@dev:localhost] | 2026-08-23 18:57:06 | bench 373
2026-08-23 19:00:04,825:    DEBUG: matrix-commander: message_callback(): for room <nio.rooms.MatrixRoom object at 0x7f93c0f8f890> received this event: type: <class 'nio.events.room_events.RoomMessageText'>, event_id: $IXNJrdYvid_4dsSC4b5y244EHEfmLyECqJDQBSHe-z8, event: @dev:localhost: bench 374
Message received for room @dev:localhost [!bench:localhost] | sender @dev:localhost [@dev:localhost] | 2026-08-23 18:57:06 | bench 373
2026-08-23 19:00:04,825:    DEBUG: matrix-commander: event.server_timestamp = 1787511426330
2026-08-23 19:00:04,825:    DEBUG: matrix-commander: event_datetime = 2026-08-23 18:57:06
2026-08-23 19:00:04,825:    DEBUG: matrix-commander: type(msg) = <class 'str'>. msg is a string
2026-08-23 19:00:04,825:    DEBUG: matrix-commander: Message received for room @dev:localhost [!bench:localhost] | sender @dev:localhost [@dev:localhost] | 2026-08-23 18:57:06 | bench 374
Message received for room @dev:localhost [!bench:localhost] | sender @dev:localhost [@dev:localhost] | 2026-08-23 18:57:06 | bench 374
2026-08-23 19:00:04,825:    DEBUG: matrix-commander: message_callback(): for room <nio.rooms.MatrixRoom object at 0x7f93c0f8f890> received this event: type: <class 'nio.events.room_events.RoomMessageText'>, event_id: $2YJ91_SJbpQiJ_-LPWRqR1CdwKY-32Oc-onuCvhQ5os, event: @dev:localhost: bench 375
2026-08-23 19:00:04,825:    DEBUG: matrix-commander: event.server_timestamp = 1787511426529
2026-08-23 19:00:04,825:    DEBUG: matrix-commander: event_datetime = 2026-08-23 18:57:06
2026-08-23 19:00:04,825:    DEBUG: matrix-commander: type(msg) = <class 'str'>. msg is a string
2026-08-23 19:00:04,826:    DEBUG: matrix-commander: Message received for room @dev:localhost [!bench:localhost] | sender @dev:localhost [@dev:localhost] | 2026-08-23 18:57:06 | bench 375
2026-08-23 19:00:04,826:    DEBUG: matrix-commander: message_callback(): for room <nio.rooms.MatrixRoom object at 0x7f93c0f8f890> received this event: type: <class 'nio.events.room_events.RoomMessageText'>, event_id: $A87eTW51gDkt-MocW7tKSl4XBlYmyiVUp6B0hGc5Cq0, event: @dev:localhost: bench 376
2026-08-23 19:00:04,826:    DEBUG: matrix-commander: event.server_timestamp = 1787511426722
Message received for room @dev:localhost [!bench:localhost] | sender @dev:localhost [@dev:localhost] | 2026-08-23 18:57:06 | bench 375
2026-08-23 19:00:04,826:    DEBUG: matrix-commander: event_datetime = 2026-08-23 18:57:06
2026-08-23 19:00:04,826:    DEBUG: matrix-commander: type(msg) = <class 'str'>. msg is a string
Message received for room @dev:localhost [!bench:localhost] | sender @dev:localhost [@dev:localhost] | 2026-08-23 18:57:06 | bench 376
2026-08-23 19:00:04,826:    DEBUG: matrix-commander: Message received for room @dev:localhost [!bench:localhost] | sender @dev:localhost [@dev:localhost] | 2026-08-23 18:57:06 | bench 376
2026-08-23 19:00:04,826:    DEBUG: matrix-commander: message_callback(): for room <nio.rooms.MatrixRoom object at 0x7f93c0f8f890> received this event: type: <class 'nio.events.room_events.RoomMessageText'>, event_id: $Q_GGbu8nfP9oss2yWiioZ0ILrJm27qSrZ6osmVt-O04, event: @dev:localhost: bench 377
2026-08-23 19:00:04,826:    DEBUG: matrix-commander: event.server_timestamp = 1787511426927
2026-08-23 19:00:04,826:    DEBUG: matrix-commander: event_datetime = 2026-08-23 18:57:06
2026-08-23 19:00:04,826:    DEBUG: matrix-commander: type(msg) = <class 'str'>. msg is a string
Message received for room @dev:localhost [!bench:localhost] | sender @dev:localhost [@dev:localhost] | 2026-08-23 18:57:06 | bench 377
2026-08-23 19:00:04,826:    DEBUG: matrix-commander: Message received for room @dev:localhost [!bench:localhost] | sender @dev:localhost [@dev:localhost] | 2026-08-23 18:57:06 | bench 377
2026-08-23 19:00:04,826:    DEBUG: matrix-commander: message_callback(): for room <nio.rooms.MatrixRoom object at 0x7f93c0f8f890> received this event: type: <class 'nio.events.room_events.RoomMessageText'>, event_id: $JIu5HnSD-3t2_Ohjv2ln44Kn9eVYolJjECK-6LRsGy8, event: @dev:localhost: bench 378
2026-08-23 19:00:04,827:    DEBUG: matrix-commander: event.server_timestamp = 1787511427149
2026-08-23 19:00:04,827:    DEBUG: matrix-commander: event_datetime = 2026-08-23 18:57:07
2026-08-23 19:00:04,827:    DEBUG: matrix-commander: type(msg) = <class 'str'>. msg is a string
Message received for room @dev:localhost [!bench:localhost] | sender @dev:localhost [@dev:localhost] | 2026-08-23 18:57:07 | bench 378
Message received for room @dev:localhost [!bench:localhost] | sender @dev:localhost [@dev:localhost] | 2026-08-23 18:57:07 | bench 379
Message received for room @dev:localhost [!bench:localhost] | sender @dev:localhost [@dev:localhost] | 2026-08-23 18:57:07 | bench 380
Message received for room @dev:localhost [!bench:localhost] | sender @dev:localhost [@dev:localhost] | 2026-08-23 18:57:07 | bench 381
2026-08-23 19:00:04,827:    DEBUG: matrix-commander: Message received for room @dev:localhost [!bench:localhost] | sender @dev:localhost [@dev:localhost] | 2026-08-23 18:57:07 | bench 378
2026-08-23 19:00:04,827:    DEBUG: matrix-commander: message_callback(): for room <nio.rooms.MatrixRoom object at 0x7f93c0f8f890> received this event: type: <class 'nio.events.room_events.RoomMessageText'>, event_id: $O8fm-jdzoN08xVuNifemDIfIHvKUwtL0ancC1SQd1VY, event: @dev:localhost: bench 379
2026-08-23 19:00:04,827:    DEBUG: matrix-commander: event.server_timestamp = 1787511427379
2026-08-23 19:00:04,827:    DEBUG: matrix-commander: event_datetime = 2026-08-23 18:57:07
2026-08-23 19:00:04,827:    DEBUG: matrix-commander: type(msg) = <class 'str'>. msg is a string
2026-08-23 19:00:04,827:    DEBUG: matrix-commander: Message received for room @dev:localhost [!bench:localhost] | sender @dev:localhost [@dev:localhost] | 2026-08-23 18:57:07 | bench 379
2026-08-23 19:00:04,827:    DEBUG: matrix-commander: message_callback(): for room <nio.rooms.MatrixRoom object at 0x7f93c0f8f890> received this event: type: <class 'nio.events.room_events.RoomMessageText'>, event_id: $qBtkIeu8cKaRRjx0go_LpH94ypmXC89s0ULNgt3pDzU, event: @dev:localhost: bench 380
2026-08-23 19:00:04,827:    DEBUG: matrix-commander: event.server_timestamp = 1787511427624
2026-08-23 19:00:04,827:    DEBUG: matrix-commander: event_datetime = 2026-08-23 18:57:07
2026-08-23 19:00:04,828:    DEBUG: matrix-commander: type(msg) = <class 'str'>. msg is a string
2026-08-23 19:00:04,828:    DEBUG: matrix-commander: Message received for room @dev:localhost [!bench:localhost] | sender @dev:localhost [@dev:localhost] | 2026-08-23 18:57:07 | bench 380
2026-08-23 19:00:04,828:    DEBUG: matrix-commander: message_callback(): for room <nio.rooms.MatrixRoom object at 0x7f93c0f8f890> received this event: type: <class 'nio.events.room_events.RoomMessageText'>, event_id: $EHaiMssFyMes178w9RryYdGU2Sn9H9wtWoOF02WDHxA, event: @dev:localhost: bench 381
2026-08-23 19:00:04,828:    DEBUG: matrix-commander: event.server_timestamp = 1787511427827
2026-08-23 19:00:04,828:    DEBUG: matrix-commander: event_datetime = 2026-08-23 18:57:07
2026-08-23 19:00:04,828:    DEBUG: matrix-commander: type(msg) = <class 'str'>. msg is a string
2026-08-23 19:00:04,828:    DEBUG: matrix-commander: Message received for room @dev:localhost [!bench:localhost] | sender @dev:localhost [@dev:localhost] | 2026-08-23 18:57:07 | bench 381
2026-08-23 19:00:04,828:    DEBUG: matrix-commander: message_callback(): for room <nio.rooms.MatrixRoom object at 0x7f93c0f8f890> received this event: type: <class 'nio.events.room_events.RoomMessageText'>, event_id: $ItG2DKqg_XjFxzTRgyoK9e3EWTyp7BeAH8C23jArtGM, event: @dev:localhost: bench 382
2026-08-23 19:00:04,828:    DEBUG: matrix-commander: event.server_timestamp = 1787511428030
2026-08-23 19:00:04,828:    DEBUG: matrix-commander: event_datetime = 2026-08-23 18:57:08
2026-08-23 19:00:04,828:    DEBUG: matrix-commander: type(msg) = <class 'str'>. msg is a string
Message received for room @dev:localhost [!bench:localhost] | sender @dev:localhost [@dev:localhost] | 2026-08-23 18:57:08 | bench 382
2026-08-23 19:00:04,828:    DEBUG: matrix-commander: Message received for room @dev:localhost [!bench:localhost] | sender @dev:localhost [@dev:localhost] | 2026-08-23 18:57:08 | bench 382
2026-08-23 19:00:04,829:    DEBUG: matrix-commander: message_callback(): for room <nio.rooms.MatrixRoom object at 0x7f93c0f8f890> received this event: type: <class 'nio.events.room_events.RoomMessageText'>, event_id: $z5fY9mSPz_Qgs39W7oS9DOdltTtkQ3XWvktql9qnn1Q, event: @dev:localhost: bench 383
2026-08-23 19:00:04,829:    DEBUG: matrix-commander: event.server_timestamp = 1787511428234
2026-08-23 19:00:04,829:    DEBUG: matrix-commander: event_datetime = 2026-08-23 18:57:08
2026-08-23 19:00:04,829:    DEBUG: matrix-commander: type(msg) = <class 'str'>. msg is a string
2026-08-23 19:00:04,829:    DEBUG: matrix-commander: Message received for room @dev:localhost [!bench:localhost] | sender @dev:localhost [@dev:localhost] | 2026-08-23 18:57:08 | bench 383
Message received for room @dev:localhost [!bench:localhost] | sender @dev:localhost [@dev:localhost] | 2026-08-23 18:57:08 | bench 383
2026-08-23 19:00:04,829:    DEBUG: matrix-commander: message_callback(): for room <nio.rooms.MatrixRoom object at 0x7f93c0f8f890> received this event: type: <class 'nio.events.room_events.RoomMessageText'>, event_id: $yn2fYNWfeWf3Qij2WXnE8VL_Sdw243sZ296EXKbPiwQ, event: @dev:localhost: bench 384
2026-08-23 19:00:04,829:    DEBUG: matrix-commander: event.server_timestamp = 1787511428425
2026-08-23 19:00:04,829:    DEBUG: matrix-commander: event_datetime = 2026-08-23 18:57:08
2026-08-23 19:00:04,829:    DEBUG: matrix-commander: type(msg) = <class 'str'>. msg is a string
Message received for room @dev:localhost [!bench:localhost] | sender @dev:localhost [@dev:localhost] | 2026-08-23 18:57:08 | bench 384
2026-08-23 19:00:04,829:    DEBUG: matrix-commander: Message received for room @dev:localhost [!bench:localhost] | sender @dev:localhost [@dev:localhost] | 2026-08-23 18:57:08 | bench 384
2026-08-23 19:00:04,829:    DEBUG: matrix-commander: message_callback(): for room <nio.rooms.MatrixRoom object at 0x7f93c0f8f890> received this event: type: <class 'nio.events.room_events.RoomMessageText'>, event_id: $GQeZWcp0_d0-FsB1U3DPmhtKkz9W4uPh5olHTYzMymY, event: @dev:localhost: bench 385
2026-08-23 19:00:04,830:    DEBUG: matrix-commander: event.server_timestamp = 1787511428623
2026-08-23 19:00:04,830:    DEBUG: matrix-commander: event_datetime = 2026-08-23 18:57:08
Message received for room @dev:localhost [!bench:localhost] | sender @dev:localhost [@dev:localhost] | 2026-08-23 18:57:08 | bench 385
2026-08-23 19:00:04,830:    DEBUG: matrix-commander: type(msg) = <class 'str'>. msg is a string
2026-08-23 19:00:04,830:    DEBUG: matrix-commander: Message received for room @dev:localhost [!bench:localhost] | sender @dev:localhost [@dev:localhost] | 2026-08-23 18:57:08 | bench 385
2026-08-23 19:00:04,830:    DEBUG: matrix-commander: message_callback(): for room <nio.rooms.MatrixRoom object at 0x7f93c0f8f890> received this event: type: <class 'nio.events.room_events.RoomMessageText'>, event_id: $Imi6qbzGmOVweoY43K1AAnYSuTEHkbYtzeHVxYg5Uic, event: @dev:localhost: bench 386
2026-08-23 19:00:04,830:    DEBUG: matrix-commander: event.server_timestamp = 1787511428823
2026-08-23 19:00:04,830:    DEBUG: matrix-commander: event_datetime = 2026-08-23 18:57:08
2026-08-23 19:00:04,830:    DEBUG: matrix-commander: type(msg) = <class 'str'>. msg is a string
2026-08-23 19:00:04,830:    DEBUG: matrix-commander: Message received for room @dev:localhost [!bench:localhost] | sender @dev:localhost [@dev:localhost] | 2026-08-23 18:57:08 | bench 386
2026-08-23 19:00:04,830:    DEBUG: matrix-commander: message_callback(): for room <nio.rooms.MatrixRoom object at 0x7f93c0f8f890> received this event: type: <class 'nio.events.room_events.RoomMessageText'>, event_id: $ivUqnLtmE4P1OHgaDby9sftvXY7jFkBkfQgfzytyld8, event: @dev:localhost: bench 387
2026-08-23 19:00:04,830:    DEBUG: matrix-commander: event.server_timestamp = 1787511429038
Message received for room @dev:localhost [!bench:localhost] | sender @dev:localhost [@dev:localhost] | 2026-08-23 18:57:08 | bench 386
2026-08-23 19:00:04,831:    DEBUG: matrix-commander: event_datetime = 2026-08-23 18:57:09
2026-08-23 19:00:04,831:    DEBUG: matrix-commander: type(msg) = <class 'str'>. msg is a string
2026-08-23 19:00:04,831:    DEBUG: matrix-commander: Message received for room @dev:localhost [!bench:localhost] | sender @dev:localhost [@dev:localhost] | 2026-08-23 18:57:09 | bench 387
Message received for room @dev:localhost [!bench:localhost] | sender @dev:localhost [@dev:localhost] | 2026-08-23 18:57:09 | bench 387
2026-08-23 19:00:04,831:    DEBUG: matrix-commander: message_callback(): for room <nio.rooms.MatrixRoom object at 0x7f93c0f8f890> received this event: type: <class 'nio.events.room_events.RoomMessageText'>, event_id: $7ffCbXdCzuFLhG0pACV9o3aH84X8xC--KHCsFgxLfPs, event: @dev:localhost: bench 388
2026-08-23 19:00:04,831:    DEBUG: matrix-commander: event.server_timestamp = 1787511429412
2026-08-23 19:00:04,831:    DEBUG: matrix-commander: event_datetime = 2026-08-23 18:57:09
2026-08-23 19:00:04,831:    DEBUG: matrix-commander: type(msg) = <class 'str'>. msg is a string
2026-08-23 19:00:04,831:    DEBUG: matrix-commander: Message received for room @dev:localhost [!bench:localhost] | sender @dev:localhost [@dev:localhost] | 2026-08-23 18:57:09 | bench 388
Message received for room @dev:localhost [!bench:localhost] | sender @dev:localhost [@dev:localhost] | 2026-08-23 18:57:09 | bench 388
2026-08-23 19:00:04,831:    DEBUG: matrix-commander: message_callback(): for room <nio.rooms.MatrixRoom object at 0x7f93c0f8f890> received this event: type: <class 'nio.events.room_events.RoomMessageText'>, event_id: $rVrndPJ5ttiSkF1WkJkqUAD5pURP-11i3W7uAiHBaNk, event: @dev:localhost: bench 389
2026-08-23 19:00:04,831:    DEBUG: matrix-commander: event.server_timestamp = 1787511429605
2026-08-23 19:00:04,831:    DEBUG: matrix-commander: event_datetime = 2026-08-23 18:57:09
2026-08-23 19:00:04,831:    DEBUG: matrix-commander: type(msg) = <class 'str'>. msg is a string
2026-08-23 19:00:04,832:    DEBUG: matrix-commander: Message received for room @dev:localhost [!bench:localhost] | sender @dev:localhost [@dev:localhost] | 2026-08-23 18:57:09 | bench 389
Message received for room @dev:localhost [!bench:localhost] | sender @dev:localhost [@dev:localhost] | 2026-08-23 18:57:09 | bench 389
2026-08-23 19:00:04,832:    DEBUG: matrix-commander: message_callback(): for room <nio.rooms.MatrixRoom object at 0x7f93c0f8f890> received this event: type: <class 'nio.events.room_events.RoomMessageText'>, event_id: $kAycKeqVcZv26IsRcEQlDJjvtoeN2PDisY4wsvSUkbg, event: @dev:localhost: bench 390
2026-08-23 19:00:04,832:    DEBUG: matrix-commander: event.server_timestamp = 1787511429804
2026-08-23 19:00:04,832:    DEBUG: matrix-commander: event_datetime = 2026-08-23 18:57:09
2026-08-23 19:00:04,832:    DEBUG: matrix-commander: type(msg) = <class 'str'>. msg is a string
Message received for room @dev:localhost [!bench:localhost] | sender @dev:localhost [@dev:localhost] | 2026-08-23 18:57:09 | bench 390
2026-08-23 19:00:04,832:    DEBUG: matrix-commander: Message received for room @dev:localhost [!bench:localhost] | sender @dev:localhost [@dev:localhost] | 2026-08-23 18:57:09 | bench 390
2026-08-23 19:00:04,832:    DEBUG: matrix-commander: message_callback(): for room <nio.rooms.MatrixRoom object at 0x7f93c0f8f890> received this event: type: <class 'nio.events.room_events.RoomMessageText'>, event_id: $KWk4Axw_3nRlg0zbiyNZGSl2-7-g0w3QV7cgkAe4DrE, event: @dev:localhost: bench 391
2026-08-23 19:00:04,832:    DEBUG: matrix-commander: event.server_timestamp = 1787511430028
2026-08-23 19:00:04,832:    DEBUG: matrix-commander: event_datetime = 2026-08-23 18:57:10
2026-08-23 19:00:04,832:    DEBUG: matrix-commander: type(msg) = <class 'str'>. msg is a string
2026-08-23 19:00:04,832:    DEBUG: matrix-commander: Message received for room @dev:localhost [!bench:localhost] | sender @dev:localhost [@dev:localhost] | 2026-08-23 18:57:10 | bench 391
Message received for room @dev:localhost [!bench:localhost] | sender @dev:localhost [@dev:localhost] | 2026-08-23 18:57:10 | bench 391
2026-08-23 19:00:04,833:    DEBUG: matrix-commander: message_callback(): for room <nio.rooms.MatrixRoom object at 0x7f93c0f8f890> received this event: type: <class 'nio.events.room_events.RoomMessageText'>, event_id: $siB6A57WIMzbM_HSUK3UZoCRXzT45cQIK5VzaqP8qXI, event: @dev:localhost: bench 392
2026-08-23 19:00:04,833:    DEBUG: matrix-commander: event.server_timestamp = 1787511430225
2026-08-23 19:00:04,833:    DEBUG: matrix-commander: event_datetime = 2026-08-23 18:57:10
2026-08-23 19:00:04,833:    DEBUG: matrix-commander: type(msg) = <class 'str'>. msg is a string
2026-08-23 19:00:04,833:    DEBUG: matrix-commander: Message received for room @dev:localhost [!bench:localhost] | sender @dev:localhost [@dev:localhost] | 2026-08-23 18:57:10 | bench 392
Message received for room @dev:localhost [!bench:localhost] | sender @dev:localhost [@dev:localhost] | 2026-08-23 18:57:10 | bench 392
2026-08-23 19:00:04,833:    DEBUG: matrix-commander: message_callback(): for room <nio.rooms.MatrixRoom object at 0x7f93c0f8f890> received this event: type: <class 'nio.events.room_events.RoomMessageText'>, event_id: $4ceRqAPfoh9P1XxRaUFcbbWjuYAoGtLh24E61YfXV40, event: @dev:localhost: bench 393
2026-08-23 19:00:04,833:    DEBUG: matrix-commander: event.server_timestamp = 1787511430437
2026-08-23 19:00:04,833:    DEBUG: matrix-commander: event_datetime = 2026-08-23 18:57:10
2026-08-23 19:00:04,833:    DEBUG: matrix-commander: type(msg) = <class 'str'>. msg is a string
2026-08-23 19:00:04,833:    DEBUG: matrix-commander: Message received for room @dev:localhost [!bench:localhost] | sender @dev:localhost [@dev:localhost] | 2026-08-23 18:57:10 | bench 393
Message received for room @dev:localhost [!bench:localhost] | sender @dev:localhost [@dev:localhost] | 2026-08-23 18:57:10 | bench 393
2026-08-23 19:00:04,833:    DEBUG: matrix-commander: message_callback(): for room <nio.rooms.MatrixRoom object at 0x7f93c0f8f890> received this event: type: <class 'nio.events.room_events.RoomMessageText'>, event_id: $5m4mdsYlWFVGCsRcGsfmGpTKwS92cgS7vIsLPH2lICw, event: @dev:localhost: bench 394
2026-08-23 19:00:04,833:    DEBUG: matrix-commander: event.server_timestamp = 1787511430638
2026-08-23 19:00:04,833:    DEBUG: matrix-commander: event_datetime = 2026-08-23 18:57:10
2026-08-23 19:00:04,834:    DEBUG: matrix-commander: type(msg) = <class 'str'>. msg is a string
2026-08-23 19:00:04,834:    DEBUG: matrix-commander: Message received for room @dev:localhost [!bench:localhost] | sender @dev:localhost [@dev:localhost] | 2026-08-23 18:57:10 | bench 394
Message received for room @dev:localhost [!bench:localhost] | sender @dev:localhost [@dev:localhost] | 2026-08-23 18:57:10 | bench 394
2026-08-23 19:00:04,834:    DEBUG: matrix-commander: message_callback(): for room <nio.rooms.MatrixRoom object at 0x7f93c0f8f890> received this event: type: <class 'nio.events.room_events.RoomMessageText'>, event_id: $Z5QIgOK5zxpfM18kGVvOcN2eETX3rBWBBsGlf6YEgIQ, event: @dev:localhost: bench 395
2026-08-23 19:00:04,834:    DEBUG: matrix-commander: event.server_timestamp = 1787511430839
2026-08-23 19:00:04,834:    DEBUG: matrix-commander: event_datetime = 2026-08-23 18:57:10
2026-08-23 19:00:04,834:    DEBUG: matrix-commander: type(msg) = <class 'str'>. msg is a string
2026-08-23 19:00:04,834:    DEBUG: matrix-commander: Message received for room @dev:localhost [!bench:localhost] | sender @dev:localhost [@dev:localhost] | 2026-08-23 18:57:10 | bench 395
Message received for room @dev:localhost [!bench:localhost] | sender @dev:localhost [@dev:localhost] | 2026-08-23 18:57:10 | bench 395
2026-08-23 19:00:04,834:    DEBUG: matrix-commander: message_callback(): for room <nio.rooms.MatrixRoom object at 0x7f93c0f8f890> received this event: type: <class 'nio.events.room_events.RoomMessageText'>, event_id: $pGvhWNeEJ9A_f5484sbXn2BuHUAX2MS9uYqEa3kHWOk, event: @dev:localhost: bench 396
2026-08-23 19:00:04,834:    DEBUG: matrix-commander: event.server_timestamp = 1787511431024
2026-08-23 19:00:04,834:    DEBUG: matrix-commander: event_datetime = 2026-08-23 18:57:11
2026-08-23 19:00:04,834:    DEBUG: matrix-commander: type(msg) = <class 'str'>. msg is a string
2026-08-23 19:00:04,835:    DEBUG: matrix-commander: Message received for room @dev:localhost [!bench:localhost] | sender @dev:localhost [@dev:localhost] | 2026-08-23 18:57:11 | bench 396
Message received for room @dev:localhost [!bench:localhost] | sender @dev:localhost [@dev:localhost] | 2026-08-23 18:57:11 | bench 396
2026-08-23 19:00:04,835:    DEBUG: matrix-commander: message_callback(): for room <nio.rooms.MatrixRoom object at 0x7f93c0f8f890> received this event: type: <class 'nio.events.room_events.RoomMessageText'>, event_id: $o2tL2kZv46SK3Y4EpVfqpOFneEEkYLdCjr75kbH2ra0, event: @dev:localhost: bench 397
2026-08-23 19:00:04,835:    DEBUG: matrix-commander: event.server_timestamp = 1787511431219
2026-08-23 19:00:04,835:    DEBUG: matrix-commander: event_datetime = 2026-08-23 18:57:11
2026-08-23 19:00:04,835:    DEBUG: matrix-commander: type(msg) = <class 'str'>. msg is a string
2026-08-23 19:00:04,835:    DEBUG: matrix-commander: Message received for room @dev:localhost [!bench:localhost] | sender @dev:localhost [@dev:localhost] | 2026-08-23 18:57:11 | bench 397
Message received for room @dev:localhost [!bench:localhost] | sender @dev:localhost [@dev:localhost] | 2026-08-23 18:57:11 | bench 397
2026-08-23 19:00:04,835:    DEBUG: matrix-commander: message_callback(): for room <nio.rooms.MatrixRoom object at 0x7f93c0f8f890> received this event: type: <class 'nio.events.room_events.RoomMessageText'>, event_id: $NIeFMxVGkn-sSaQbHZRl1E9yiHx1a0-fID0Jv7AUeZg, event: @dev:localhost: bench 398
2026-08-23 19:00:04,835:    DEBUG: matrix-commander: event.server_timestamp = 1787511431411
2026-08-23 19:00:04,835:    DEBUG: matrix-commander: event_datetime = 2026-08-23 18:57:11
2026-08-23 19:00:04,835:    DEBUG: matrix-commander: type(msg) = <class 'str'>. msg is a string
2026-08-23 19:00:04,835:    DEBUG: matrix-commander: Message received for room @dev:localhost [!bench:localhost] | sender @dev:localhost [@dev:localhost] | 2026-08-23 18:57:11 | bench 398
Message received for room @dev:localhost [!bench:localhost] | sender @dev:localhost [@dev:localhost] | 2026-08-23 18:57:11 | bench 398
2026-08-23 19:00:04,835:    DEBUG: matrix-commander: message_callback(): for room <nio.rooms.MatrixRoom object at 0x7f93c0f8f890> received this event: type: <class 'nio.events.room_events.RoomMessageText'>, event_id: $-oOWBGjPJDknZ08sYVMGMNqCms8QAiAQdMA9yR_N3wQ, event: @dev:localhost: bench 399
2026-08-23 19:00:04,836:    DEBUG: matrix-commander: event.server_timestamp = 1787511431624
2026-08-23 19:00:04,836:    DEBUG: matrix-commander: event_datetime = 2026-08-23 18:57:11
2026-08-23 19:00:04,836:    DEBUG: matrix-commander: type(msg) = <class 'str'>. msg is a string
2026-08-23 19:00:04,836:    DEBUG: matrix-commander: Message received for room @dev:localhost [!bench:localhost] | sender @dev:localhost [@dev:localhost] | 2026-08-23 18:57:11 | bench 399
Message received for room @dev:localhost [!bench:localhost] | sender @dev:localhost [@dev:localhost] | 2026-08-23 18:57:11 | bench 399
2026-08-23 19:00:04,836:    DEBUG: matrix-commander: message_callback(): for room <nio.rooms.MatrixRoom object at 0x7f93c0f8f890> received this event: type: <class 'nio.events.room_events.RoomMessageText'>, event_id: $6BCKO_eXQotmmjMARUX9g5rDyrggrBuExlib87_UW2A, event: @dev:localhost: bench 400
2026-08-23 19:00:04,836:    DEBUG: matrix-commander: event.server_timestamp = 1787511431827
2026-08-23 19:00:04,836:    DEBUG: matrix-commander: event_datetime = 2026-08-23 18:57:11
2026-08-23 19:00:04,836:    DEBUG: matrix-commander: type(msg) = <class 'str'>. msg is a string
2026-08-23 19:00:04,837:    DEBUG: matrix-commander: Message received for room @dev:localhost [!bench:localhost] | sender @dev:localhost [@dev:localhost] | 2026-08-23 18:57:11 | bench 400
Message received for room @dev:localhost [!bench:localhost] | sender @dev:localhost [@dev:localhost] | 2026-08-23 18:57:11 | bench 400
2026-08-23 19:00:04,837:    DEBUG: matrix-commander: message_callback(): for room <nio.rooms.MatrixRoom object at 0x7f93c0f8f890> received this event: type: <class 'nio.events.room_events.RoomMessageText'>, event_id: $hO3GDnqPi8YJCjUtVi8dXpl5tEudCTyPLX-CCcvr1EM, event: @dev:localhost: bench 401
2026-08-23 19:00:04,837:    DEBUG: matrix-commander: event.server_timestamp = 1787511432050
2026-08-23 19:00:04,837:    DEBUG: matrix-commander: event_datetime = 2026-08-23 18:57:12
2026-08-23 19:00:04,837:    DEBUG: matrix-commander: type(msg) = <class 'str'>. msg is a string
2026-08-23 19:00:04,837:    DEBUG: matrix-commander: Message received for room @dev:localhost [!bench:localhost] | sender @dev:localhost [@dev:localhost] | 2026-08-23 18:57:12 | bench 401
Message received for room @dev:localhost [!bench:localhost] | sender @dev:localhost [@dev:localhost] | 2026-08-23 18:57:12 | bench 401
2026-08-23 19:00:04,837:    DEBUG: matrix-commander: message_callback(): for room <nio.rooms.MatrixRoom object at 0x7f93c0f8f890> received this event: type: <class 'nio.events.room_events.RoomMessageText'>, event_id: $QuH6tm_3ZhQgsvOQenKZY0mJ7mKih6M70S5rvCegSkU, event: @dev:localhost: bench 402
2026-08-23 19:00:04,837:    DEBUG: matrix-commander: event.server_timestamp = 1787511432311
2026-08-23 19:00:04,837:    DEBUG: matrix-commander: event_datetime = 2026-08-23 18:57:12
2026-08-23 19:00:04,837:    DEBUG: matrix-commander: type(msg) = <class 'str'>. msg is a string
2026-08-23 19:00:04,837:    DEBUG: matrix-commander: Message received for room @dev:localhost [!bench:localhost] | sender @dev:localhost [@dev:localhost] | 2026-08-23 18:57:12 | bench 402
Message received for room @dev:localhost [!bench:localhost] | sender @dev:localhost [@dev:localhost] | 2026-08-23 18:57:12 | bench 402
2026-08-23 19:00:04,837:    DEBUG: matrix-commander: message_callback(): for room <nio.rooms.MatrixRoom object at 0x7f93c0f8f890> received this event: type: <class 'nio.events.room_events.RoomMessageText'>, event_id: $gmfHKqCdLvFc-bd8hxfPWyEoqEoHiWDBkwrg2880j_8, event: @dev:localhost: bench 403
2026-08-23 19:00:04,837:    DEBUG: matrix-commander: event.server_timestamp = 1787511432552
Message received for room @dev:localhost [!bench:localhost] | sender @dev:localhost [@dev:localhost] | 2026-08-23 18:57:12 | bench 403
Message received for room @dev:localhost [!bench:localhost] | sender @dev:localhost [@dev:localhost] | 2026-08-23 18:57:12 | bench 404
2026-08-23 19:00:04,838:    DEBUG: matrix-commander: event_datetime = 2026-08-23 18:57:12
2026-08-23 19:00:04,838:    DEBUG: matrix-commander: type(msg) = <class 'str'>. msg is a string
2026-08-23 19:00:04,838:    DEBUG: matrix-commander: Message received for room @dev:localhost [!bench:localhost] | sender @dev:localhost [@dev:localhost] | 2026-08-23 18:57:12 | bench 403
2026-08-23 19:00:04,838:    DEBUG: matrix-commander: message_callback(): for room <nio.rooms.MatrixRoom object at 0x7f93c0f8f890> received this event: type: <class 'nio.events.room_events.RoomMessageText'>, event_id: $-9rCNo9A4CcjV00FNkgLrsJVTePQhU5vjwXWmG2XBjQ, event: @dev:localhost: bench 404
2026-08-23 19:00:04,838:    DEBUG: matrix-commander: event.server_timestamp = 1787511432849
2026-08-23 19:00:04,838:    DEBUG: matrix-commander: event_datetime = 2026-08-23 18:57:12
2026-08-23 19:00:04,838:    DEBUG: matrix-commander: type(msg) = <class 'str'>. msg is a string
2026-08-23 19:00:04,838:    DEBUG: matrix-commander: Message received for room @dev:localhost [!bench:localhost] | sender @dev:localhost [@dev:localhost] | 2026-08-23 18:57:12 | bench 404
2026-08-23 19:00:04,838:    DEBUG: matrix-commander: message_callback(): for room <nio.rooms.MatrixRoom object at 0x7f93c0f8f890> received this event: type: <class 'nio.events.room_events.RoomMessageText'>, event_id: $-EDR2qR3q-xd2r9MasT5P9Z6X5XnXTagUGq0aj9B-jQ, event: @dev:localhost: bench 405
2026-08-23 19:00:04,838:    DEBUG: matrix-commander: event.server_timestamp = 1787511433076
2026-08-23 19:00:04,838:    DEBUG: matrix-commander: event_datetime = 2026-08-23 18:57:13
2026-08-23 19:00:04,838:    DEBUG: matrix-commander: type(msg) = <class 'str'>. msg is a string
2026-08-23 19:00:04,838:    DEBUG: matrix-commander: Message received for room @dev:localhost [!bench:localhost] | sender @dev:localhost [@dev:localhost] | 2026-08-23 18:57:13 | bench 405
Message received for room @dev:localhost [!bench:localhost] | sender @dev:localhost [@dev:localhost] | 2026-08-23 18:57:13 | bench 405
2026-08-23 19:00:04,838:    DEBUG: matrix-commander: message_callback(): for room <nio.rooms.MatrixRoom object at 0x7f93c0f8f890> received this event: type: <class 'nio.events.room_events.RoomMessageText'>, event_id: $HqmbY3GaDjwRtlpbdVLvGFhg0qnDDjCl6_5ahy2Ybtk, event: @dev:localhost: bench 406
2026-08-23 19:00:04,838:    DEBUG: matrix-commander: event.server_timestamp = 1787511433284
2026-08-23 19:00:04,838:    DEBUG: matrix-commander: event_datetime = 2026-08-23 18:57:13
2026-08-23 19:00:04,839:    DEBUG: matrix-commander: type(msg) = <class 'str'>. msg is a string
2026-08-23 19:00:04,839:    DEBUG: matrix-commander: Message received for room @dev:localhost [!bench:localhost] | sender @dev:localhost [@dev:localhost] | 2026-08-23 18:57:13 | bench 406
Message received for room @dev:localhost [!bench:localhost] | sender @dev:localhost [@dev:localhost] | 2026-08-23 18:57:13 | bench 406
2026-08-23 19:00:04,839:    DEBUG: matrix-commander: message_callback(): for room <nio.rooms.MatrixRoom object at 0x7f93c0f8f890> received this event: type: <class 'nio.events.room_events.RoomMessageText'>, event_id: $-sBNwv-OZ7QgV-BcV_kQxidb_IkrqiHsBxY_y3fEF0k, event: @dev:localhost: bench 407
2026-08-23 19:00:04,839:    DEBUG: matrix-commander: event.server_timestamp = 1787511433457
2026-08-23 19:00:04,839:    DEBUG: matrix-commander: event_datetime = 2026-08-23 18:57:13
2026-08-23 19:00:04,839:    DEBUG: matrix-commander: type(msg) = <class 'str'>. msg is a string
2026-08-23 19:00:04,839:    DEBUG: matrix-commander: Message received for room @dev:localhost [!bench:localhost] | sender @dev:localhost [@dev:localhost] | 2026-08-23 18:57:13 | bench 407
Message received for room @dev:localhost [!bench:localhost] | sender @dev:localhost [@dev:localhost] | 2026-08-23 18:57:13 | bench 407
2026-08-23 19:00:04,839:    DEBUG: matrix-commander: message_callback(): for room <nio.rooms.MatrixRoom object at 0x7f93c0f8f890> received this event: type: <class 'nio.events.room_events.RoomMessageText'>, event_id: $jcABUnSe-58EmUlNpNqsk4Ple_b5XS_n9hPNu4XT01E, event: @dev:localhost: bench 408
2026-08-23 19:00:04,839:    DEBUG: matrix-commander: event.server_timestamp = 1787511433634
2026-08-23 19:00:04,839:    DEBUG: matrix-commander: event_datetime = 2026-08-23 18:57:13
2026-08-23 19:00:04,839:    DEBUG: matrix-commander: type(msg) = <class 'str'>. msg is a string
2026-08-23 19:00:04,839:    DEBUG: matrix-commander: Message received for room @dev:localhost [!bench:localhost] | sender @dev:localhost [@dev:localhost] | 2026-08-23 18:57:13 | bench 408
Message received for room @dev:localhost [!bench:localhost] | sender @dev:localhost [@dev:localhost] | 2026-08-23 18:57:13 | bench 408
2026-08-23 19:00:04,839:    DEBUG: matrix-commander: message_callback(): for room <nio.rooms.MatrixRoom object at 0x7f93c0f8f890> received this event: type: <class 'nio.events.room_events.RoomMessageText'>, event_id: $q6FbbVCv-qrMHaZgPkwf3yZF2iw8h8ywU2EDPh3cnd0, event: @dev:localhost: bench 409
2026-08-23 19:00:04,839:    DEBUG: matrix-commander: event.server_timestamp = 1787511433814
2026-08-23 19:00:04,839:    DEBUG: matrix-commander: event_datetime = 2026-08-23 18:57:13
2026-08-23 19:00:04,839:    DEBUG: matrix-commander: type(msg) = <class 'str'>. msg is a string
2026-08-23 19:00:04,839:    DEBUG: matrix-commander: Message received for room @dev:localhost [!bench:localhost] | sender @dev:localhost [@dev:localhost] | 2026-08-23 18:57:13 | bench 409
Message received for room @dev:localhost [!bench:localhost] | sender @dev:localhost [@dev:localhost] | 2026-08-23 18:57:13 | bench 409
2026-08-23 19:00:04,840:    DEBUG: matrix-commander: message_callback(): for room <nio.rooms.MatrixRoom object at 0x7f93c0fbea50> received this event: type: <class 'nio.events.room_events.RoomMessageText'>, event_id: $pyvgH7mltJIgNmuNIIAz7ys9DOPZqL4vqwtiC0JfwvY, event: @dev:localhost: m1
2026-08-23 19:00:04,840:    DEBUG: matrix-commander: event.server_timestamp = 1787511435492
2026-08-23 19:00:04,840:    DEBUG: matrix-commander: event_datetime = 2026-08-23 18:57:15
2026-08-23 19:00:04,840:    DEBUG: matrix-commander: type(msg) = <class 'str'>. msg is a string
2026-08-23 19:00:04,840:    DEBUG: matrix-commander: Message received for room @dev:localhost [!t1:localhost] | sender @dev:localhost [@dev:localhost] | 2026-08-23 18:57:15 | m1
Message received for room @dev:localhost [!t1:localhost] | sender @dev:localhost [@dev:localhost] | 2026-08-23 18:57:15 | m1
2026-08-23 19:00:04,840:    DEBUG: matrix-commander: message_callback(): for room <nio.rooms.MatrixRoom object at 0x7f93c0fbea50> received this event: type: <class 'nio.events.room_events.RoomMessageText'>, event_id: $Cf9XN22h3raWkJisWaanZjCBMOZI2sdSdta0h9_xjlw, event: @dev:localhost: m2
2026-08-23 19:00:04,840:    DEBUG: matrix-commander: event.server_timestamp = 1787511435705
2026-08-23 19:00:04,840:    DEBUG: matrix-commander: event_datetime = 2026-08-23 18:57:15
2026-08-23 19:00:04,840:    DEBUG: matrix-commander: type(msg) = <class 'str'>. msg is a string
2026-08-23 19:00:04,840:    DEBUG: matrix-commander: Message received for room @dev:localhost [!t1:localhost] | sender @dev:localhost [@dev:localhost] | 2026-08-23 18:57:15 | m2
Message received for room @dev:localhost [!t1:localhost] | sender @dev:localhost [@dev:localhost] | 2026-08-23 18:57:15 | m2
2026-08-23 19:00:04,840:    DEBUG: matrix-commander: message_callback(): for room <nio.rooms.MatrixRoom object at 0x7f93c0fbea50> received this event: type: <class 'nio.events.room_events.RoomMessageText'>, event_id: $pQujQssd1kP5tcPIWHUnVOy2XI2fPmgLQotodVH4OBY, event: @dev:localhost: m3
2026-08-23 19:00:04,841:    DEBUG: matrix-commander: event.server_timestamp = 1787511435906
2026-08-23 19:00:04,841:    DEBUG: matrix-commander: event_datetime = 2026-08-23 18:57:15
2026-08-23 19:00:04,841:    DEBUG: matrix-commander: type(msg) = <class 'str'>. msg is a string
2026-08-23 19:00:04,841:    DEBUG: matrix-commander: Message received for room @dev:localhost [!t1:localhost] | sender @dev:localhost [@dev:localhost] | 2026-08-23 18:57:15 | m3
2026-08-23 19:00:04,841:    DEBUG: matrix-commander: message_callback(): for room <nio.rooms.MatrixRoom object at 0x7f93c0fbedd0> received this event: type: <class 'nio.events.room_events.RoomMessageText'>, event_id: $D4whq51WKl44RWsHCxOBP3K5r2IxnHkVXBbQzEPca4U, event: @dev:localhost: E1
Message received for room @dev:localhost [!t1:localhost] | sender @dev:localhost [@dev:localhost] | 2026-08-23 18:57:15 | m3
2026-08-23 19:00:04,841:    DEBUG: matrix-commander: event.server_timestamp = 500
2026-08-23 19:00:04,841:    DEBUG: matrix-commander: event_datetime = 1970-01-01 00:00:00
2026-08-23 19:00:04,841:    DEBUG: matrix-commander: type(msg) = <class 'str'>. msg is a string
Message received for room @dev:localhost [!t2:localhost] | sender @dev:localhost [@dev:localhost] | 1970-01-01 00:00:00 | E1
2026-08-23 19:00:04,841:    DEBUG: matrix-commander: Message received for room @dev:localhost [!t2:localhost] | sender @dev:localhost [@dev:localhost] | 1970-01-01 00:00:00 | E1
2026-08-23 19:00:04,841:    DEBUG: matrix-commander: message_callback(): for room <nio.rooms.MatrixRoom object at 0x7f93c0fbedd0> received this event: type: <class 'nio.events.room_events.RoomMessageText'>, event_id: $Lz5wHXzHR6kZGTBphq0WeREfdfB5f6M0-mvPnoW-TnY, event: @dev:localhost: E3
2026-08-23 19:00:04,841:    DEBUG: matrix-commander: event.server_timestamp = 3000
2026-08-23 19:00:04,841:    DEBUG: matrix-commander: event_datetime = 1970-01-01 00:00:03
2026-08-23 19:00:04,841:    DEBUG: matrix-commander: type(msg) = <class 'str'>. msg is a string
2026-08-23 19:00:04,841:    DEBUG: matrix-commander: Message received for room @dev:localhost [!t2:localhost] | sender @dev:localhost [@dev:localhost] | 1970-01-01 00:00:03 | E3
Message received for room @dev:localhost [!t2:localhost] | sender @dev:localhost [@dev:localhost] | 1970-01-01 00:00:03 | E3
2026-08-23 19:00:04,841:    DEBUG: matrix-commander: message_callback(): for room <nio.rooms.MatrixRoom object at 0x7f93c0fbf1d0> received this event: type: <class 'nio.events.room_events.RoomMessageText'>, event_id: $vo8lkc3u3ta272t67urkjfsdafaavld0, event: @dev:localhost: b1
2026-08-23 19:00:04,842:    DEBUG: matrix-commander: event.server_timestamp = 1787511440181
2026-08-23 19:00:04,842:    DEBUG: matrix-commander: event_datetime = 2026-08-23 18:57:20
2026-08-23 19:00:04,842:    DEBUG: matrix-commander: type(msg) = <class 'str'>. msg is a string
Message received for room @dev:localhost [!t3:localhost] | sender @dev:localhost [@dev:localhost] | 2026-08-23 18:57:20 | b1
2026-08-23 19:00:04,842:    DEBUG: matrix-commander: Message received for room @dev:localhost [!t3:localhost] | sender @dev:localhost [@dev:localhost] | 2026-08-23 18:57:20 | b1
2026-08-23 19:00:04,842:    DEBUG: matrix-commander: message_callback(): for room <nio.rooms.MatrixRoom object at 0x7f93c0fbf1d0> received this event: type: <class 'nio.events.room_events.RoomMessageText'>, event_id: $g2fc3q42k8d9886vqi1pv1i2g9ljcnpk, event: @dev:localhost: b2
2026-08-23 19:00:04,842:    DEBUG: matrix-commander: event.server_timestamp = 1787511440374
2026-08-23 19:00:04,842:    DEBUG: matrix-commander: event_datetime = 2026-08-23 18:57:20
2026-08-23 19:00:04,842:    DEBUG: matrix-commander: type(msg) = <class 'str'>. msg is a string
2026-08-23 19:00:04,842:    DEBUG: matrix-commander: Message received for room @dev:localhost [!t3:localhost] | sender @dev:localhost [@dev:localhost] | 2026-08-23 18:57:20 | b2
Message received for room @dev:localhost [!t3:localhost] | sender @dev:localhost [@dev:localhost] | 2026-08-23 18:57:20 | b2
2026-08-23 19:00:04,842:    DEBUG: matrix-commander: message_callback(): for room <nio.rooms.MatrixRoom object at 0x7f93c0fbf590> received this event: type: <class 'nio.events.room_events.RoomMessageText'>, event_id: $ruvG5TScb6_lYNroglhDRn03fUxUr5wXet4sXMLbGP8, event: @dev:localhost: E1
2026-08-23 19:00:04,842:    DEBUG: matrix-commander: event.server_timestamp = 1000
2026-08-23 19:00:04,842:    DEBUG: matrix-commander: event_datetime = 1970-01-01 00:00:01
2026-08-23 19:00:04,842:    DEBUG: matrix-commander: type(msg) = <class 'str'>. msg is a string
2026-08-23 19:00:04,842:    DEBUG: matrix-commander: Message received for room @dev:localhost [!t4:localhost] | sender @dev:localhost [@dev:localhost] | 1970-01-01 00:00:01 | E1
Message received for room @dev:localhost [!t4:localhost] | sender @dev:localhost [@dev:localhost] | 1970-01-01 00:00:01 | E1
2026-08-23 19:00:04,842:    DEBUG: matrix-commander: message_callback(): for room <nio.rooms.MatrixRoom object at 0x7f93c0fbf590> received this event: type: <class 'nio.events.room_events.RoomMessageText'>, event_id: $GrB7w6NY3vW2I3n0zYmDfJLYx30kRflfWOtlg19zUEg, event: @dev:localhost: E2
2026-08-23 19:00:04,842:    DEBUG: matrix-commander: event.server_timestamp = 1001
2026-08-23 19:00:04,842:    DEBUG: matrix-commander: event_datetime = 1970-01-01 00:00:01
2026-08-23 19:00:04,842:    DEBUG: matrix-commander: type(msg) = <class 'str'>. msg is a string
2026-08-23 19:00:04,842:    DEBUG: matrix-commander: Message received for room @dev:localhost [!t4:localhost] | sender @dev:localhost [@dev:localhost] | 1970-01-01 00:00:01 | E2
Message received for room @dev:localhost [!t4:localhost] | sender @dev:localhost [@dev:localhost] | 1970-01-01 00:00:01 | E2
2026-08-23 19:00:04,843:    DEBUG: matrix-commander: message_callback(): for room <nio.rooms.MatrixRoom object at 0x7f93c0fbf590> received this event: type: <class 'nio.events.room_events.RoomMessageText'>, event_id: $uYpfAhdrL2USCW49Styt9KCx2o2bfxRp_xuULVPNVfE, event: @dev:localhost: E3
2026-08-23 19:00:04,843:    DEBUG: matrix-commander: event.server_timestamp = 1002
2026-08-23 19:00:04,843:    DEBUG: matrix-commander: event_datetime = 1970-01-01 00:00:01
2026-08-23 19:00:04,843:    DEBUG: matrix-commander: type(msg) = <class 'str'>. msg is a string
2026-08-23 19:00:04,843:    DEBUG: matrix-commander: Message received for room @dev:localhost [!t4:localhost] | sender @dev:localhost [@dev:localhost] | 1970-01-01 00:00:01 | E3
Message received for room @dev:localhost [!t4:localhost] | sender @dev:localhost [@dev:localhost] | 1970-01-01 00:00:01 | E3
2026-08-23 19:00:04,843:    DEBUG: matrix-commander: message_callback(): for room <nio.rooms.MatrixRoom object at 0x7f93c0fbf950> received this event: type: <class 'nio.events.room_events.RoomMessageText'>, event_id: $fnd7684settnrnnpv12754tj41hej0i5, event: @dev:localhost: s1
2026-08-23 19:00:04,843:    DEBUG: matrix-commander: event.server_timestamp = 1787511443934
2026-08-23 19:00:04,843:    DEBUG: matrix-commander: event_datetime = 2026-08-23 18:57:23
2026-08-23 19:00:04,843:    DEBUG: matrix-commander: type(msg) = <class 'str'>. msg is a string
2026-08-23 19:00:04,843:    DEBUG: matrix-commander: Message received for room @dev:localhost [!t5:localhost] | sender @dev:localhost [@dev:localhost] | 2026-08-23 18:57:23 | s1
Message received for room @dev:localhost [!t5:localhost] | sender @dev:localhost [@dev:localhost] | 2026-08-23 18:57:23 | s1
2026-08-23 19:00:04,843:    DEBUG: matrix-commander: message_callback(): for room <nio.rooms.MatrixRoom object at 0x7f93c0fbf950> received this event: type: <class 'nio.events.room_events.RoomMessageText'>, event_id: $pklq97vkenat2eslptfo9dvvipkfh8er, event: @dev:localhost: s2
2026-08-23 19:00:04,843:    DEBUG: matrix-commander: event.server_timestamp = 1787511444132
2026-08-23 19:00:04,843:    DEBUG: matrix-commander: event_datetime = 2026-08-23 18:57:24
2026-08-23 19:00:04,843:    DEBUG: matrix-commander: type(msg) = <class 'str'>. msg is a string
2026-08-23 19:00:04,843:    DEBUG: matrix-commander: Message received for room @dev:localhost [!t5:localhost] | sender @dev:localhost [@dev:localhost] | 2026-08-23 18:57:24 | s2
Message received for room @dev:localhost [!t5:localhost] | sender @dev:localhost [@dev:localhost] | 2026-08-23 18:57:24 | s2
2026-08-23 19:00:04,843:    DEBUG: matrix-commander: message_callback(): for room <nio.rooms.MatrixRoom object at 0x7f93c0fbf950> received this event: type: <class 'nio.events.room_events.RoomMessageText'>, event_id: $sgan1mdnr5uj5mp1hg9ubens7ijm1s5s, event: @dev:localhost: s3
2026-08-23 19:00:04,843:    DEBUG: matrix-commander: event.server_timestamp = 1787511448492
2026-08-23 19:00:04,843:    DEBUG: matrix-commander: event_datetime = 2026-08-23 18:57:28
2026-08-23 19:00:04,843:    DEBUG: matrix-commander: type(msg) = <class 'str'>. msg is a string
2026-08-23 19:00:04,843:    DEBUG: matrix-commander: Message received for room @dev:localhost [!t5:localhost] | sender @dev:localhost [@dev:localhost] | 2026-08-23 18:57:28 | s3
Message received for room @dev:localhost [!t5:localhost] | sender @dev:localhost [@dev:localhost] | 2026-08-23 18:57:28 | s3
2026-08-23 19:00:04,844:    DEBUG: matrix-commander: message_callback(): for room <nio.rooms.MatrixRoom object at 0x7f93c0fbf950> received this event: type: <class 'nio.events.room_events.RoomMessageText'>, event_id: $gfcdad8ppoh0eivau809lu58l1elsfit, event: @dev:localhost: s4
2026-08-23 19:00:04,844:    DEBUG: matrix-commander: event.server_timestamp = 1787511449739
2026-08-23 19:00:04,844:    DEBUG: matrix-commander: event_datetime = 2026-08-23 18:57:29
2026-08-23 19:00:04,844:    DEBUG: matrix-commander: type(msg) = <class 'str'>. msg is a string
Message received for room @dev:localhost [!t5:localhost] | sender @dev:localhost [@dev:localhost] | 2026-08-23 18:57:29 | s4
2026-08-23 19:00:04,844:    DEBUG: matrix-commander: Message received for room @dev:localhost [!t5:localhost] | sender @dev:localhost [@dev:localhost] | 2026-08-23 18:57:29 | s4
2026-08-23 19:00:24,669:    DEBUG: matrix-commander: message_callback(): for room <nio.rooms.MatrixRoom object at 0x7f93c0f8cb50> received this event: type: <class 'nio.events.room_events.RoomMessageText'>, event_id: $kdhpdnvjtasmo5udtl88k2n9jlq5nknr, event: @bob:localhost: hello alice via doltgres
2026-08-23 19:00:24,669:    DEBUG: matrix-commander: event.server_timestamp = 1787511624252
2026-08-23 19:00:24,670:    DEBUG: matrix-commander: event_datetime = 2026-08-23 19:00:24
2026-08-23 19:00:24,670:    DEBUG: matrix-commander: type(msg) = <class 'str'>. msg is a string
Message received for room @dev:localhost [!73b4457d-1c9a-4fdf-ba39-2b766b8918b7:localhost] | sender bob [@bob:localhost] | 2026-08-23 19:00:24 | hello alice via doltgres
2026-08-23 19:00:24,670:    DEBUG: matrix-commander: Message received for room @dev:localhost [!73b4457d-1c9a-4fdf-ba39-2b766b8918b7:localhost] | sender bob [@bob:localhost] | 2026-08-23 19:00:24 | hello alice via doltgres
